id,name,gender
0,1745,unknown
1,Henry  Wilhelm,male
2,1747,unknown
3,1762,unknown
4,Valentyn  Metzger,male
5,1761,unknown
6,Christopher  Ermentraut,male
7,1764,unknown
8,George  Ermentraut,male
9,1769,unknown
10,1759,unknown
11,Henry  Preiss,male
12,1760,unknown
13,1753,unknown
14,Jacob  Nicholaus,male
15,1754,unknown
16,1756,unknown
17,1757,unknown
18,1766,unknown
19,1768,unknown
20,1772,unknown
21,1774,unknown
22,John Caspar Vogt,male
23,1763,unknown
24,Ic Van Gemuenden,unknown
25,Ludwig  Friedal,male
26,1765,unknown
27,Peter  Mueller,male
28,Frederick  Ermentraut,male
29,Jacob  Argebrecht,male
30,William  Manger,male
31,Henry  Ermentraut,male
32,Charles  Hederich,male
33,George Adam Mann,male
34,Jacob  Cropp,male
35,Jacob  Bentz,male
36,Jacob  Mueller,male
37,George  Mallo,male
38,1758,unknown
39,1776,unknown
40,1755,unknown
41,Jacob  Herrmann,male
42,1770,unknown
43,Frederick  Stoll,male
44,David  Magert,male
45,John  Hartman,male
46,1775,unknown
47,Daniel  Cropp,male
48,George  Schaeffer,male
49,Henry  Mallo,male
50,Martin  Finder,male
51,Daniel  Preiss,male
52,Philip  Lingel,male
53,John  Manger,male
54,George  Conrad,male
55,John  Heller,male
56,Peter  Ermentraut,male
57,Philip  Ermentraut,male
58,Adam  Heller,male
59,Theobald  Schramm,male
60,George  Lehmann,male
61,Christian  Geiger,male
62,Ludwig  Reinhardt,male
63,Michael  Koehler,male
64,John  Ermentraut,male
65,Sebastian  Nadler,male
66,Heinrich  Noll,male
67,John  Risch,male
68,Louis  Koehler,male
69,John  Tenner,male
70,Peter  Runckel,male
71,Conrad  Fotsch,male
72,Henry  Demuth,male
73,August  Preisch,male
74,John  Beyer,male
75,Adam  Pence,male
76,Abraham  Ruh,male
77,Martin  Schneider,male
78,1778,unknown
79,William  Heine,male
80,1781,unknown
81,1783,unknown
82,George Zimmermann Sr,male
83,1782,unknown
84,Augustin  Preisch,male
85,Frederick  Preisch,male
86,Louis  Runckel,male
87,Conrad  Preisch,male
88,Louis  Bekker,male
89,George  Weber,male
90,Garret  Beyer,male
91,Jacob  Kissling,male
92,Peter  Stein,male
93,1784,unknown
94,Charles  Schmidt,male
95,Augustin Prisch Jr,male
96,George Mallo Jr,male
97,Henry  Venus,male
98,John  Brett,male
99,Henry  Pence,male
100,John  Birke,male
101,George  Pence,male
102,John  Mildeberger,male
103,Henry  Cook,male
104,George  Risch,male
105,Peter  Niclas,male
106,1785,unknown
107,William  Michel,male
108,James  Frazor,male
109,1786,unknown
110,George  Kugler,male
111,Jacob  Kilssling,male
112,Michael  Mallo,male
113,1787,unknown
114,1788,unknown
115,Henry  Mueller,male
116,Peter  Nicholaus,male
117,Henry  Nicholaus,male
118,William  Kaul,male
119,Christopher  Hau,male
120,William  Jackson,male
121,1789,unknown
122,William  Michaels,male
123,Johannes  Heine,male
124,1791,unknown
125,Christopher  Wessels,male
126,1792,unknown
127,1793,unknown
128,John  Fey,male
129,Peter  Neu,male
130,1797,unknown
131,Henry  Zeller,male
132,1798,unknown
133,Jacob  Schaeffer,male
134,Adam  Flauers,male
135,Peter  Risch,male
136,George  Koehler,male
137,1799,unknown
138,Julis  Bertram,unknown
139,Daniel  Nummemacher,male
140,Peter  Reyer,male
141,Philip  Ruh,male
142,Peter  Oehler,male
143,Jacob  Niclas,male
144,1800,unknown
145,Jacog  Elichelbrech,unknown
146,Peter  Zeller,male
147,John  Zeller,male
148,Fr  Geiger,unknown
149,1801,unknown
150,August  Ermentraut,male
151,Anton  Saurbier,male
152,John  Zhrfass,male
153,John  Heine,male
154,Henry  Christ,male
155,John  Koehler,male
156,1802,unknown
157,Samuel  Geret,male
158,Henry  Hoerner,male
159,Elizabeth  Witmann,female
160,Elizabeth,unknown
161,Anton  Oehler,male
162,Catharina,unknown
163,Frederick  Preiss,male
164,Francis  Reiner,male
165,Christopher  Menner,male
166,Adam  Schillinger,male
167,Peter  Preiss,male
168,Conrad  Preiss,male
169,Henry  Kissling,male
170,Peter  Ahl,male
171,George  Wagener,male
172,1790,unknown
173,Jacob  Helmenthal,male
174,Christian  Luecke,male
175,Augustin  Ermentraut,male
176,1794,unknown
177,Augustin  Preiss,male
178,1795,unknown
179,Frederick  Geiger,male
180,Philip  Reyer,male
181,Edward  Hatfield,male
182,1796,unknown
183,Henry  Koenig,male
184,Christopher  Werbel,male
185,Jacob  Heyl,male
186,James  Smith,male
187,John  Oche,male
188,Daniel  Nunnemacher,male
189,John George Koehler,male
190,Jacob  Algebrecht,male
191,Christopher  Kirchhoff,male
192,John  Pence,male
193,Jacob  Reb,male
194,Gottfried  Spilky,male
195,Thomas  Brill,male
196,Christian  Bekker,male
