{
  "directed": false,
  "graph": {},
  "links": [
    {
      "end": 22,
      "source": 3,
      "start": 2,
      "target": 4
    },
    {
      "end": 24,
      "source": 3,
      "start": 4,
      "target": 6
    },
    {
      "end": 34,
      "source": 3,
      "start": 14,
      "target": 14
    },
    {
      "end": 43,
      "source": 3,
      "start": 23,
      "target": 25
    },
    {
      "end": 108,
      "source": 3,
      "start": 88,
      "target": 162
    },
    {
      "end": 52,
      "source": 4,
      "start": 32,
      "target": 7
    },
    {
      "end": 23,
      "source": 5,
      "start": 3,
      "target": 6
    },
    {
      "end": 41,
      "source": 5,
      "start": 21,
      "target": 22
    },
    {
      "end": 69,
      "source": 5,
      "start": 49,
      "target": 160
    },
    {
      "end": 247,
      "source": 6,
      "start": 227,
      "target": 130
    },
    {
      "end": 25,
      "source": 7,
      "start": 5,
      "target": 8
    },
    {
      "end": 35,
      "source": 7,
      "start": 15,
      "target": 14
    },
    {
      "end": 59,
      "source": 7,
      "start": 39,
      "target": 35
    },
    {
      "end": 53,
      "source": 7,
      "start": 33,
      "target": 159
    },
    {
      "end": 109,
      "source": 7,
      "start": 89,
      "target": 162
    },
    {
      "end": 26,
      "source": 8,
      "start": 6,
      "target": 9
    },
    {
      "end": 57,
      "source": 8,
      "start": 37,
      "target": 23
    },
    {
      "end": 38,
      "source": 9,
      "start": 18,
      "target": 14
    },
    {
      "end": 51,
      "source": 9,
      "start": 31,
      "target": 31
    },
    {
      "end": 111,
      "source": 9,
      "start": 91,
      "target": 162
    },
    {
      "end": 27,
      "source": 10,
      "start": 7,
      "target": 11
    },
    {
      "end": 68,
      "source": 10,
      "start": 48,
      "target": 41
    },
    {
      "end": 107,
      "source": 10,
      "start": 87,
      "target": 161
    },
    {
      "end": 28,
      "source": 11,
      "start": 8,
      "target": 12
    },
    {
      "end": 33,
      "source": 12,
      "start": 13,
      "target": 14
    },
    {
      "end": 29,
      "source": 13,
      "start": 9,
      "target": 14
    },
    {
      "end": 30,
      "source": 14,
      "start": 10,
      "target": 15
    },
    {
      "end": 31,
      "source": 14,
      "start": 11,
      "target": 16
    },
    {
      "end": 32,
      "source": 14,
      "start": 12,
      "target": 17
    },
    {
      "end": 36,
      "source": 14,
      "start": 16,
      "target": 18
    },
    {
      "end": 37,
      "source": 14,
      "start": 17,
      "target": 19
    },
    {
      "end": 39,
      "source": 14,
      "start": 19,
      "target": 20
    },
    {
      "end": 40,
      "source": 14,
      "start": 20,
      "target": 21
    },
    {
      "end": 62,
      "source": 17,
      "start": 42,
      "target": 37
    },
    {
      "end": 67,
      "source": 17,
      "start": 47,
      "target": 41
    },
    {
      "end": 106,
      "source": 17,
      "start": 86,
      "target": 161
    },
    {
      "end": 71,
      "source": 18,
      "start": 51,
      "target": 160
    },
    {
      "end": 110,
      "source": 18,
      "start": 90,
      "target": 162
    },
    {
      "end": 113,
      "source": 20,
      "start": 93,
      "target": 75
    },
    {
      "end": 114,
      "source": 20,
      "start": 94,
      "target": 76
    },
    {
      "end": 115,
      "source": 20,
      "start": 95,
      "target": 77
    },
    {
      "end": 112,
      "source": 20,
      "start": 92,
      "target": 162
    },
    {
      "end": 42,
      "source": 23,
      "start": 22,
      "target": 24
    },
    {
      "end": 46,
      "source": 23,
      "start": 26,
      "target": 28
    },
    {
      "end": 47,
      "source": 23,
      "start": 27,
      "target": 29
    },
    {
      "end": 58,
      "source": 23,
      "start": 38,
      "target": 35
    },
    {
      "end": 64,
      "source": 23,
      "start": 44,
      "target": 37
    },
    {
      "end": 70,
      "source": 23,
      "start": 50,
      "target": 160
    },
    {
      "end": 44,
      "source": 26,
      "start": 24,
      "target": 27
    },
    {
      "end": 45,
      "source": 26,
      "start": 25,
      "target": 28
    },
    {
      "end": 48,
      "source": 26,
      "start": 28,
      "target": 29
    },
    {
      "end": 49,
      "source": 26,
      "start": 29,
      "target": 30
    },
    {
      "end": 50,
      "source": 26,
      "start": 30,
      "target": 31
    },
    {
      "end": 54,
      "source": 26,
      "start": 34,
      "target": 32
    },
    {
      "end": 55,
      "source": 26,
      "start": 35,
      "target": 33
    },
    {
      "end": 56,
      "source": 26,
      "start": 36,
      "target": 34
    },
    {
      "end": 60,
      "source": 26,
      "start": 40,
      "target": 36
    },
    {
      "end": 61,
      "source": 26,
      "start": 41,
      "target": 37
    },
    {
      "end": 95,
      "source": 27,
      "start": 75,
      "target": 39
    },
    {
      "end": 149,
      "source": 27,
      "start": 129,
      "target": 106
    },
    {
      "end": 156,
      "source": 27,
      "start": 136,
      "target": 109
    },
    {
      "end": 165,
      "source": 27,
      "start": 145,
      "target": 114
    },
    {
      "end": 183,
      "source": 27,
      "start": 163,
      "target": 124
    },
    {
      "end": 256,
      "source": 27,
      "start": 236,
      "target": 130
    },
    {
      "end": 285,
      "source": 27,
      "start": 265,
      "target": 144
    },
    {
      "end": 299,
      "source": 27,
      "start": 279,
      "target": 149
    },
    {
      "end": 206,
      "source": 27,
      "start": 186,
      "target": 126
    },
    {
      "end": 222,
      "source": 27,
      "start": 202,
      "target": 176
    },
    {
      "end": 227,
      "source": 27,
      "start": 207,
      "target": 182
    },
    {
      "end": 272,
      "source": 28,
      "start": 252,
      "target": 137
    },
    {
      "end": 296,
      "source": 28,
      "start": 276,
      "target": 149
    },
    {
      "end": 226,
      "source": 28,
      "start": 206,
      "target": 182
    },
    {
      "end": 73,
      "source": 33,
      "start": 53,
      "target": 39
    },
    {
      "end": 141,
      "source": 33,
      "start": 121,
      "target": 81
    },
    {
      "end": 63,
      "source": 37,
      "start": 43,
      "target": 38
    },
    {
      "end": 65,
      "source": 37,
      "start": 45,
      "target": 39
    },
    {
      "end": 155,
      "source": 37,
      "start": 135,
      "target": 109
    },
    {
      "end": 175,
      "source": 37,
      "start": 155,
      "target": 114
    },
    {
      "end": 186,
      "source": 37,
      "start": 166,
      "target": 126
    },
    {
      "end": 288,
      "source": 37,
      "start": 268,
      "target": 144
    },
    {
      "end": 254,
      "source": 37,
      "start": 234,
      "target": 130
    },
    {
      "end": 74,
      "source": 39,
      "start": 54,
      "target": 44
    },
    {
      "end": 75,
      "source": 39,
      "start": 55,
      "target": 45
    },
    {
      "end": 79,
      "source": 39,
      "start": 59,
      "target": 50
    },
    {
      "end": 80,
      "source": 39,
      "start": 60,
      "target": 51
    },
    {
      "end": 81,
      "source": 39,
      "start": 61,
      "target": 52
    },
    {
      "end": 82,
      "source": 39,
      "start": 62,
      "target": 53
    },
    {
      "end": 83,
      "source": 39,
      "start": 63,
      "target": 54
    },
    {
      "end": 84,
      "source": 39,
      "start": 64,
      "target": 55
    },
    {
      "end": 85,
      "source": 39,
      "start": 65,
      "target": 56
    },
    {
      "end": 86,
      "source": 39,
      "start": 66,
      "target": 57
    },
    {
      "end": 87,
      "source": 39,
      "start": 67,
      "target": 58
    },
    {
      "end": 88,
      "source": 39,
      "start": 68,
      "target": 59
    },
    {
      "end": 89,
      "source": 39,
      "start": 69,
      "target": 60
    },
    {
      "end": 90,
      "source": 39,
      "start": 70,
      "target": 61
    },
    {
      "end": 91,
      "source": 39,
      "start": 71,
      "target": 62
    },
    {
      "end": 92,
      "source": 39,
      "start": 72,
      "target": 63
    },
    {
      "end": 93,
      "source": 39,
      "start": 73,
      "target": 64
    },
    {
      "end": 94,
      "source": 39,
      "start": 74,
      "target": 65
    },
    {
      "end": 96,
      "source": 39,
      "start": 76,
      "target": 66
    },
    {
      "end": 97,
      "source": 39,
      "start": 77,
      "target": 67
    },
    {
      "end": 98,
      "source": 39,
      "start": 78,
      "target": 68
    },
    {
      "end": 99,
      "source": 39,
      "start": 79,
      "target": 69
    },
    {
      "end": 100,
      "source": 39,
      "start": 80,
      "target": 70
    },
    {
      "end": 101,
      "source": 39,
      "start": 81,
      "target": 71
    },
    {
      "end": 102,
      "source": 39,
      "start": 82,
      "target": 72
    },
    {
      "end": 103,
      "source": 39,
      "start": 83,
      "target": 73
    },
    {
      "end": 66,
      "source": 40,
      "start": 46,
      "target": 41
    },
    {
      "end": 105,
      "source": 40,
      "start": 85,
      "target": 161
    },
    {
      "end": 137,
      "source": 41,
      "start": 117,
      "target": 81
    },
    {
      "end": 210,
      "source": 45,
      "start": 190,
      "target": 127
    },
    {
      "end": 76,
      "source": 46,
      "start": 56,
      "target": 47
    },
    {
      "end": 77,
      "source": 46,
      "start": 57,
      "target": 48
    },
    {
      "end": 78,
      "source": 46,
      "start": 58,
      "target": 49
    },
    {
      "end": 104,
      "source": 46,
      "start": 84,
      "target": 74
    },
    {
      "end": 136,
      "source": 61,
      "start": 116,
      "target": 93
    },
    {
      "end": 178,
      "source": 61,
      "start": 158,
      "target": 121
    },
    {
      "end": 192,
      "source": 61,
      "start": 172,
      "target": 124
    },
    {
      "end": 265,
      "source": 61,
      "start": 245,
      "target": 132
    },
    {
      "end": 199,
      "source": 64,
      "start": 179,
      "target": 172
    },
    {
      "end": 121,
      "source": 67,
      "start": 101,
      "target": 81
    },
    {
      "end": 182,
      "source": 67,
      "start": 162,
      "target": 121
    },
    {
      "end": 185,
      "source": 67,
      "start": 165,
      "target": 124
    },
    {
      "end": 204,
      "source": 67,
      "start": 184,
      "target": 127
    },
    {
      "end": 221,
      "source": 67,
      "start": 201,
      "target": 178
    },
    {
      "end": 117,
      "source": 74,
      "start": 97,
      "target": 80
    },
    {
      "end": 152,
      "source": 74,
      "start": 132,
      "target": 106
    },
    {
      "end": 212,
      "source": 74,
      "start": 192,
      "target": 127
    },
    {
      "end": 169,
      "source": 75,
      "start": 149,
      "target": 114
    },
    {
      "end": 153,
      "source": 76,
      "start": 133,
      "target": 106
    },
    {
      "end": 145,
      "source": 77,
      "start": 125,
      "target": 93
    },
    {
      "end": 176,
      "source": 77,
      "start": 156,
      "target": 114
    },
    {
      "end": 205,
      "source": 77,
      "start": 185,
      "target": 127
    },
    {
      "end": 120,
      "source": 81,
      "start": 100,
      "target": 82
    },
    {
      "end": 138,
      "source": 81,
      "start": 118,
      "target": 99
    },
    {
      "end": 139,
      "source": 81,
      "start": 119,
      "target": 100
    },
    {
      "end": 140,
      "source": 81,
      "start": 120,
      "target": 101
    },
    {
      "end": 122,
      "source": 83,
      "start": 102,
      "target": 84
    },
    {
      "end": 123,
      "source": 83,
      "start": 103,
      "target": 85
    },
    {
      "end": 124,
      "source": 83,
      "start": 104,
      "target": 86
    },
    {
      "end": 125,
      "source": 83,
      "start": 105,
      "target": 87
    },
    {
      "end": 126,
      "source": 83,
      "start": 106,
      "target": 88
    },
    {
      "end": 127,
      "source": 83,
      "start": 107,
      "target": 89
    },
    {
      "end": 128,
      "source": 83,
      "start": 108,
      "target": 90
    },
    {
      "end": 129,
      "source": 83,
      "start": 109,
      "target": 91
    },
    {
      "end": 130,
      "source": 83,
      "start": 110,
      "target": 92
    },
    {
      "end": 170,
      "source": 84,
      "start": 150,
      "target": 113
    },
    {
      "end": 148,
      "source": 85,
      "start": 128,
      "target": 106
    },
    {
      "end": 147,
      "source": 87,
      "start": 127,
      "target": 106
    },
    {
      "end": 161,
      "source": 87,
      "start": 141,
      "target": 109
    },
    {
      "end": 174,
      "source": 87,
      "start": 154,
      "target": 114
    },
    {
      "end": 177,
      "source": 91,
      "start": 157,
      "target": 114
    },
    {
      "end": 201,
      "source": 91,
      "start": 181,
      "target": 126
    },
    {
      "end": 236,
      "source": 91,
      "start": 216,
      "target": 182
    },
    {
      "end": 131,
      "source": 93,
      "start": 111,
      "target": 94
    },
    {
      "end": 132,
      "source": 93,
      "start": 112,
      "target": 95
    },
    {
      "end": 133,
      "source": 93,
      "start": 113,
      "target": 96
    },
    {
      "end": 134,
      "source": 93,
      "start": 114,
      "target": 97
    },
    {
      "end": 135,
      "source": 93,
      "start": 115,
      "target": 98
    },
    {
      "end": 142,
      "source": 93,
      "start": 122,
      "target": 102
    },
    {
      "end": 143,
      "source": 93,
      "start": 123,
      "target": 103
    },
    {
      "end": 144,
      "source": 93,
      "start": 124,
      "target": 104
    },
    {
      "end": 146,
      "source": 93,
      "start": 126,
      "target": 105
    },
    {
      "end": 154,
      "source": 94,
      "start": 134,
      "target": 106
    },
    {
      "end": 162,
      "source": 94,
      "start": 142,
      "target": 113
    },
    {
      "end": 181,
      "source": 94,
      "start": 161,
      "target": 121
    },
    {
      "end": 160,
      "source": 95,
      "start": 140,
      "target": 109
    },
    {
      "end": 282,
      "source": 99,
      "start": 262,
      "target": 144
    },
    {
      "end": 150,
      "source": 106,
      "start": 130,
      "target": 107
    },
    {
      "end": 151,
      "source": 106,
      "start": 131,
      "target": 108
    },
    {
      "end": 157,
      "source": 109,
      "start": 137,
      "target": 110
    },
    {
      "end": 158,
      "source": 109,
      "start": 138,
      "target": 111
    },
    {
      "end": 159,
      "source": 109,
      "start": 139,
      "target": 112
    },
    {
      "end": 164,
      "source": 113,
      "start": 144,
      "target": 116
    },
    {
      "end": 167,
      "source": 113,
      "start": 147,
      "target": 118
    },
    {
      "end": 168,
      "source": 113,
      "start": 148,
      "target": 119
    },
    {
      "end": 172,
      "source": 113,
      "start": 152,
      "target": 120
    },
    {
      "end": 163,
      "source": 114,
      "start": 143,
      "target": 115
    },
    {
      "end": 166,
      "source": 114,
      "start": 146,
      "target": 117
    },
    {
      "end": 171,
      "source": 114,
      "start": 151,
      "target": 116
    },
    {
      "end": 173,
      "source": 114,
      "start": 153,
      "target": 120
    },
    {
      "end": 200,
      "source": 115,
      "start": 180,
      "target": 124
    },
    {
      "end": 187,
      "source": 119,
      "start": 167,
      "target": 124
    },
    {
      "end": 179,
      "source": 121,
      "start": 159,
      "target": 122
    },
    {
      "end": 180,
      "source": 121,
      "start": 160,
      "target": 123
    },
    {
      "end": 211,
      "source": 123,
      "start": 191,
      "target": 127
    },
    {
      "end": 249,
      "source": 123,
      "start": 229,
      "target": 130
    },
    {
      "end": 184,
      "source": 124,
      "start": 164,
      "target": 125
    },
    {
      "end": 188,
      "source": 124,
      "start": 168,
      "target": 163
    },
    {
      "end": 190,
      "source": 124,
      "start": 170,
      "target": 165
    },
    {
      "end": 191,
      "source": 124,
      "start": 171,
      "target": 166
    },
    {
      "end": 303,
      "source": 125,
      "start": 283,
      "target": 156
    },
    {
      "end": 237,
      "source": 125,
      "start": 217,
      "target": 182
    },
    {
      "end": 189,
      "source": 126,
      "start": 169,
      "target": 164
    },
    {
      "end": 193,
      "source": 126,
      "start": 173,
      "target": 167
    },
    {
      "end": 194,
      "source": 126,
      "start": 174,
      "target": 168
    },
    {
      "end": 195,
      "source": 126,
      "start": 175,
      "target": 169
    },
    {
      "end": 196,
      "source": 126,
      "start": 176,
      "target": 170
    },
    {
      "end": 197,
      "source": 126,
      "start": 177,
      "target": 171
    },
    {
      "end": 202,
      "source": 126,
      "start": 182,
      "target": 173
    },
    {
      "end": 203,
      "source": 126,
      "start": 183,
      "target": 174
    },
    {
      "end": 208,
      "source": 127,
      "start": 188,
      "target": 128
    },
    {
      "end": 209,
      "source": 127,
      "start": 189,
      "target": 129
    },
    {
      "end": 207,
      "source": 127,
      "start": 187,
      "target": 175
    },
    {
      "end": 251,
      "source": 130,
      "start": 231,
      "target": 131
    },
    {
      "end": 246,
      "source": 130,
      "start": 226,
      "target": 190
    },
    {
      "end": 250,
      "source": 130,
      "start": 230,
      "target": 191
    },
    {
      "end": 252,
      "source": 130,
      "start": 232,
      "target": 192
    },
    {
      "end": 253,
      "source": 130,
      "start": 233,
      "target": 180
    },
    {
      "end": 259,
      "source": 130,
      "start": 239,
      "target": 171
    },
    {
      "end": 266,
      "source": 130,
      "start": 246,
      "target": 194
    },
    {
      "end": 258,
      "source": 132,
      "start": 238,
      "target": 133
    },
    {
      "end": 269,
      "source": 132,
      "start": 249,
      "target": 134
    },
    {
      "end": 270,
      "source": 132,
      "start": 250,
      "target": 135
    },
    {
      "end": 271,
      "source": 132,
      "start": 251,
      "target": 136
    },
    {
      "end": 277,
      "source": 132,
      "start": 257,
      "target": 142
    },
    {
      "end": 278,
      "source": 132,
      "start": 258,
      "target": 143
    },
    {
      "end": 257,
      "source": 132,
      "start": 237,
      "target": 164
    },
    {
      "end": 261,
      "source": 132,
      "start": 241,
      "target": 193
    },
    {
      "end": 263,
      "source": 132,
      "start": 243,
      "target": 138
    },
    {
      "end": 264,
      "source": 132,
      "start": 244,
      "target": 153
    },
    {
      "end": 267,
      "source": 132,
      "start": 247,
      "target": 195
    },
    {
      "end": 286,
      "source": 136,
      "start": 266,
      "target": 144
    },
    {
      "end": 301,
      "source": 136,
      "start": 281,
      "target": 156
    },
    {
      "end": 273,
      "source": 137,
      "start": 253,
      "target": 138
    },
    {
      "end": 274,
      "source": 137,
      "start": 254,
      "target": 139
    },
    {
      "end": 275,
      "source": 137,
      "start": 255,
      "target": 140
    },
    {
      "end": 276,
      "source": 137,
      "start": 256,
      "target": 141
    },
    {
      "end": 279,
      "source": 137,
      "start": 259,
      "target": 143
    },
    {
      "end": 291,
      "source": 138,
      "start": 271,
      "target": 149
    },
    {
      "end": 242,
      "source": 138,
      "start": 222,
      "target": 182
    },
    {
      "end": 295,
      "source": 142,
      "start": 275,
      "target": 149
    },
    {
      "end": 289,
      "source": 143,
      "start": 269,
      "target": 149
    },
    {
      "end": 281,
      "source": 144,
      "start": 261,
      "target": 145
    },
    {
      "end": 283,
      "source": 144,
      "start": 263,
      "target": 146
    },
    {
      "end": 284,
      "source": 144,
      "start": 264,
      "target": 147
    },
    {
      "end": 287,
      "source": 144,
      "start": 267,
      "target": 148
    },
    {
      "end": 280,
      "source": 144,
      "start": 260,
      "target": 164
    },
    {
      "end": 234,
      "source": 147,
      "start": 214,
      "target": 182
    },
    {
      "end": 290,
      "source": 149,
      "start": 270,
      "target": 150
    },
    {
      "end": 292,
      "source": 149,
      "start": 272,
      "target": 151
    },
    {
      "end": 293,
      "source": 149,
      "start": 273,
      "target": 152
    },
    {
      "end": 294,
      "source": 149,
      "start": 274,
      "target": 153
    },
    {
      "end": 297,
      "source": 149,
      "start": 277,
      "target": 154
    },
    {
      "end": 298,
      "source": 149,
      "start": 278,
      "target": 155
    },
    {
      "end": 302,
      "source": 156,
      "start": 282,
      "target": 157
    },
    {
      "end": 304,
      "source": 156,
      "start": 284,
      "target": 158
    },
    {
      "end": 300,
      "source": 156,
      "start": 280,
      "target": 196
    },
    {
      "end": 213,
      "source": 163,
      "start": 193,
      "target": 176
    },
    {
      "end": 215,
      "source": 164,
      "start": 195,
      "target": 176
    },
    {
      "end": 225,
      "source": 164,
      "start": 205,
      "target": 178
    },
    {
      "end": 198,
      "source": 167,
      "start": 178,
      "target": 172
    },
    {
      "end": 216,
      "source": 167,
      "start": 196,
      "target": 176
    },
    {
      "end": 214,
      "source": 168,
      "start": 194,
      "target": 176
    },
    {
      "end": 217,
      "source": 171,
      "start": 197,
      "target": 176
    },
    {
      "end": 223,
      "source": 171,
      "start": 203,
      "target": 178
    },
    {
      "end": 229,
      "source": 174,
      "start": 209,
      "target": 182
    },
    {
      "end": 218,
      "source": 176,
      "start": 198,
      "target": 177
    },
    {
      "end": 219,
      "source": 178,
      "start": 199,
      "target": 179
    },
    {
      "end": 220,
      "source": 178,
      "start": 200,
      "target": 180
    },
    {
      "end": 224,
      "source": 178,
      "start": 204,
      "target": 181
    },
    {
      "end": 231,
      "source": 178,
      "start": 211,
      "target": 184
    },
    {
      "end": 233,
      "source": 178,
      "start": 213,
      "target": 185
    },
    {
      "end": 228,
      "source": 182,
      "start": 208,
      "target": 183
    },
    {
      "end": 232,
      "source": 182,
      "start": 212,
      "target": 185
    },
    {
      "end": 235,
      "source": 182,
      "start": 215,
      "target": 186
    },
    {
      "end": 243,
      "source": 182,
      "start": 223,
      "target": 187
    },
    {
      "end": 240,
      "source": 182,
      "start": 220,
      "target": 188
    },
    {
      "end": 244,
      "source": 182,
      "start": 224,
      "target": 189
    }
  ],
  "multigraph": false,
  "nodes": [
    {
      "betweenness": 0,
      "bridge": "male_bridge",
      "degree": 5,
      "end": 108,
      "gender": "unknown",
      "id": 3,
      "modularity": 0,
      "name": "1762",
      "race": "white"
    },
    {
      "betweenness": 0,
      "bridge": "false",
      "degree": 2,
      "end": 52,
      "gender": "male",
      "id": 4,
      "modularity": 0,
      "name": "Valentyn  Metzger",
      "race": "white"
    },
    {
      "betweenness": 0,
      "bridge": "male_bridge",
      "degree": 3,
      "end": 69,
      "gender": "unknown",
      "id": 5,
      "modularity": 0,
      "name": "1761",
      "race": "white"
    },
    {
      "betweenness": 0,
      "bridge": "false",
      "degree": 3,
      "end": 247,
      "gender": "male",
      "id": 6,
      "modularity": 0,
      "name": "Christopher  Ermentraut",
      "race": "white"
    },
    {
      "betweenness": 0,
      "bridge": "male_bridge",
      "degree": 6,
      "end": 109,
      "gender": "unknown",
      "id": 7,
      "modularity": 0,
      "name": "1764",
      "race": "white"
    },
    {
      "betweenness": 0,
      "bridge": "false",
      "degree": 3,
      "end": 57,
      "gender": "male",
      "id": 8,
      "modularity": 0,
      "name": "George  Ermentraut",
      "race": "white"
    },
    {
      "betweenness": 0,
      "bridge": "false",
      "degree": 4,
      "end": 111,
      "gender": "unknown",
      "id": 9,
      "modularity": 0,
      "name": "1769",
      "race": "white"
    },
    {
      "betweenness": 0,
      "bridge": "false",
      "degree": 3,
      "end": 107,
      "gender": "unknown",
      "id": 10,
      "modularity": 1,
      "name": "1759",
      "race": "white"
    },
    {
      "betweenness": 0,
      "bridge": "false",
      "degree": 2,
      "end": 28,
      "gender": "male",
      "id": 11,
      "modularity": 1,
      "name": "Henry  Preiss",
      "race": "white"
    },
    {
      "betweenness": 0,
      "bridge": "false",
      "degree": 2,
      "end": 33,
      "gender": "unknown",
      "id": 12,
      "modularity": 1,
      "name": "1760",
      "race": "white"
    },
    {
      "betweenness": 0,
      "bridge": "false",
      "degree": 1,
      "end": 29,
      "gender": "unknown",
      "id": 13,
      "modularity": 0,
      "name": "1753",
      "race": "white"
    },
    {
      "betweenness": 0,
      "bridge": "male_bridge",
      "degree": 12,
      "end": 40,
      "gender": "male",
      "id": 14,
      "modularity": 0,
      "name": "Jacob  Nicholaus",
      "race": "white"
    },
    {
      "betweenness": 0,
      "bridge": "false",
      "degree": 1,
      "end": 30,
      "gender": "unknown",
      "id": 15,
      "modularity": 0,
      "name": "1754",
      "race": "white"
    },
    {
      "betweenness": 0,
      "bridge": "false",
      "degree": 1,
      "end": 31,
      "gender": "unknown",
      "id": 16,
      "modularity": 0,
      "name": "1756",
      "race": "white"
    },
    {
      "betweenness": 0,
      "bridge": "false",
      "degree": 4,
      "end": 106,
      "gender": "unknown",
      "id": 17,
      "modularity": 1,
      "name": "1757",
      "race": "white"
    },
    {
      "betweenness": 0,
      "bridge": "false",
      "degree": 3,
      "end": 110,
      "gender": "unknown",
      "id": 18,
      "modularity": 0,
      "name": "1766",
      "race": "white"
    },
    {
      "betweenness": 0,
      "bridge": "false",
      "degree": 1,
      "end": 37,
      "gender": "unknown",
      "id": 19,
      "modularity": 0,
      "name": "1768",
      "race": "white"
    },
    {
      "betweenness": 0,
      "bridge": "false",
      "degree": 5,
      "end": 115,
      "gender": "unknown",
      "id": 20,
      "modularity": 4,
      "name": "1772",
      "race": "white"
    },
    {
      "betweenness": 0,
      "bridge": "false",
      "degree": 1,
      "end": 40,
      "gender": "unknown",
      "id": 21,
      "modularity": 0,
      "name": "1774",
      "race": "white"
    },
    {
      "betweenness": 0,
      "bridge": "false",
      "degree": 1,
      "end": 41,
      "gender": "male",
      "id": 22,
      "modularity": 0,
      "name": "John Caspar Vogt",
      "race": "white"
    },
    {
      "betweenness": 0,
      "bridge": "male_bridge",
      "degree": 7,
      "end": 70,
      "gender": "unknown",
      "id": 23,
      "modularity": 3,
      "name": "1763",
      "race": "white"
    },
    {
      "betweenness": 0,
      "bridge": "false",
      "degree": 1,
      "end": 42,
      "gender": "unknown",
      "id": 24,
      "modularity": 3,
      "name": "Ic Van Gemuenden",
      "race": "white"
    },
    {
      "betweenness": 0,
      "bridge": "false",
      "degree": 1,
      "end": 43,
      "gender": "male",
      "id": 25,
      "modularity": 0,
      "name": "Ludwig  Friedal",
      "race": "white"
    },
    {
      "betweenness": 0,
      "bridge": "male_bridge",
      "degree": 10,
      "end": 61,
      "gender": "unknown",
      "id": 26,
      "modularity": 3,
      "name": "1765",
      "race": "white"
    },
    {
      "betweenness": 0,
      "bridge": "false",
      "degree": 12,
      "end": 299,
      "gender": "male",
      "id": 27,
      "modularity": 4,
      "name": "Peter  Mueller",
      "race": "white"
    },
    {
      "betweenness": 0,
      "bridge": "false",
      "degree": 5,
      "end": 296,
      "gender": "male",
      "id": 28,
      "modularity": 3,
      "name": "Frederick  Ermentraut",
      "race": "white"
    },
    {
      "betweenness": 0,
      "bridge": "false",
      "degree": 2,
      "end": 48,
      "gender": "male",
      "id": 29,
      "modularity": 3,
      "name": "Jacob  Argebrecht",
      "race": "white"
    },
    {
      "betweenness": 0,
      "bridge": "false",
      "degree": 1,
      "end": 49,
      "gender": "male",
      "id": 30,
      "modularity": 3,
      "name": "William  Manger",
      "race": "white"
    },
    {
      "betweenness": 0,
      "bridge": "false",
      "degree": 2,
      "end": 51,
      "gender": "male",
      "id": 31,
      "modularity": 0,
      "name": "Henry  Ermentraut",
      "race": "white"
    },
    {
      "betweenness": 0,
      "bridge": "false",
      "degree": 1,
      "end": 54,
      "gender": "male",
      "id": 32,
      "modularity": 3,
      "name": "Charles  Hederich",
      "race": "white"
    },
    {
      "betweenness": 0,
      "bridge": "false",
      "degree": 3,
      "end": 141,
      "gender": "male",
      "id": 33,
      "modularity": 3,
      "name": "George Adam Mann",
      "race": "white"
    },
    {
      "betweenness": 0,
      "bridge": "false",
      "degree": 1,
      "end": 56,
      "gender": "male",
      "id": 34,
      "modularity": 3,
      "name": "Jacob  Cropp",
      "race": "white"
    },
    {
      "betweenness": 0,
      "bridge": "false",
      "degree": 2,
      "end": 59,
      "gender": "male",
      "id": 35,
      "modularity": 0,
      "name": "Jacob  Bentz",
      "race": "white"
    },
    {
      "betweenness": 0,
      "bridge": "false",
      "degree": 1,
      "end": 60,
      "gender": "male",
      "id": 36,
      "modularity": 3,
      "name": "Jacob  Mueller",
      "race": "white"
    },
    {
      "betweenness": 0,
      "bridge": "male_bridge",
      "degree": 10,
      "end": 288,
      "gender": "male",
      "id": 37,
      "modularity": 3,
      "name": "George  Mallo",
      "race": "white"
    },
    {
      "betweenness": 0,
      "bridge": "false",
      "degree": 1,
      "end": 63,
      "gender": "unknown",
      "id": 38,
      "modularity": 3,
      "name": "1758",
      "race": "white"
    },
    {
      "betweenness": 0,
      "bridge": "male_bridge",
      "degree": 29,
      "end": 103,
      "gender": "unknown",
      "id": 39,
      "modularity": 5,
      "name": "1776",
      "race": "white"
    },
    {
      "betweenness": 0,
      "bridge": "false",
      "degree": 2,
      "end": 105,
      "gender": "unknown",
      "id": 40,
      "modularity": 1,
      "name": "1755",
      "race": "white"
    },
    {
      "betweenness": 0,
      "bridge": "false",
      "degree": 4,
      "end": 137,
      "gender": "male",
      "id": 41,
      "modularity": 1,
      "name": "Jacob  Herrmann",
      "race": "white"
    },
    {
      "betweenness": 0,
      "bridge": "false",
      "degree": 1,
      "end": 74,
      "gender": "male",
      "id": 44,
      "modularity": 5,
      "name": "David  Magert",
      "race": "white"
    },
    {
      "betweenness": 0,
      "bridge": "false",
      "degree": 2,
      "end": 210,
      "gender": "male",
      "id": 45,
      "modularity": 6,
      "name": "John  Hartman",
      "race": "white"
    },
    {
      "betweenness": 0,
      "bridge": "male_bridge",
      "degree": 4,
      "end": 104,
      "gender": "unknown",
      "id": 46,
      "modularity": 6,
      "name": "1775",
      "race": "white"
    },
    {
      "betweenness": 0,
      "bridge": "false",
      "degree": 1,
      "end": 76,
      "gender": "male",
      "id": 47,
      "modularity": 6,
      "name": "Daniel  Cropp",
      "race": "white"
    },
    {
      "betweenness": 0,
      "bridge": "false",
      "degree": 1,
      "end": 77,
      "gender": "male",
      "id": 48,
      "modularity": 6,
      "name": "George  Schaeffer",
      "race": "white"
    },
    {
      "betweenness": 0,
      "bridge": "false",
      "degree": 1,
      "end": 78,
      "gender": "male",
      "id": 49,
      "modularity": 6,
      "name": "Henry  Mallo",
      "race": "white"
    },
    {
      "betweenness": 0,
      "bridge": "false",
      "degree": 1,
      "end": 79,
      "gender": "male",
      "id": 50,
      "modularity": 5,
      "name": "Martin  Finder",
      "race": "white"
    },
    {
      "betweenness": 0,
      "bridge": "false",
      "degree": 1,
      "end": 80,
      "gender": "male",
      "id": 51,
      "modularity": 5,
      "name": "Daniel  Preiss",
      "race": "white"
    },
    {
      "betweenness": 0,
      "bridge": "false",
      "degree": 1,
      "end": 81,
      "gender": "male",
      "id": 52,
      "modularity": 5,
      "name": "Philip  Lingel",
      "race": "white"
    },
    {
      "betweenness": 0,
      "bridge": "false",
      "degree": 1,
      "end": 82,
      "gender": "male",
      "id": 53,
      "modularity": 5,
      "name": "John  Manger",
      "race": "white"
    },
    {
      "betweenness": 0,
      "bridge": "false",
      "degree": 1,
      "end": 83,
      "gender": "male",
      "id": 54,
      "modularity": 5,
      "name": "George  Conrad",
      "race": "white"
    },
    {
      "betweenness": 0,
      "bridge": "false",
      "degree": 1,
      "end": 84,
      "gender": "male",
      "id": 55,
      "modularity": 5,
      "name": "John  Heller",
      "race": "white"
    },
    {
      "betweenness": 0,
      "bridge": "false",
      "degree": 1,
      "end": 85,
      "gender": "male",
      "id": 56,
      "modularity": 5,
      "name": "Peter  Ermentraut",
      "race": "white"
    },
    {
      "betweenness": 0,
      "bridge": "false",
      "degree": 1,
      "end": 86,
      "gender": "male",
      "id": 57,
      "modularity": 5,
      "name": "Philip  Ermentraut",
      "race": "white"
    },
    {
      "betweenness": 0,
      "bridge": "false",
      "degree": 1,
      "end": 87,
      "gender": "male",
      "id": 58,
      "modularity": 5,
      "name": "Adam  Heller",
      "race": "white"
    },
    {
      "betweenness": 0,
      "bridge": "false",
      "degree": 1,
      "end": 88,
      "gender": "male",
      "id": 59,
      "modularity": 5,
      "name": "Theobald  Schramm",
      "race": "white"
    },
    {
      "betweenness": 0,
      "bridge": "false",
      "degree": 1,
      "end": 89,
      "gender": "male",
      "id": 60,
      "modularity": 5,
      "name": "George  Lehmann",
      "race": "white"
    },
    {
      "betweenness": 0,
      "bridge": "false",
      "degree": 5,
      "end": 265,
      "gender": "male",
      "id": 61,
      "modularity": 7,
      "name": "Christian  Geiger",
      "race": "white"
    },
    {
      "betweenness": 0,
      "bridge": "false",
      "degree": 1,
      "end": 91,
      "gender": "male",
      "id": 62,
      "modularity": 5,
      "name": "Ludwig  Reinhardt",
      "race": "white"
    },
    {
      "betweenness": 0,
      "bridge": "false",
      "degree": 1,
      "end": 92,
      "gender": "male",
      "id": 63,
      "modularity": 5,
      "name": "Michael  Koehler",
      "race": "white"
    },
    {
      "betweenness": 0,
      "bridge": "false",
      "degree": 2,
      "end": 199,
      "gender": "male",
      "id": 64,
      "modularity": 8,
      "name": "John  Ermentraut",
      "race": "white"
    },
    {
      "betweenness": 0,
      "bridge": "false",
      "degree": 1,
      "end": 94,
      "gender": "male",
      "id": 65,
      "modularity": 5,
      "name": "Sebastian  Nadler",
      "race": "white"
    },
    {
      "betweenness": 0,
      "bridge": "false",
      "degree": 1,
      "end": 96,
      "gender": "male",
      "id": 66,
      "modularity": 5,
      "name": "Heinrich  Noll",
      "race": "white"
    },
    {
      "betweenness": 0,
      "bridge": "false",
      "degree": 6,
      "end": 221,
      "gender": "male",
      "id": 67,
      "modularity": 1,
      "name": "John  Risch",
      "race": "white"
    },
    {
      "betweenness": 0,
      "bridge": "false",
      "degree": 1,
      "end": 98,
      "gender": "male",
      "id": 68,
      "modularity": 5,
      "name": "Louis  Koehler",
      "race": "white"
    },
    {
      "betweenness": 0,
      "bridge": "false",
      "degree": 1,
      "end": 99,
      "gender": "male",
      "id": 69,
      "modularity": 5,
      "name": "John  Tenner",
      "race": "white"
    },
    {
      "betweenness": 0,
      "bridge": "false",
      "degree": 1,
      "end": 100,
      "gender": "male",
      "id": 70,
      "modularity": 5,
      "name": "Peter  Runckel",
      "race": "white"
    },
    {
      "betweenness": 0,
      "bridge": "false",
      "degree": 1,
      "end": 101,
      "gender": "male",
      "id": 71,
      "modularity": 5,
      "name": "Conrad  Fotsch",
      "race": "white"
    },
    {
      "betweenness": 0,
      "bridge": "false",
      "degree": 1,
      "end": 102,
      "gender": "male",
      "id": 72,
      "modularity": 5,
      "name": "Henry  Demuth",
      "race": "white"
    },
    {
      "betweenness": 0,
      "bridge": "false",
      "degree": 1,
      "end": 103,
      "gender": "male",
      "id": 73,
      "modularity": 5,
      "name": "August  Preisch",
      "race": "white"
    },
    {
      "betweenness": 0,
      "bridge": "male_bridge",
      "degree": 4,
      "end": 212,
      "gender": "male",
      "id": 74,
      "modularity": 6,
      "name": "John  Beyer",
      "race": "white"
    },
    {
      "betweenness": 0,
      "bridge": "false",
      "degree": 2,
      "end": 169,
      "gender": "male",
      "id": 75,
      "modularity": 4,
      "name": "Adam  Pence",
      "race": "white"
    },
    {
      "betweenness": 0,
      "bridge": "false",
      "degree": 2,
      "end": 153,
      "gender": "male",
      "id": 76,
      "modularity": 4,
      "name": "Abraham  Ruh",
      "race": "white"
    },
    {
      "betweenness": 0,
      "bridge": "false",
      "degree": 4,
      "end": 205,
      "gender": "male",
      "id": 77,
      "modularity": 4,
      "name": "Martin  Schneider",
      "race": "white"
    },
    {
      "betweenness": 0,
      "bridge": "false",
      "degree": 1,
      "end": 117,
      "gender": "unknown",
      "id": 80,
      "modularity": 6,
      "name": "1781",
      "race": "white"
    },
    {
      "betweenness": 0,
      "bridge": "male_bridge",
      "degree": 7,
      "end": 141,
      "gender": "unknown",
      "id": 81,
      "modularity": 1,
      "name": "1783",
      "race": "white"
    },
    {
      "betweenness": 0,
      "bridge": "false",
      "degree": 1,
      "end": 120,
      "gender": "male",
      "id": 82,
      "modularity": 1,
      "name": "George Zimmermann Sr",
      "race": "white"
    },
    {
      "betweenness": 0,
      "bridge": "male_bridge",
      "degree": 9,
      "end": 130,
      "gender": "unknown",
      "id": 83,
      "modularity": 4,
      "name": "1782",
      "race": "white"
    },
    {
      "betweenness": 0,
      "bridge": "false",
      "degree": 2,
      "end": 170,
      "gender": "male",
      "id": 84,
      "modularity": 4,
      "name": "Augustin  Preisch",
      "race": "white"
    },
    {
      "betweenness": 0,
      "bridge": "false",
      "degree": 2,
      "end": 148,
      "gender": "male",
      "id": 85,
      "modularity": 4,
      "name": "Frederick  Preisch",
      "race": "white"
    },
    {
      "betweenness": 0,
      "bridge": "false",
      "degree": 1,
      "end": 124,
      "gender": "male",
      "id": 86,
      "modularity": 4,
      "name": "Louis  Runckel",
      "race": "white"
    },
    {
      "betweenness": 0,
      "bridge": "false",
      "degree": 4,
      "end": 174,
      "gender": "male",
      "id": 87,
      "modularity": 4,
      "name": "Conrad  Preisch",
      "race": "white"
    },
    {
      "betweenness": 0,
      "bridge": "false",
      "degree": 1,
      "end": 126,
      "gender": "male",
      "id": 88,
      "modularity": 4,
      "name": "Louis  Bekker",
      "race": "white"
    },
    {
      "betweenness": 0,
      "bridge": "false",
      "degree": 1,
      "end": 127,
      "gender": "male",
      "id": 89,
      "modularity": 4,
      "name": "George  Weber",
      "race": "white"
    },
    {
      "betweenness": 0,
      "bridge": "false",
      "degree": 1,
      "end": 128,
      "gender": "male",
      "id": 90,
      "modularity": 4,
      "name": "Garret  Beyer",
      "race": "white"
    },
    {
      "betweenness": 0,
      "bridge": "false",
      "degree": 4,
      "end": 236,
      "gender": "male",
      "id": 91,
      "modularity": 4,
      "name": "Jacob  Kissling",
      "race": "white"
    },
    {
      "betweenness": 0,
      "bridge": "false",
      "degree": 1,
      "end": 130,
      "gender": "male",
      "id": 92,
      "modularity": 4,
      "name": "Peter  Stein",
      "race": "white"
    },
    {
      "betweenness": 0,
      "bridge": "male_bridge",
      "degree": 11,
      "end": 146,
      "gender": "unknown",
      "id": 93,
      "modularity": 7,
      "name": "1784",
      "race": "white"
    },
    {
      "betweenness": 0,
      "bridge": "false",
      "degree": 4,
      "end": 181,
      "gender": "male",
      "id": 94,
      "modularity": 7,
      "name": "Charles  Schmidt",
      "race": "white"
    },
    {
      "betweenness": 0,
      "bridge": "false",
      "degree": 2,
      "end": 160,
      "gender": "male",
      "id": 95,
      "modularity": 4,
      "name": "Augustin Prisch Jr",
      "race": "white"
    },
    {
      "betweenness": 0,
      "bridge": "false",
      "degree": 1,
      "end": 133,
      "gender": "male",
      "id": 96,
      "modularity": 7,
      "name": "George Mallo Jr",
      "race": "white"
    },
    {
      "betweenness": 0,
      "bridge": "false",
      "degree": 1,
      "end": 134,
      "gender": "male",
      "id": 97,
      "modularity": 7,
      "name": "Henry  Venus",
      "race": "white"
    },
    {
      "betweenness": 0,
      "bridge": "false",
      "degree": 1,
      "end": 135,
      "gender": "male",
      "id": 98,
      "modularity": 7,
      "name": "John  Brett",
      "race": "white"
    },
    {
      "betweenness": 0,
      "bridge": "false",
      "degree": 2,
      "end": 282,
      "gender": "male",
      "id": 99,
      "modularity": 9,
      "name": "Henry  Pence",
      "race": "white"
    },
    {
      "betweenness": 0,
      "bridge": "false",
      "degree": 1,
      "end": 139,
      "gender": "male",
      "id": 100,
      "modularity": 1,
      "name": "John  Birke",
      "race": "white"
    },
    {
      "betweenness": 0,
      "bridge": "false",
      "degree": 1,
      "end": 140,
      "gender": "male",
      "id": 101,
      "modularity": 1,
      "name": "George  Pence",
      "race": "white"
    },
    {
      "betweenness": 0,
      "bridge": "false",
      "degree": 1,
      "end": 142,
      "gender": "male",
      "id": 102,
      "modularity": 7,
      "name": "John  Mildeberger",
      "race": "white"
    },
    {
      "betweenness": 0,
      "bridge": "false",
      "degree": 1,
      "end": 143,
      "gender": "male",
      "id": 103,
      "modularity": 7,
      "name": "Henry  Cook",
      "race": "white"
    },
    {
      "betweenness": 0,
      "bridge": "false",
      "degree": 1,
      "end": 144,
      "gender": "male",
      "id": 104,
      "modularity": 7,
      "name": "George  Risch",
      "race": "white"
    },
    {
      "betweenness": 0,
      "bridge": "false",
      "degree": 1,
      "end": 146,
      "gender": "male",
      "id": 105,
      "modularity": 7,
      "name": "Peter  Niclas",
      "race": "white"
    },
    {
      "betweenness": 0,
      "bridge": "male_bridge",
      "degree": 8,
      "end": 154,
      "gender": "unknown",
      "id": 106,
      "modularity": 4,
      "name": "1785",
      "race": "white"
    },
    {
      "betweenness": 0,
      "bridge": "false",
      "degree": 1,
      "end": 150,
      "gender": "male",
      "id": 107,
      "modularity": 4,
      "name": "William  Michel",
      "race": "white"
    },
    {
      "betweenness": 0,
      "bridge": "false",
      "degree": 1,
      "end": 151,
      "gender": "male",
      "id": 108,
      "modularity": 4,
      "name": "James  Frazor",
      "race": "white"
    },
    {
      "betweenness": 0,
      "bridge": "male_bridge",
      "degree": 7,
      "end": 161,
      "gender": "unknown",
      "id": 109,
      "modularity": 4,
      "name": "1786",
      "race": "white"
    },
    {
      "betweenness": 0,
      "bridge": "false",
      "degree": 1,
      "end": 157,
      "gender": "male",
      "id": 110,
      "modularity": 4,
      "name": "George  Kugler",
      "race": "white"
    },
    {
      "betweenness": 0,
      "bridge": "false",
      "degree": 1,
      "end": 158,
      "gender": "male",
      "id": 111,
      "modularity": 4,
      "name": "Jacob  Kilssling",
      "race": "white"
    },
    {
      "betweenness": 0,
      "bridge": "false",
      "degree": 1,
      "end": 159,
      "gender": "male",
      "id": 112,
      "modularity": 4,
      "name": "Michael  Mallo",
      "race": "white"
    },
    {
      "betweenness": 0,
      "bridge": "male_bridge",
      "degree": 6,
      "end": 172,
      "gender": "unknown",
      "id": 113,
      "modularity": 4,
      "name": "1787",
      "race": "white"
    },
    {
      "betweenness": 0,
      "bridge": "male_bridge",
      "degree": 10,
      "end": 177,
      "gender": "unknown",
      "id": 114,
      "modularity": 4,
      "name": "1788",
      "race": "white"
    },
    {
      "betweenness": 0,
      "bridge": "false",
      "degree": 2,
      "end": 200,
      "gender": "male",
      "id": 115,
      "modularity": 4,
      "name": "Henry  Mueller",
      "race": "white"
    },
    {
      "betweenness": 0,
      "bridge": "false",
      "degree": 2,
      "end": 171,
      "gender": "male",
      "id": 116,
      "modularity": 4,
      "name": "Peter  Nicholaus",
      "race": "white"
    },
    {
      "betweenness": 0,
      "bridge": "false",
      "degree": 1,
      "end": 166,
      "gender": "male",
      "id": 117,
      "modularity": 4,
      "name": "Henry  Nicholaus",
      "race": "white"
    },
    {
      "betweenness": 0,
      "bridge": "false",
      "degree": 1,
      "end": 167,
      "gender": "male",
      "id": 118,
      "modularity": 4,
      "name": "William  Kaul",
      "race": "white"
    },
    {
      "betweenness": 0,
      "bridge": "false",
      "degree": 2,
      "end": 187,
      "gender": "male",
      "id": 119,
      "modularity": 4,
      "name": "Christopher  Hau",
      "race": "white"
    },
    {
      "betweenness": 0,
      "bridge": "false",
      "degree": 2,
      "end": 173,
      "gender": "male",
      "id": 120,
      "modularity": 4,
      "name": "William  Jackson",
      "race": "white"
    },
    {
      "betweenness": 0,
      "bridge": "male_bridge",
      "degree": 5,
      "end": 182,
      "gender": "unknown",
      "id": 121,
      "modularity": 7,
      "name": "1789",
      "race": "white"
    },
    {
      "betweenness": 0,
      "bridge": "false",
      "degree": 1,
      "end": 179,
      "gender": "male",
      "id": 122,
      "modularity": 7,
      "name": "William  Michaels",
      "race": "white"
    },
    {
      "betweenness": 0,
      "bridge": "false",
      "degree": 3,
      "end": 249,
      "gender": "male",
      "id": 123,
      "modularity": 6,
      "name": "Johannes  Heine",
      "race": "white"
    },
    {
      "betweenness": 0,
      "bridge": "male_bridge",
      "degree": 9,
      "end": 200,
      "gender": "unknown",
      "id": 124,
      "modularity": 4,
      "name": "1791",
      "race": "white"
    },
    {
      "betweenness": 0,
      "bridge": "false",
      "degree": 3,
      "end": 303,
      "gender": "male",
      "id": 125,
      "modularity": 9,
      "name": "Christopher  Wessels",
      "race": "white"
    },
    {
      "betweenness": 0,
      "bridge": "male_bridge",
      "degree": 11,
      "end": 206,
      "gender": "unknown",
      "id": 126,
      "modularity": 8,
      "name": "1792",
      "race": "white"
    },
    {
      "betweenness": 0,
      "bridge": "male_bridge",
      "degree": 8,
      "end": 212,
      "gender": "unknown",
      "id": 127,
      "modularity": 6,
      "name": "1793",
      "race": "white"
    },
    {
      "betweenness": 0,
      "bridge": "false",
      "degree": 1,
      "end": 208,
      "gender": "male",
      "id": 128,
      "modularity": 6,
      "name": "John  Fey",
      "race": "white"
    },
    {
      "betweenness": 0,
      "bridge": "false",
      "degree": 1,
      "end": 209,
      "gender": "male",
      "id": 129,
      "modularity": 6,
      "name": "Peter  Neu",
      "race": "white"
    },
    {
      "betweenness": 0,
      "bridge": "male_bridge",
      "degree": 11,
      "end": 266,
      "gender": "unknown",
      "id": 130,
      "modularity": 8,
      "name": "1797",
      "race": "white"
    },
    {
      "betweenness": 0,
      "bridge": "false",
      "degree": 1,
      "end": 251,
      "gender": "male",
      "id": 131,
      "modularity": 8,
      "name": "Henry  Zeller",
      "race": "white"
    },
    {
      "betweenness": 0,
      "bridge": "male_bridge",
      "degree": 12,
      "end": 278,
      "gender": "unknown",
      "id": 132,
      "modularity": 2,
      "name": "1798",
      "race": "white"
    },
    {
      "betweenness": 0,
      "bridge": "false",
      "degree": 1,
      "end": 258,
      "gender": "male",
      "id": 133,
      "modularity": 2,
      "name": "Jacob  Schaeffer",
      "race": "white"
    },
    {
      "betweenness": 0,
      "bridge": "false",
      "degree": 1,
      "end": 269,
      "gender": "male",
      "id": 134,
      "modularity": 2,
      "name": "Adam  Flauers",
      "race": "white"
    },
    {
      "betweenness": 0,
      "bridge": "false",
      "degree": 1,
      "end": 270,
      "gender": "male",
      "id": 135,
      "modularity": 2,
      "name": "Peter  Risch",
      "race": "white"
    },
    {
      "betweenness": 0,
      "bridge": "false",
      "degree": 3,
      "end": 301,
      "gender": "male",
      "id": 136,
      "modularity": 9,
      "name": "George  Koehler",
      "race": "white"
    },
    {
      "betweenness": 0,
      "bridge": "male_bridge",
      "degree": 6,
      "end": 279,
      "gender": "unknown",
      "id": 137,
      "modularity": 2,
      "name": "1799",
      "race": "white"
    },
    {
      "betweenness": 0,
      "bridge": "false",
      "degree": 4,
      "end": 291,
      "gender": "unknown",
      "id": 138,
      "modularity": 2,
      "name": "Julis  Bertram",
      "race": "white"
    },
    {
      "betweenness": 0,
      "bridge": "false",
      "degree": 1,
      "end": 274,
      "gender": "male",
      "id": 139,
      "modularity": 2,
      "name": "Daniel  Nummemacher",
      "race": "white"
    },
    {
      "betweenness": 0,
      "bridge": "false",
      "degree": 1,
      "end": 275,
      "gender": "male",
      "id": 140,
      "modularity": 2,
      "name": "Peter  Reyer",
      "race": "white"
    },
    {
      "betweenness": 0,
      "bridge": "false",
      "degree": 1,
      "end": 276,
      "gender": "male",
      "id": 141,
      "modularity": 2,
      "name": "Philip  Ruh",
      "race": "white"
    },
    {
      "betweenness": 0,
      "bridge": "false",
      "degree": 2,
      "end": 295,
      "gender": "male",
      "id": 142,
      "modularity": 2,
      "name": "Peter  Oehler",
      "race": "white"
    },
    {
      "betweenness": 0,
      "bridge": "false",
      "degree": 3,
      "end": 289,
      "gender": "male",
      "id": 143,
      "modularity": 2,
      "name": "Jacob  Niclas",
      "race": "white"
    },
    {
      "betweenness": 0,
      "bridge": "male_bridge",
      "degree": 9,
      "end": 288,
      "gender": "unknown",
      "id": 144,
      "modularity": 9,
      "name": "1800",
      "race": "white"
    },
    {
      "betweenness": 0,
      "bridge": "false",
      "degree": 1,
      "end": 281,
      "gender": "unknown",
      "id": 145,
      "modularity": 9,
      "name": "Jacog  Elichelbrech",
      "race": "white"
    },
    {
      "betweenness": 0,
      "bridge": "false",
      "degree": 1,
      "end": 283,
      "gender": "male",
      "id": 146,
      "modularity": 9,
      "name": "Peter  Zeller",
      "race": "white"
    },
    {
      "betweenness": 0,
      "bridge": "false",
      "degree": 2,
      "end": 284,
      "gender": "male",
      "id": 147,
      "modularity": 9,
      "name": "John  Zeller",
      "race": "white"
    },
    {
      "betweenness": 0,
      "bridge": "false",
      "degree": 1,
      "end": 287,
      "gender": "unknown",
      "id": 148,
      "modularity": 9,
      "name": "Fr  Geiger",
      "race": "white"
    },
    {
      "betweenness": 0,
      "bridge": "male_bridge",
      "degree": 11,
      "end": 299,
      "gender": "unknown",
      "id": 149,
      "modularity": 2,
      "name": "1801",
      "race": "white"
    },
    {
      "betweenness": 0,
      "bridge": "false",
      "degree": 1,
      "end": 290,
      "gender": "male",
      "id": 150,
      "modularity": 2,
      "name": "August  Ermentraut",
      "race": "white"
    },
    {
      "betweenness": 0,
      "bridge": "false",
      "degree": 1,
      "end": 292,
      "gender": "male",
      "id": 151,
      "modularity": 2,
      "name": "Anton  Saurbier",
      "race": "white"
    },
    {
      "betweenness": 0,
      "bridge": "false",
      "degree": 1,
      "end": 293,
      "gender": "male",
      "id": 152,
      "modularity": 2,
      "name": "John  Zhrfass",
      "race": "white"
    },
    {
      "betweenness": 0,
      "bridge": "false",
      "degree": 2,
      "end": 294,
      "gender": "male",
      "id": 153,
      "modularity": 2,
      "name": "John  Heine",
      "race": "white"
    },
    {
      "betweenness": 0,
      "bridge": "false",
      "degree": 1,
      "end": 297,
      "gender": "male",
      "id": 154,
      "modularity": 2,
      "name": "Henry  Christ",
      "race": "white"
    },
    {
      "betweenness": 0,
      "bridge": "false",
      "degree": 1,
      "end": 298,
      "gender": "male",
      "id": 155,
      "modularity": 2,
      "name": "John  Koehler",
      "race": "white"
    },
    {
      "betweenness": 0,
      "bridge": "male_bridge",
      "degree": 5,
      "end": 304,
      "gender": "unknown",
      "id": 156,
      "modularity": 9,
      "name": "1802",
      "race": "white"
    },
    {
      "betweenness": 0,
      "bridge": "false",
      "degree": 1,
      "end": 302,
      "gender": "male",
      "id": 157,
      "modularity": 9,
      "name": "Samuel  Geret",
      "race": "white"
    },
    {
      "betweenness": 0,
      "bridge": "false",
      "degree": 1,
      "end": 304,
      "gender": "male",
      "id": 158,
      "modularity": 9,
      "name": "Henry  Hoerner",
      "race": "white"
    },
    {
      "betweenness": 0,
      "bridge": "false",
      "degree": 1,
      "end": 53,
      "gender": "female",
      "id": 159,
      "modularity": 0,
      "name": "Elizabeth  Witmann",
      "race": "white"
    },
    {
      "betweenness": 0,
      "bridge": "false",
      "degree": 3,
      "end": 71,
      "gender": "unknown",
      "id": 160,
      "modularity": 0,
      "name": "Elizabeth",
      "race": "white"
    },
    {
      "betweenness": 0,
      "bridge": "false",
      "degree": 3,
      "end": 107,
      "gender": "male",
      "id": 161,
      "modularity": 1,
      "name": "Anton  Oehler",
      "race": "white"
    },
    {
      "betweenness": 0,
      "bridge": "false",
      "degree": 5,
      "end": 112,
      "gender": "unknown",
      "id": 162,
      "modularity": 0,
      "name": "Catharina",
      "race": "white"
    },
    {
      "betweenness": 0,
      "bridge": "false",
      "degree": 2,
      "end": 213,
      "gender": "male",
      "id": 163,
      "modularity": 4,
      "name": "Frederick  Preiss",
      "race": "white"
    },
    {
      "betweenness": 0,
      "bridge": "false",
      "degree": 5,
      "end": 280,
      "gender": "male",
      "id": 164,
      "modularity": 8,
      "name": "Francis  Reiner",
      "race": "white"
    },
    {
      "betweenness": 0,
      "bridge": "false",
      "degree": 1,
      "end": 190,
      "gender": "male",
      "id": 165,
      "modularity": 4,
      "name": "Christopher  Menner",
      "race": "white"
    },
    {
      "betweenness": 0,
      "bridge": "false",
      "degree": 1,
      "end": 191,
      "gender": "male",
      "id": 166,
      "modularity": 4,
      "name": "Adam  Schillinger",
      "race": "white"
    },
    {
      "betweenness": 0,
      "bridge": "false",
      "degree": 3,
      "end": 216,
      "gender": "male",
      "id": 167,
      "modularity": 8,
      "name": "Peter  Preiss",
      "race": "white"
    },
    {
      "betweenness": 0,
      "bridge": "false",
      "degree": 2,
      "end": 214,
      "gender": "male",
      "id": 168,
      "modularity": 8,
      "name": "Conrad  Preiss",
      "race": "white"
    },
    {
      "betweenness": 0,
      "bridge": "false",
      "degree": 1,
      "end": 195,
      "gender": "male",
      "id": 169,
      "modularity": 8,
      "name": "Henry  Kissling",
      "race": "white"
    },
    {
      "betweenness": 0,
      "bridge": "false",
      "degree": 1,
      "end": 196,
      "gender": "male",
      "id": 170,
      "modularity": 8,
      "name": "Peter  Ahl",
      "race": "white"
    },
    {
      "betweenness": 0,
      "bridge": "false",
      "degree": 4,
      "end": 259,
      "gender": "male",
      "id": 171,
      "modularity": 8,
      "name": "George  Wagener",
      "race": "white"
    },
    {
      "betweenness": 0,
      "bridge": "false",
      "degree": 2,
      "end": 199,
      "gender": "unknown",
      "id": 172,
      "modularity": 8,
      "name": "1790",
      "race": "white"
    },
    {
      "betweenness": 0,
      "bridge": "false",
      "degree": 1,
      "end": 202,
      "gender": "male",
      "id": 173,
      "modularity": 8,
      "name": "Jacob  Helmenthal",
      "race": "white"
    },
    {
      "betweenness": 0,
      "bridge": "false",
      "degree": 2,
      "end": 229,
      "gender": "male",
      "id": 174,
      "modularity": 8,
      "name": "Christian  Luecke",
      "race": "white"
    },
    {
      "betweenness": 0,
      "bridge": "false",
      "degree": 1,
      "end": 207,
      "gender": "male",
      "id": 175,
      "modularity": 6,
      "name": "Augustin  Ermentraut",
      "race": "white"
    },
    {
      "betweenness": 0,
      "bridge": "male_bridge",
      "degree": 7,
      "end": 222,
      "gender": "unknown",
      "id": 176,
      "modularity": 8,
      "name": "1794",
      "race": "white"
    },
    {
      "betweenness": 0,
      "bridge": "false",
      "degree": 1,
      "end": 218,
      "gender": "male",
      "id": 177,
      "modularity": 8,
      "name": "Augustin  Preiss",
      "race": "white"
    },
    {
      "betweenness": 0,
      "bridge": "male_bridge",
      "degree": 8,
      "end": 233,
      "gender": "unknown",
      "id": 178,
      "modularity": 8,
      "name": "1795",
      "race": "white"
    },
    {
      "betweenness": 0,
      "bridge": "false",
      "degree": 1,
      "end": 219,
      "gender": "male",
      "id": 179,
      "modularity": 8,
      "name": "Frederick  Geiger",
      "race": "white"
    },
    {
      "betweenness": 0,
      "bridge": "false",
      "degree": 2,
      "end": 253,
      "gender": "male",
      "id": 180,
      "modularity": 8,
      "name": "Philip  Reyer",
      "race": "white"
    },
    {
      "betweenness": 0,
      "bridge": "false",
      "degree": 1,
      "end": 224,
      "gender": "male",
      "id": 181,
      "modularity": 8,
      "name": "Edward  Hatfield",
      "race": "white"
    },
    {
      "betweenness": 0,
      "bridge": "male_bridge",
      "degree": 13,
      "end": 244,
      "gender": "unknown",
      "id": 182,
      "modularity": 9,
      "name": "1796",
      "race": "white"
    },
    {
      "betweenness": 0,
      "bridge": "false",
      "degree": 1,
      "end": 228,
      "gender": "male",
      "id": 183,
      "modularity": 9,
      "name": "Henry  Koenig",
      "race": "white"
    },
    {
      "betweenness": 0,
      "bridge": "false",
      "degree": 1,
      "end": 231,
      "gender": "male",
      "id": 184,
      "modularity": 8,
      "name": "Christopher  Werbel",
      "race": "white"
    },
    {
      "betweenness": 0,
      "bridge": "false",
      "degree": 2,
      "end": 233,
      "gender": "male",
      "id": 185,
      "modularity": 8,
      "name": "Jacob  Heyl",
      "race": "white"
    },
    {
      "betweenness": 0,
      "bridge": "false",
      "degree": 1,
      "end": 235,
      "gender": "male",
      "id": 186,
      "modularity": 9,
      "name": "James  Smith",
      "race": "white"
    },
    {
      "betweenness": 0,
      "bridge": "false",
      "degree": 1,
      "end": 243,
      "gender": "male",
      "id": 187,
      "modularity": 9,
      "name": "John  Oche",
      "race": "white"
    },
    {
      "betweenness": 0,
      "bridge": "false",
      "degree": 1,
      "end": 240,
      "gender": "male",
      "id": 188,
      "modularity": 9,
      "name": "Daniel  Nunnemacher",
      "race": "white"
    },
    {
      "betweenness": 0,
      "bridge": "false",
      "degree": 1,
      "end": 244,
      "gender": "male",
      "id": 189,
      "modularity": 9,
      "name": "John George Koehler",
      "race": "white"
    },
    {
      "betweenness": 0,
      "bridge": "false",
      "degree": 1,
      "end": 246,
      "gender": "male",
      "id": 190,
      "modularity": 8,
      "name": "Jacob  Algebrecht",
      "race": "white"
    },
    {
      "betweenness": 0,
      "bridge": "false",
      "degree": 1,
      "end": 250,
      "gender": "male",
      "id": 191,
      "modularity": 8,
      "name": "Christopher  Kirchhoff",
      "race": "white"
    },
    {
      "betweenness": 0,
      "bridge": "false",
      "degree": 1,
      "end": 252,
      "gender": "male",
      "id": 192,
      "modularity": 8,
      "name": "John  Pence",
      "race": "white"
    },
    {
      "betweenness": 0,
      "bridge": "false",
      "degree": 1,
      "end": 261,
      "gender": "male",
      "id": 193,
      "modularity": 2,
      "name": "Jacob  Reb",
      "race": "white"
    },
    {
      "betweenness": 0,
      "bridge": "false",
      "degree": 1,
      "end": 266,
      "gender": "male",
      "id": 194,
      "modularity": 8,
      "name": "Gottfried  Spilky",
      "race": "white"
    },
    {
      "betweenness": 0,
      "bridge": "false",
      "degree": 1,
      "end": 267,
      "gender": "male",
      "id": 195,
      "modularity": 2,
      "name": "Thomas  Brill",
      "race": "white"
    },
    {
      "betweenness": 0,
      "bridge": "false",
      "degree": 1,
      "end": 300,
      "gender": "male",
      "id": 196,
      "modularity": 9,
      "name": "Christian  Bekker",
      "race": "white"
    }
  ]
}