id,name
0,1745
1,Henry  Wilhelm
2,1747
3,1762
4,Valentyn  Metzger
5,1761
6,Christopher  Ermentraut
7,1764
8,George  Ermentraut
9,1769
10,1759
11,Henry  Preiss
12,1760
13,1753
14,Jacob  Nicholaus
15,1754
16,1756
17,1757
18,1766
19,1768
20,1772
21,1774
22,John Caspar Vogt
23,1763
24,Ic Van Gemuenden
25,Ludwig  Friedal
26,1765
27,Peter  Mueller
28,Frederick  Ermentraut
29,Jacob  Argebrecht
30,William  Manger
31,Henry  Ermentraut
32,Charles  Hederich
33,George Adam Mann
34,Jacob  Cropp
35,Jacob  Bentz
36,Jacob  Mueller
37,George  Mallo
38,1758
39,1776
40,1755
41,Jacob  Herrmann
42,1770
43,Frederick  Stoll
44,David  Magert
45,John  Hartman
46,1775
47,Daniel  Cropp
48,George  Schaeffer
49,Henry  Mallo
50,Martin  Finder
51,Daniel  Preiss
52,Philip  Lingel
53,John  Manger
54,George  Conrad
55,John  Heller
56,Peter  Ermentraut
57,Philip  Ermentraut
58,Adam  Heller
59,Theobald  Schramm
60,George  Lehmann
61,Christian  Geiger
62,Ludwig  Reinhardt
63,Michael  Koehler
64,John  Ermentraut
65,Sebastian  Nadler
66,Heinrich  Noll
67,John  Risch
68,Louis  Koehler
69,John  Tenner
70,Peter  Runckel
71,Conrad  Fotsch
72,Henry  Demuth
73,August  Preisch
74,John  Beyer
75,Adam  Pence
76,Abraham  Ruh
77,Martin  Schneider
78,1778
79,William  Heine
80,1781
81,1783
82,George Zimmermann Sr
83,1782
84,Augustin  Preisch
85,Frederick  Preisch
86,Louis  Runckel
87,Conrad  Preisch
88,Louis  Bekker
89,George  Weber
90,Garret  Beyer
91,Jacob  Kissling
92,Peter  Stein
93,1784
94,Charles  Schmidt
95,Augustin Prisch Jr
96,George Mallo Jr
97,Henry  Venus
98,John  Brett
99,Henry  Pence
100,John  Birke
101,George  Pence
102,John  Mildeberger
103,Henry  Cook
104,George  Risch
105,Peter  Niclas
106,1785
107,William  Michel
108,James  Frazor
109,1786
110,George  Kugler
111,Jacob  Kilssling
112,Michael  Mallo
113,1787
114,1788
115,Henry  Mueller
116,Peter  Nicholaus
117,Henry  Nicholaus
118,William  Kaul
119,Christopher  Hau
120,William  Jackson
121,1789
122,William  Michaels
123,Johannes  Heine
124,1791
125,Christopher  Wessels
126,1792
127,1793
128,John  Fey
129,Peter  Neu
130,1797
131,Henry  Zeller
132,1798
133,Jacob  Schaeffer
134,Adam  Flauers
135,Peter  Risch
136,George  Koehler
137,1799
138,Julis  Bertram
139,Daniel  Nummemacher
140,Peter  Reyer
141,Philip  Ruh
142,Peter  Oehler
143,Jacob  Niclas
144,1800
145,Jacog  Elichelbrech
146,Peter  Zeller
147,John  Zeller
148,Fr  Geiger
149,1801
150,August  Ermentraut
151,Anton  Saurbier
152,John  Zhrfass
153,John  Heine
154,Henry  Christ
155,John  Koehler
156,1802
157,Samuel  Geret
158,Henry  Hoerner
159,Elizabeth  Witmann
160,Elizabeth
161,Anton  Oehler
162,Catharina
163,Frederick  Preiss
164,Francis  Reiner
165,Christopher  Menner
166,Adam  Schillinger
167,Peter  Preiss
168,Conrad  Preiss
169,Henry  Kissling
170,Peter  Ahl
171,George  Wagener
172,1790
173,Jacob  Helmenthal
174,Christian  Luecke
175,Augustin  Ermentraut
176,1794
177,Augustin  Preiss
178,1795
179,Frederick  Geiger
180,Philip  Reyer
181,Edward  Hatfield
182,1796
183,Henry  Koenig
184,Christopher  Werbel
185,Jacob  Heyl
186,James  Smith
187,John  Oche
188,Daniel  Nunnemacher
189,John George Koehler
190,Jacob  Algebrecht
191,Christopher  Kirchhoff
192,John  Pence
193,Jacob  Reb
194,Gottfried  Spilky
195,Thomas  Brill
196,Christian  Bekker
