id,name,gender,race
0,1745,unknown,white
1,Henry  Wilhelm,male,white
2,1747,unknown,white
3,1762,unknown,white
4,Valentyn  Metzger,male,white
5,1761,unknown,white
6,Christopher  Ermentraut,male,white
7,1764,unknown,white
8,George  Ermentraut,male,white
9,1769,unknown,white
10,1759,unknown,white
11,Henry  Preiss,male,white
12,1760,unknown,white
13,1753,unknown,white
14,Jacob  Nicholaus,male,white
15,1754,unknown,white
16,1756,unknown,white
17,1757,unknown,white
18,1766,unknown,white
19,1768,unknown,white
20,1772,unknown,white
21,1774,unknown,white
22,John Caspar Vogt,male,white
23,1763,unknown,white
24,Ic Van Gemuenden,unknown,white
25,Ludwig  Friedal,male,white
26,1765,unknown,white
27,Peter  Mueller,male,white
28,Frederick  Ermentraut,male,white
29,Jacob  Argebrecht,male,white
30,William  Manger,male,white
31,Henry  Ermentraut,male,white
32,Charles  Hederich,male,white
33,George Adam Mann,male,white
34,Jacob  Cropp,male,white
35,Jacob  Bentz,male,white
36,Jacob  Mueller,male,white
37,George  Mallo,male,white
38,1758,unknown,white
39,1776,unknown,white
40,1755,unknown,white
41,Jacob  Herrmann,male,white
42,1770,unknown,white
43,Frederick  Stoll,male,white
44,David  Magert,male,white
45,John  Hartman,male,white
46,1775,unknown,white
47,Daniel  Cropp,male,white
48,George  Schaeffer,male,white
49,Henry  Mallo,male,white
50,Martin  Finder,male,white
51,Daniel  Preiss,male,white
52,Philip  Lingel,male,white
53,John  Manger,male,white
54,George  Conrad,male,white
55,John  Heller,male,white
56,Peter  Ermentraut,male,white
57,Philip  Ermentraut,male,white
58,Adam  Heller,male,white
59,Theobald  Schramm,male,white
60,George  Lehmann,male,white
61,Christian  Geiger,male,white
62,Ludwig  Reinhardt,male,white
63,Michael  Koehler,male,white
64,John  Ermentraut,male,white
65,Sebastian  Nadler,male,white
66,Heinrich  Noll,male,white
67,John  Risch,male,white
68,Louis  Koehler,male,white
69,John  Tenner,male,white
70,Peter  Runckel,male,white
71,Conrad  Fotsch,male,white
72,Henry  Demuth,male,white
73,August  Preisch,male,white
74,John  Beyer,male,white
75,Adam  Pence,male,white
76,Abraham  Ruh,male,white
77,Martin  Schneider,male,white
78,1778,unknown,white
79,William  Heine,male,white
80,1781,unknown,white
81,1783,unknown,white
82,George Zimmermann Sr,male,white
83,1782,unknown,white
84,Augustin  Preisch,male,white
85,Frederick  Preisch,male,white
86,Louis  Runckel,male,white
87,Conrad  Preisch,male,white
88,Louis  Bekker,male,white
89,George  Weber,male,white
90,Garret  Beyer,male,white
91,Jacob  Kissling,male,white
92,Peter  Stein,male,white
93,1784,unknown,white
94,Charles  Schmidt,male,white
95,Augustin Prisch Jr,male,white
96,George Mallo Jr,male,white
97,Henry  Venus,male,white
98,John  Brett,male,white
99,Henry  Pence,male,white
100,John  Birke,male,white
101,George  Pence,male,white
102,John  Mildeberger,male,white
103,Henry  Cook,male,white
104,George  Risch,male,white
105,Peter  Niclas,male,white
106,1785,unknown,white
107,William  Michel,male,white
108,James  Frazor,male,white
109,1786,unknown,white
110,George  Kugler,male,white
111,Jacob  Kilssling,male,white
112,Michael  Mallo,male,white
113,1787,unknown,white
114,1788,unknown,white
115,Henry  Mueller,male,white
116,Peter  Nicholaus,male,white
117,Henry  Nicholaus,male,white
118,William  Kaul,male,white
119,Christopher  Hau,male,white
120,William  Jackson,male,white
121,1789,unknown,white
122,William  Michaels,male,white
123,Johannes  Heine,male,white
124,1791,unknown,white
125,Christopher  Wessels,male,white
126,1792,unknown,white
127,1793,unknown,white
128,John  Fey,male,white
129,Peter  Neu,male,white
130,1797,unknown,white
131,Henry  Zeller,male,white
132,1798,unknown,white
133,Jacob  Schaeffer,male,white
134,Adam  Flauers,male,white
135,Peter  Risch,male,white
136,George  Koehler,male,white
137,1799,unknown,white
138,Julis  Bertram,unknown,white
139,Daniel  Nummemacher,male,white
140,Peter  Reyer,male,white
141,Philip  Ruh,male,white
142,Peter  Oehler,male,white
143,Jacob  Niclas,male,white
144,1800,unknown,white
145,Jacog  Elichelbrech,unknown,white
146,Peter  Zeller,male,white
147,John  Zeller,male,white
148,Fr  Geiger,unknown,white
149,1801,unknown,white
150,August  Ermentraut,male,white
151,Anton  Saurbier,male,white
152,John  Zhrfass,male,white
153,John  Heine,male,white
154,Henry  Christ,male,white
155,John  Koehler,male,white
156,1802,unknown,white
157,Samuel  Geret,male,white
158,Henry  Hoerner,male,white
159,Elizabeth  Witmann,female,white
160,Elizabeth,unknown,white
161,Anton  Oehler,male,white
162,Catharina,unknown,white
163,Frederick  Preiss,male,white
164,Francis  Reiner,male,white
165,Christopher  Menner,male,white
166,Adam  Schillinger,male,white
167,Peter  Preiss,male,white
168,Conrad  Preiss,male,white
169,Henry  Kissling,male,white
170,Peter  Ahl,male,white
171,George  Wagener,male,white
172,1790,unknown,white
173,Jacob  Helmenthal,male,white
174,Christian  Luecke,male,white
175,Augustin  Ermentraut,male,white
176,1794,unknown,white
177,Augustin  Preiss,male,white
178,1795,unknown,white
179,Frederick  Geiger,male,white
180,Philip  Reyer,male,white
181,Edward  Hatfield,male,white
182,1796,unknown,white
183,Henry  Koenig,male,white
184,Christopher  Werbel,male,white
185,Jacob  Heyl,male,white
186,James  Smith,male,white
187,John  Oche,male,white
188,Daniel  Nunnemacher,male,white
189,John George Koehler,male,white
190,Jacob  Algebrecht,male,white
191,Christopher  Kirchhoff,male,white
192,John  Pence,male,white
193,Jacob  Reb,male,white
194,Gottfried  Spilky,male,white
195,Thomas  Brill,male,white
196,Christian  Bekker,male,white
