id,name,gender,race
0,Charl Neuman,unknown,white
1,Wilhelm Zobel,male,white
2,Christina Zobel,female,white
3,Christina Neuman,female,white
4,Johann Leonhard,male,white
5,Cornelia Leonhard,female,white
6,Henrich Neuman,male,white
7,Sara Zigelerin,female,white
8,Martin Comestock,male,white
9,Johannes Horn,male,white
10,Maria Horn,female,white
11,Maria Comestock,female,white
12,James Bruss,male,white
13,Margaretha Bruss,female,white
14,Thomas Low,male,white
15,Charity Low,female,white
16,William Higgins,male,white
17,Margaretha Higgins,female,white
18,Henrich Beusch,male,white
19,Elisabeth Beusch,female,white
20,James Ellet Thomson,male,white
21,Gertrude Thomson,female,white
22,Jacobus Redly,male,white
23,Maria Redly,female,white
24,Thomas Nelson,male,white
25,Catharina Nelson,female,white
26,Thomas Hilton,male,white
27,Anna Hilton,female,white
28,James Anges,male,white
29,Maria Magdalena Agnes,female,white
30,Anthony Wayne,male,white
31,Sarah Wayne,female,white
32,John Gardenier,male,white
33,Maria Hixon,female,white
34,Robert Trewax Negro,male,Black
35,Lea Negro,female,Black
36,Thomas Rows,male,white
37,Catharina Rows,female,white
38,Johannes Semmel,male,white
39,Eva Semmel,female,white
40,Christopher Beeckmann,male,white
41,Maria Beeckmann,female,white
42,Isaac Orsen,male,white
43,Anna Maria Orsen,female,white
44,David Lenerd,male,white
45,Margaretha Lenerd,female,white
46,Volckert van Vechten,unknown,white
47,Elisabeth Vechten,female,white
48,Peter Grusbeeck,male,white
49,Alida Grusbeeck,female,white
50,Mordock Mc Ferson,unknown,white
51,Dorothea Ferson,female,white
52,Jeremia Penniel,unknown,white
53,Anna Penniel,female,white
54,George Joyce,male,white
55,Abraham Vosberger,male,white
56,Georg Smith,male,white
57,John Ostrander,male,white
58,James Elliot,male,white
59,Peggy Redly,female,white
60,James Mitshel,male,white
61,William Mc Farling,male,white
62,Johannes Mathaeus Horn,male,white
63,Georg Collier,male,white
64,Sarah Hixon,female,white
65,John Jackson Negro,male,Black
66,Johann Georg Gayer,male,white
67,Carl Neumann,male,white
68,Gerhard Marselis,male,white
69,William Lodridge,male,white
70,Gerhardus Teunisen van den Bergh,male,white
71,Mattheus Degallmoes,unknown,white
72,John Stewart,male,white
73,Mary Gibbeson,female,white
74,Judith Low,female,white
75,Elisabeth Linch,female,white
76,Rebecca Elliot,female,white
77,Mary Mc Kinsey,female,white
78,Caty Mc Farling,female,white
79,Charlotta Horn,female,white
80,Martha Collier,female,white
81,Sanna Geyer,female,white
82,Charlotte Horn,female,white
83,Christina Neumann,female,white
84,Dorothea Roler,female,white
85,Anna Lothridge,female,white
86,Maria van den Bergh,female,white
87,Maria Degallmoes,female,white
88,Miss Watson the Midwife,unknown,white
89,Jane Brs,female,white
90,Maria Creller,female,white
91,Johannes George Rottenauer,male,white
92,Macy Rottenauer,female,white
93,James Watson,male,white
94,Abigail Watson,female,white
95,Willhelm Miller,unknown,white
96,Christina Miller,female,white
97,Hendrick van Sandt,male,white
98,Catharina van Sandt,female,white
99,Charles Webster,male,white
100,Isabella Watson,female,white
101,James E Thompson,male,white
102,Catharina Sandt,female,white
103,William Fransborg,male,white
104,Christina Fransborg,female,white
105,Abraham Gerreson,male,white
106,Jannetje Gerreson,female,white
107,Matthias Erskin,male,white
108,Ruth Erskin,female,white
109,Tiunius Backen,unknown,white
110,Maria Backen,female,white
111,Lewis Barrington,male,white
112,Margaretha Barrington,female,white
113,Jonathan Danforth,male,white
114,Judith Danforth,female,white
115,James Thomson,male,white
116,Christian Bratt,male,white
117,Catharina Bratt,female,white
118,William Cartly,male,white
119,Margaretha Cartly,female,white
120,Peter Brooks,male,white
121,Fanny Brooks,female,white
122,Henrich Groberger,male,white
123,Hannah Crowberger,female,white
124,Emanuel Young,male,white
125,Maria Young,female,white
126,Michael Overacker,male,white
127,Maria Overacker,female,white
128,Peter Wiederwachs,male,white
129,Catharina Wiederwachs,female,white
130,Nicolaus Bratt,male,white
131,Anna Barbara Bratt,female,white
132,Casper Hauser,male,white
133,Elisabeth Hauser,female,white
134,Johannes Rauh,male,white
135,Christina Rauh,female,white
136,Catharina Overacker,female,white
137,Isaac Konkling,male,white
138,Christina Konkling,female,white
139,Nathan Wales,male,white
140,Temperance Wales,unknown,white
141,Andreas Ten Eyk,male,white
142,Sarah Eyk,female,white
143,Salomon Smith,male,white
144,Thamar Smith,female,white
145,John Burnshide,male,white
146,Maria Burnshide,female,white
147,William Warren,male,white
148,Susanna Warren,female,white
149,Geo Joice,male,white
150,Elisabeth Joice,female,white
151,Caesar,unknown,white
152,Biny Slave of John Duncan,unknown,Black
153,John Duncan,male,white
154,Martha Esqr,female,white
155,Johannes Leither,male,white
156,Elisabeth Leither,female,white
157,Johannes Schneider,male,white
158,Elisabeth Schneider,female,white
159,Johannes v Husen,male,white
160,Maria Husen,female,white
161,Thomas Heslett,male,white
162,Margaretha Heslett,female,white
163,Salomon Scherp,male,white
164,Rachel Scherp,female,white
165,Abraham van Vechten,male,white
166,Catharina Vechten,female,white
167,Johannes Eichelsheimer,male,white
168,Elisabeth Eichelsheimer,female,white
169,Friederick Romer,unknown,white
170,Nancy Romer,female,white
171,Richard Francisco,male,white
172,Elisabeth Francisco,female,white
173,Morris Merril,male,white
174,Neltje Merril,unknown,white
175,John Wands,male,white
176,Maria Wands,female,white
177,Joseph Jewel,male,white
178,Anna Jewel,female,white
179,Johannes Walz,male,white
180,Elisabeth Walz,female,white
181,Thomas Seger,male,white
182,Maria Seger,female,white
183,John Rewbuttom,male,white
184,Elisabeth Rewbuttom,female,white
185,John Ashmore,male,white
186,Elisabeth Rothbone,female,white
187,Heinrich Thornberger,male,white
188,Gertrude Thornberger,female,white
189,Henry Haggom,male,white
190,Dina Haggom,female,white
191,James,unknown,white
192,Elisabeth Mohrin (Slave?),female,Black
193,Abraham de Germo,male,white
194,Maria Germo,female,white
195,Bernhardus Everson,male,white
196,Martina Everson,female,white
197,Peter Doty,male,white
198,Catharina Doty,female,white
199,Samuel Baker,male,white
200,Margaretha Baker,female,white
201,Richard Patrick,male,white
202,Oliva Patrick,female,white
203,Edward Willet,male,white
204,Sarah Willet,female,white
205,Henry Stephens,male,white
206,Elisabeth Stephens,female,white
207,Martin John,male,white
208,Anna John,female,white
209,Johannes Salzberger,male,white
210,Maria Salzberger,female,white
211,Renier van Husen,unknown,white
212,Engeltje Husen,female,white
213,George Philip Wagner,male,white
214,Hannah Wagner,female,white
215,Johannes Lehmann,male,white
216,Demy Lehmann,unknown,white
217,Johann Jost Feir,male,white
218,Catharina Feir,female,white
219,Johannes Evertson,male,white
220,Annatje Evertson,unknown,white
221,Samuel Morei,male,white
222,Margaretha Morei,female,white
223,Renier v de Berg,unknown,white
224,Elisabeth Berg,female,white
225,William C van Doesen,male,white
226,Rachel Doesen,female,white
227,John Young,male,white
228,Cornelia Young,female,white
229,Peter Schaeffer,male,white
230,Anna Schaeffer,female,white
231,Hendrick van Doesen,male,white
232,Nelly Doesen,female,white
233,William Bromley,male,white
234,Weyntje Bromley,unknown,white
235,James Dou Levi,male,white
236,Maria Levi,female,white
237,Paulus Dinckelbach,male,white
238,Macy Dinckelbach,female,white
239,Dirk ein Sclave von Mr Dirk Hansen,male,white
240,Volkje Sclavin,unknown,white
241,Heinrich Muller,male,white
242,Eva Muller,female,white
243,William Abbott,male,white
244,Maria Abbott,female,white
245,Petrus Frolich,male,white
246,Ruth Frolich,female,white
247,Lorenz Mainzer,male,white
248,Elisabeth Mainzer,female,white
249,James Lyons,male,white
250,Dolly Lyons,female,white
251,Johannes Kohl,male,white
252,Penneville Backen,unknown,white
253,John Irvin,male,white
254,John Wendel,male,white
255,Johannes Growberger,male,white
256,Carl Johannes Toll,male,white
257,George Lauch,male,white
258,Andreas Werner,male,white
259,Johannes Groff,male,white
260,Samuel Batchelor,male,white
261,Andk Senr,unknown,white
262,George Joice Senr,male,white
263,Johan Ludwig Zeilmann,male,white
264,Jacob Schneider,male,white
265,Collin Gibson Heslett,male,white
266,Francis Ott,male,white
267,Christopher Schneider,male,white
268,Adam Overacker,male,white
269,Friederich Walls,male,white
270,Joseph Johnson,male,white
271,Johannes Schafer,male,white
272,Elisabeth Williams,female,white
273,Mathies de Germo,unknown,white
274,Martha Hoggin,female,white
275,Doctr Graham,unknown,white
276,Wendel Overacker,male,white
277,Hannah Erzberger,female,white
278,Henrich Albrecht,male,white
279,Casper Salzberger,male,white
280,John Geo Geyer,male,white
281,Philip Wagner,male,white
282,Jacob Lehmann,male,white
283,Gerhard Hardick,male,white
284,Cornelius Francisco,male,white
285,Philip Hartmann,male,white
286,Meinert van Husen,male,white
287,Samuel Page,male,white
288,Willhelm Komishom,unknown,white
289,Maria Broml,female,white
290,Diederich Hess,male,white
291,Christian Ottmann,male,white
292,Elisabeth Simson,female,white
293,Lidia Bratt,female,white
294,Martin Frolich,male,white
295,Johannis Mainzer,unknown,white
296,Aretje Sisco,unknown,white
297,Dorothea Backen,female,white
298,Maria Irvin,female,white
299,Eva Growberger,female,white
300,Eva van de Berg,female,white
301,Margaretha Lauch,female,white
302,Margaretha Fex,female,white
303,Anna Barbara Overacker,female,white
304,Margaretha Batchelor,female,white
305,Eitje Lagrantie,unknown,white
306,Martha Duncan,female,white
307,Barbara Bratt,female,white
308,Elenor Heslett,female,white
309,Maria Ott,female,white
310,Catharina Ebert,female,white
311,Cornelia Overacker,female,white
312,Jannetje Walls,female,white
313,John Greenwood,male,white
314,Christina Schafer,female,white
315,Helletje Williams,unknown,white
316,Rebecca Gardenier,female,white
317,Susanna Everson,female,white
318,Anna Maria Albrecht,female,white
319,Maria Kohl,female,white
320,Catharina Wagner,female,white
321,Margaretha Lehmann,female,white
322,Maria Hardick,female,white
323,Annatje Francisco,unknown,white
324,Margaretha Growberger,female,white
325,Gertrude Husen,female,white
326,Sanna Page,female,white
327,Agnis Komishom,male,white
328,Maria Hess,female,white
329,Maria Simson,female,white
330,Jochim Bratt,male,white
331,Anna Maria Frolich,female,white
332,Maria Mainzer,female,white
333,Anna May,female,white
334,Joh Schneider,unknown,white
335,Dirk Hansen,male,white
336,Joseph Britton,male,white
337,Naomy Britton,unknown,white
338,Jacob J. Schermerhorn,male,white
339,Rachel Schermerhorn,female,white
340,Samuel Walker,male,white
341,Darkes Walker,unknown,white
342,John Blake,male,white
343,Mary Mc Darmit,female,white
344,Volkert S. Veder,male,white
345,Annatje Veder,unknown,white
346,Abraham van Tessel,male,white
347,Annatje Tessel,unknown,white
348,John Crumb,male,white
349,Jenny Crumb,female,white
350,Arthur Haswell,male,white
351,Maria Haswell,female,white
352,Robert Haswell,male,white
353,Sarah Haswell,female,white
354,Peter Dox,male,white
355,Nancy Dox,female,white
356,Johannes Knute,male,white
357,Maria Knute,female,white
358,Jacobus Hogeboom,male,white
359,Lucretia Hogeboom,female,white
360,Hermann Kuhn,male,white
361,Anna Kuhn,female,white
362,Adam Slave of Jacob Schermenhorn,male,Black
363,Fiby Slave of Jan van Ale,unknown,Black
364,John Russal,male,white
365,Maria Russal,female,white
366,Leonhard Reisdorf,male,white
367,Jannetje Reisdorf,female,white
368,Alexander Seger,male,white
369,Hendrick Ecker,male,white
370,Margaretha Ecker,female,white
371,Cornelius van Beuren,male,white
372,Catharina Beuren,female,white
373,Peter Catell,male,white
374,Rebecca Catell,female,white
375,Charles Every,male,white
376,Maria Every,female,white
377,Dirk Roseboom,male,white
378,Rhoda Roseboom,female,white
379,Bernhard Ritter,male,white
380,Nancy Ritter,female,white
381,Primus Slave von der Wittwen Wendel,unknown,Black
382,Anna Slave von Abraham Dow,female,Black
383,Thomas Wilks,male,white
384,Nancy Wilks,female,white
385,John Fadden,male,white
386,Catharina Fadden,female,white
387,Thomas Slave of Volkert Dow,male,Black
388,Elisabeth Slave to John Beekman,female,Black
389,Peter Slave to Philip Schuyler,male,Black
390,Hanna Slave of Van Vechten,female,Black
391,Dick Slave to John van Schaik,male,Black
392,Jinney Slave of Judge Yates,unknown,Black
393,Jacob Antony,male,white
394,Eva Antony,female,white
395,Peter Groberger,male,white
396,Anna Elisabeth Growberger,female,white
397,Christoph Ramsey,male,white
398,Debora Ramsey,female,white
399,Hendrick van Aalen,male,white
400,Sarah Aalen,female,white
401,Patrick Agan,male,white
402,Barbara Agan,female,white
403,Carna Heines,unknown,white
404,Christina Heines,female,white
405,Lymon Hitchcock,unknown,white
406,Sophia Hitchcock,female,white
407,James Food,male,white
408,Elisabeth Food,female,white
409,Walter van der See,male,white
410,Maria See,female,white
411,John Mc Ellevray,male,white
412,Jannet Ellevray,female,white
413,Willhelm Springsteen,unknown,white
414,Jacobintje Springsteen,unknown,white
415,Thomas Haddock,male,white
416,Catharina Haddock,female,white
417,Nicolaus Retz,male,white
418,Elisabeth Retz,female,white
419,John van Antwerpen,male,white
420,Susanna Antwerpen,female,white
421,Seth Arnold,male,white
422,Catharina Arnold,female,white
423,Jeremia Deutscher,unknown,white
424,Jannetje Deutscher,female,white
425,Elisha Powell,male,white
426,Maria Powell,female,white
427,George Mc Mullen,male,white
428,Ruth Mullen,female,white
429,Nicholas van der Kar,male,white
430,Rachel Kar,female,white
431,John Steven,male,white
432,Phila Steven,unknown,white
433,George Bolton,male,white
434,Margaretha Bolton,female,white
435,Jacob Stower,male,white
436,Rosina Stower,female,white
437,Gerhardus Quaak,male,white
438,Catharina Quaak,female,white
439,John Cluett,male,white
440,Sarah Cluett,female,white
441,Antony Abraham,male,white
442,Anna Abrahams,female,white
443,Charles Camron,male,white
444,Christina Camron,female,white
445,John Mc Donild,male,white
446,Amelia Donild,female,white
447,Peter Rauh,male,white
448,Elisabeth Rauh,female,white
449,Margaretha Stewart,female,white
450,Johannes Hook,male,white
451,Maria Hook,female,white
452,Daniel Mc Kilvy,male,white
453,Nancy Kilvy,female,white
454,Jorgen Jan Osterhoudt,unknown,white
455,Lena Osterhoudt,female,white
456,Johannes van de Werke,male,white
457,Catharina Werke,female,white
458,Silas Standia,male,white
459,Maria Standia,female,white
460,William Lloyd,male,white
461,Francisca Lloyd,female,white
462,Thomas Frandisco,male,white
463,John Francisco,male,white
464,Sarah Francisco,female,white
465,Cornelius van der Kook,male,white
466,Maria Kook,female,white
467,Peter Claas,male,white
468,Annatje Claas,unknown,white
469,Henrich Willhelm Munk,male,white
470,Esther Munk,female,white
471,James Blake,male,white
472,Nancy Blake,female,white
473,Storm Bratt,male,white
474,Annatje Bratt,unknown,white
475,Christian Le Grantie,male,white
476,Dosia Grantie,unknown,white
477,William Duncan een Slave van  John Rensselaer,male,Black
478,Susanna frey,female,white
479,John Evertsen,male,white
480,Nancy Evertsen,female,white
481,Petrus Plank,male,white
482,Christina Plank,female,white
483,John Swain,male,white
484,Maria Kreisler,female,white
485,John Rosmann,male,white
486,Hannah Rosmann,female,white
487,Michael Winter,male,white
488,Elisabeth Winter,female,white
489,Daniel O'Brian,male,white
490,Sarah Brian,female,white
491,Neil Mc Neil,male,white
492,Rebecca McNeil,female,white
493,John Kiff,male,white
494,Anna Kiff,female,white
495,Reier Schermerhorn,unknown,white
496,Maria Schermerhorn,female,white
497,Jacob Lagrantie,male,white
498,Herreantje Lagrantie,unknown,white
499,Christian Friedrich Diefenbach,male,white
500,Diefenbach,unknown,white
501,Peter O'Bryan,male,white
502,Anna Bryan,female,white
503,Johannes Meissinger,male,white
504,Antje Meissinger,female,white
505,Michael Brandt,male,white
506,Margaretha Brandt,female,white
507,Conrad Hochteling,male,white
508,Gertrude Hochteling,female,white
509,Hendrick Ten Eyk,male,white
510,Jannetje Eyk,female,white
511,Matthias Scheer,male,white
512,Annatje Scheer,unknown,white
513,Hendrick van Hoesen,male,white
514,Elisabeth Hoesen,female,white
515,Jacob Overacker,male,white
516,Rachel Overacker,female,white
517,Ebert Evertsen,unknown,white
518,Elisabeth Evertsen,female,white
519,Conrad Hermann,male,white
520,Magdalena Hermann,female,white
521,Isaac Arnold,male,white
522,Elisabeth Arnold,female,white
523,James Hall,male,white
524,Maria Hall,female,white
525,Ebenezer Warns,male,white
526,Maria Warns,female,white
527,Friedrich Rausch,male,white
528,Anna Rausch,female,white
529,Nicolaus Haalenbeek,male,white
530,Maria Haalenbeeck,female,white
531,John Schermenhorn,male,white
532,George Fex,male,white
533,Agnis Mc Darmit,male,white
534,Jacob Lansing,male,white
535,William Bunside,male,white
536,Luis Obrain,male,white
537,Dirk Hoogebome,male,white
538,Jacob Hilderer,male,white
539,Tobias Slave of Hermann Hun,male,Black
540,William Johnson,male,white
541,Heinrich Moller,male,white
542,Lorentz Reisdorf,male,white
543,Johannes Land,male,white
544,Abraham Shutter,male,white
545,Christian Ehring,male,white
546,Samuel Bromly,male,white
547,Thomas Slave von Jacob Lansing,male,Black
548,William van den Berg,male,white
549,Elisabeth Slave van Johannes Bleiker,female,Black
550,Stophel Schneider,unknown,white
551,Catharina Peiser,female,white
552,Jacob Wiederwachs,male,white
553,Hermanus van Aalen,male,white
554,Hendrick Groberger,male,white
555,Charles Friedrich Londergrun,male,white
556,Gerhard Pick,male,white
557,George Kohlenberg,male,white
558,Anthony Brise,male,white
559,Cloe Lansing Slave v. Peter Lansing,unknown,Black
560,Peter Kuhn,male,white
561,Jorgen Michel,unknown,white
562,Stephen Freemann,male,white
563,Abraham van de Kar,male,white
564,Wife of John Kiff,unknown,white
565,Martinus Wiederwachs,male,white
566,John Dox,male,white
567,Nicolaus Michel,male,white
568,James Ferguson,male,white
569,John Ferguson,male,white
570,Patrick,unknown,white
571,Mater,unknown,white
572,Stophel Munk,unknown,white
573,Hendrick Osterhoudt,male,white
574,Peter Slingerland,male,white
575,Albert Slingerland,male,white
576,John Mandeville,male,white
577,Michael Francisco,male,white
578,Susanna Redley,female,white
579,Johannes Hog,male,white
580,James Williamson,male,white
581,Margaretha Zobel,female,white
582,Nicolaus Slingerland,male,white
583,Omi Le Grantie,female,white
584,Thomas Hall een Slave v. Mr. John Renselaer,male,Black
585,David Winno,male,white
586,Dirk van Dyk,male,white
587,Friederich Kreisler,male,white
588,George Rosmann,male,white
589,Storm van der See,male,white
590,Georg Nestel,male,white
591,Johannes Brandt,male,white
592,Rudolph Houk,male,white
593,Jacob Volweisen,male,white
594,Jacob Winny,male,white
595,Willhelm Overacker,unknown,white
596,Rebecca Kunz,female,white
597,Jacob Haalenbeeck,male,white
598,Margaretha Schermenhorn,female,white
599,Catharina Schneider,female,white
600,Maria Lansing,female,white
601,Maria Bunside,female,white
602,Catharina Obrain,female,white
603,Anna Elisabeth Walz,female,white
604,Jemimah Mc Cane,unknown,white
605,Margaretha Hinderer,female,white
606,Thomas Slave of Jan van Ale,male,Black
607,Margaretha Blawer,female,white
608,Juliana Moller,female,white
609,Anna Margaretha Reisdorf,female,white
610,Sarah Land,female,white
611,Maria Fonda,female,white
612,Philis Slave von der Wittwen Wendell,unknown,Black
613,Hannah Berg,female,white
614,Volkert Dow,male,white
615,Christian Peiser,male,white
616,Martha Aalen,female,white
617,Anna Groberger,female,white
618,Margaretha Enax,female,white
619,Margaretha Norton,female,white
620,Sarah Kohlenberg,female,white
621,Catharina Brise,female,white
622,Sarah Johnson,female,white
623,Thomas Lansing Slave v Jacob Lansing,male,Black
624,Alida Kuhn,female,white
625,Sarah Michel,female,white
626,Catharina Freemann,female,white
627,Jannetje van de Kar,female,white
628,Elisabeth Wiederwachs,female,white
629,Maria Dox,female,white
630,Anna Barbara Michel,female,white
631,Isabel Ferguson,female,white
632,Sanna Patrick,female,white
633,Neltje Munk,unknown,white
634,Maria Osterhoudt,female,white
635,Anna Maria Slingerland,female,white
636,Annatje Slingerland,unknown,white
637,Gesiah Mandeville,unknown,white
638,Elisabeth Hog,female,white
639,Maria Williamson,female,white
640,Marretje Slingerland,unknown,white
641,Eitje Grantie,unknown,white
642,Mercy een Slave v. Mr. Lh,unknown,Black
643,Maria Winno,female,white
644,Elisabeth Dyk,female,white
645,Catharina Kreisler,female,white
646,Lena Rosmann,female,white
647,Nancy Enax,female,white
648,Hester van der See,female,white
649,Margaretha Ehring,female,white
650,Margaretha Nestel,female,white
651,Rachel Houk,female,white
652,Maria van Ness,female,white
653,Maria Volweisen,female,white
654,Sanna Winny,female,white
655,Anna Barbara,female,white
656,Peter Rausch,male,white
657,Jacob Schermenhorn,male,white
658,Charity Right freye,female,white
659,Jan van Ale,male,white
660,Hermann Hun,male,white
661,Abraham Dow,male,white
662,Wittwen Wendel,unknown,white
663,Johannes Bleeker,male,white
664,John Beekman,male,white
665,Van Vechten,male,white
666,Philip Schuyler,male,white
667,Peter W Yates,male,white
668,John van Schaik,male,white
669,Michael b. 07 Feb 1787,male,white
670,Peter Lansing,male,white
671,John Rensselaer,male,white
672,James Berrier,male,white
673,Johanna Berrier,female,white
674,Bartholomaeus Hogeboom,male,white
675,Maria Hogeboom,female,white
676,Geo Michel,male,white
677,Margaretha Michel,female,white
678,Helmes Frolich,unknown,white
679,Elisabeth Froelich,female,white
680,Gerhard Staats,male,white
681,Elisabeth Staats,female,white
682,Casparus Kranckheit,male,white
683,Abigail Kranckheit,female,white
684,Susanna Kranckheit,female,white
685,Francis Clerk,male,white
686,Elisabeth Clerk,female,white
687,Stephen Johnson,male,white
688,Rebecca Johnson,female,white
689,John Cammel,male,white
690,Margaretha Cammel,female,white
691,Wenceslaus Hofmann,unknown,white
692,Hofmann,unknown,white
693,Peter Eichelsheimer,male,white
694,Christina Eichelsheimer,female,white
695,Nicolaus Janson,male,white
696,Elisabeth Johnson,female,white
697,George Zornberger,male,white
698,Lena Zornberger,female,white
699,Matthias Kehler,male,white
700,Lena Kehler,female,white
701,Peter Stahl,male,white
702,Gertrude Stahl,female,white
703,Friederich Philips,male,white
704,Sophia Philips,female,white
705,John Hildebrand,male,white
706,Jemima Hildebrand,unknown,white
707,Johannes Ehring,male,white
708,Elisabeth Ehring,female,white
709,Daniel Reiffenberg,male,white
710,Eva Reiffenberg,female,white
711,John Prosser,male,white
712,Sarah Prosser,female,white
713,Christopher Wetzel,male,white
714,Margaretha Wetzel,female,white
715,Abraham van Scheiven,male,white
716,Maria Scheiven,female,white
717,Isaac Denison,male,white
718,Elenor Dennisen,female,white
719,Jacob Springsteen,male,white
720,Rachel Springsteen,female,white
721,Johann Friedr Sohumann,male,white
722,Elisabeth Sohumann,female,white
723,Jeremiah Springsteen,male,white
724,Sarah Springsteen,female,white
725,Jacob Ekely,male,white
726,Hannah Ekely,female,white
727,Robert Gray,male,white
728,Susanna Gayer,female,white
729,Hendrick Buis,male,white
730,Elisabeth Buis,female,white
731,Johann Christian Friedenreich,male,white
732,Eva Fedderle,female,white
733,Assa Haven,female,white
734,Maria Haven,female,white
735,Johannes Plank,male,white
736,Catharina Plank,female,white
737,Henrich Young,male,white
738,Henrich Kautsmann,male,white
739,Christina Kautsmann,female,white
740,Bastian Schmidt,male,white
741,Catharina Schmidt,female,white
742,Adam Keller,male,white
743,Maria Keller,female,white
744,Johannes Loss,male,white
745,Catharina Loss,female,white
746,Johannes Hagadorn,male,white
747,Anna Hagadorn,female,white
748,Willhelm Schmidt,unknown,white
749,Maria Schmidt,female,white
750,Kilian de Winny,male,white
751,Sarah Winny,female,white
752,Nicolaus Hagemann,male,white
753,Maria Hagemann,female,white
754,Friederich Friedenthal,male,white
755,Catharina Friedenthal,female,white
756,Johannes Bastian,male,white
757,Eva Bastian,female,white
758,Hypoleth Pennet,unknown,white
759,Fanny Pennet,female,white
760,Cornelius Sandfort,male,white
761,Cornelia Sandfort,female,white
762,Lorenz Trimper,male,white
763,Cataleintje Trimper,unknown,white
764,Johann Melchert Ochs,male,white
765,Engel Ochs,female,white
766,Edward Connell,male,white
767,Sarah Connell,female,white
768,Isaac Rendell,male,white
769,Hannah Rendell,female,white
770,Charles Johnson,male,white
771,Peter Kreisler,male,white
772,Magdalena Kreisler,female,white
773,Jacob Kunz,male,white
774,Maria Kunz,female,white
775,Philip Spickermann,male,white
776,Catharina Spickermann,female,white
777,Johannes Kehr,male,white
778,Sally Kehr,female,white
779,Jacob Skermenhorn,male,white
780,Rachel Skermenhorn,female,white
781,William Hammilton,male,white
782,Christina Hammilton,female,white
783,Allen Thompson,male,white
784,Caty Thompson,female,white
785,Isaac Parsons,male,white
786,Reny Parsons,female,white
787,Adoniah Cooly,unknown,white
788,Hannah Cooly,female,white
789,Jonathan Ward,male,white
790,Nancy Ward,female,white
791,Alexander Stoacks,male,white
792,Jane Stoacks,female,white
793,Maria Elisabeth Fex,female,white
794,John Wolf,male,white
795,Maria Wolf,female,white
796,Daniel Reiner,male,white
797,Elisabeth Reiner,female,white
798,Augustinus Jeremias,male,white
799,Nancy Jeremias,female,white
800,Tilial Parker,unknown,white
801,Maria Parker,female,white
802,George Archer,male,white
803,Molly Archer,female,white
804,Willhelm Geffers,unknown,white
805,Maria Geffers,female,white
806,Petrus Ostrander,male,white
807,Annatje Ostrander,unknown,white
808,Jeremias Johnson,male,white
809,Elisabeth Joyce,female,white
810,Andreas Zitzer,male,white
811,Gabriel Esselstyne,male,white
812,Johannes Kilmer,male,white
813,Catharina Kaiser,female,white
814,Johannes Osterhoud,male,white
815,Joachim Staats,male,white
816,Abraham Wimpel,male,white
817,Mattheus Zornberger,unknown,white
818,Zacharias Kramer,male,white
819,Friederich Kuhnle,male,white
820,John Woodbeck,male,white
821,Cornelius Vromann Junr,male,white
822,Jorgen Lauk,unknown,white
823,Andreas Diver,male,white
824,John Freyer,male,white
825,Cornelius Kohl,male,white
826,David Kohl,male,white
827,Jerry Springsteen,male,white
828,Philip Vetterly,male,white
829,Jorgen Young,unknown,white
830,Peter Bassan,male,white
831,Johan Adolf Becker,male,white
832,William Schauer,male,white
833,Andreas Lowe,male,white
834,Petrus Schmidt,male,white
835,Barend Mynert,male,white
836,Johannes van Voast,male,white
837,Cornelia,unknown,white
838,John Cuyler,male,white
839,Johann Philip Wagner,male,white
840,Daniel Parker,male,white
841,Jacob Schmidt,male,white
842,Johannes Kaus,male,white
843,Cornelius Mc Fahl,male,white
844,Jorgen Schauer,unknown,white
845,Levy Blasel,unknown,white
846,Jacob Striebel,male,white
847,Adam Striebel,male,white
848,Matthias Hoffmann,male,white
849,Adam Lones,male,white
850,Joseph Wetzel,male,white
851,Michael Diver,male,white
852,Anthony Hoskins,male,white
853,Maria,unknown,white
854,John Archer,male,white
855,Martin Hebeisen,male,white
856,John Hood,male,white
857,Lena Miller,female,white
858,Catalintje Esselstyne,unknown,white
859,Elisabeth Kilmer,female,white
860,Johannes Wetzel,male,white
861,Agnetje Osterhoud,unknown,white
862,Joseph Kreiner,male,white
863,Maria Zornberger,female,white
864,Rebecca Kramer,female,white
865,Lena Kuhnle,female,white
866,Annatje van den Berg,unknown,white
867,Magdalena Junr,female,white
868,Anna Kayser,female,white
869,Eva Diver,female,white
870,Nancy Freyer,female,white
871,Sarah Kohl,female,white
872,Debora Bass,female,white
873,Caty van Plank,female,white
874,Sanna Gray,female,white
875,Margaretha Vetterly,female,white
876,Margaretha Neil,female,white
877,Elisabeth Bassan,female,white
878,Maria Becker,female,white
879,Margaretha Schauer,female,white
880,Margaretha Lowe,female,white
881,Jannetje Mynert,female,white
882,Sarah Voast,female,white
883,Anna Cuyler,female,white
884,Elisabeth Parker,female,white
885,Sarah Schmidt,female,white
886,Catharina Kaus,female,white
887,Nancy Fahl,female,white
888,Anna Maria Schauer,female,white
889,Ariantje Blasel,unknown,white
890,Anna Maria Striebel,female,white
891,Elisabeth Striebel,female,white
892,Anna Maria Hoffmann,female,white
893,Elisabeth Lones,female,white
894,Eva Hoff,female,white
895,Fibia Ditchhout,unknown,white
896,Judith Archer,female,white
897,Elisabeth Hebeisen,female,white
898,Catharina Enax,female,white
899,Elisabeth Hood,female,white
900,Judith Joyce,female,white
901,Johannes Reiffenberg,male,white
902,Fanny Lloyd,female,white
903,Antony Ostrom,male,white
904,Sarah Ostrom,female,white
905,Christian Arnhout,male,white
906,Sibilla Arnhout,female,white
907,Christian Bonats,male,white
908,Annatje Bonats,unknown,white
909,Jeremiah Mead,male,white
910,Maria Mead,female,white
911,Benjamin van Koeren,male,white
912,Belletje Koeren,unknown,white
913,Joseph van Ness,male,white
914,Jannetje Ness,female,white
915,Abraham de Graaf,male,white
916,Christina Graaf,female,white
917,Johannes Schmidt,male,white
918,Neltje Schmidt,unknown,white
919,Thomas Beebi,male,white
920,Oliva Beebi,female,white
921,Richard Slave to Mr Casparus Bruyn,male,Black
922,Rachel Slave to Cornelius Schaluyne,female,Black
923,John Mc Pherson,male,white
924,Jane Pherson,female,white
925,Thomas Burnside,male,white
926,Arianya Burnside,unknown,white
927,James Mcllinch,male,white
928,Jenny Mcllinch,female,white
929,John Vallier,male,white
930,Maria Vallier,female,white
931,John Bancker,male,white
932,Annatje Bancker,unknown,white
933,Johannes Albrecht,male,white
934,Rosina Albrecht,female,white
935,Polly Yates,female,white
936,Johannes Blent,male,white
937,Louise Blent,female,white
938,Johannes Kantling,male,white
939,Catharina Kantling,female,white
940,Lucas de Witt,male,white
941,Elisabeth Witt,female,white
942,Rachel Schneider,female,white
943,Hendrick Wilsy,male,white
944,Margaretha Wilsy,female,white
945,Salomon Scribner,male,white
946,Lena Scribner,female,white
947,Henrioh Staady,unknown,white
948,Eva Staady,female,white
949,Thomas Woodholl,male,white
950,Sarah Woodholl,female,white
951,Willhelm Bolton,unknown,white
952,Eunice Bolton,female,white
953,Abraham Halenbeck,male,white
954,Margaretha Halenbeck,female,white
955,Daniel Wolfarth,male,white
956,Margaretha Wolfarth,female,white
957,Michael Herb,male,white
958,Elisabeth Herb,female,white
959,James Johnson,male,white
960,Molly Johnson,female,white
961,Christopher Raaf,male,white
962,Catharina Raaf,female,white
963,John Osterhout,male,white
964,Lena Osterhout,female,white
965,Ezekiel Tiffany,male,white
966,Margaretha Tiffany,female,white
967,Philip Molter,male,white
968,Catharina Molter,female,white
969,Jan Legrantie,male,white
970,Maria Legrantie,female,white
971,John Gee,male,white
972,Mariamme Gee,unknown,white
973,Johannes Speier,male,white
974,Margaretha Speier,female,white
975,John Ostrom,male,white
976,Esther Ostrom,female,white
977,Ralph Thomson,male,white
978,Anna Thomson,female,white
979,Johannes Kunnle,male,white
980,Barbara Kunnle,female,white
981,John Sickel,male,white
982,Anna Sickel,female,white
983,Jacob Hetzel,male,white
984,Christina Cupper,female,white
985,Michael Smith,male,white
986,Margaretha Rauh,female,white
987,Johannes Consales,male,white
988,Magdalena Consales,female,white
989,Philip Vreest,male,white
990,Annatje Vreest,unknown,white
991,Petrus Greber,male,white
992,Margaretha Greber,female,white
993,Nicolaus Klein,male,white
994,Elisabeth Klein,female,white
995,Ebenezer Wands,male,white
996,Peter Horn,male,white
997,Weyntje Horn,unknown,white
998,Gerrit Bensen  in Caelibatu,male,white
999,Anna Becker,female,white
1000,Peter de Groot,male,white
1001,Catharina Groot,female,white
1002,Abraham Springsteen,male,white
1003,Debora Springsteen,female,white
1004,Cornelius Brauer,male,white
1005,Jemima Brauer,unknown,white
1006,Michael Henn,male,white
1007,Catharina Henn,female,white
1008,Henrich Hunermund,male,white
1009,Elisabeth Hunermund,female,white
1010,Hugh Barr,male,white
1011,Sarah Barr,female,white
1012,Johan Wally,male,white
1013,Wilhelmus Froelich,male,white
1014,Johannes Knickebacker,male,white
1015,Pompe Slave to John Lansing,unknown,Black
1016,Jorgen Fex,unknown,white
1017,Abraham Hochteling,male,white
1018,Isaac Vromann,male,white
1019,Wouter Slingerland,male,white
1020,Polly,unknown,white
1021,Willhelm Haalenbeeck,unknown,white
1022,Jan van Loon,male,white
1023,Philip Sohneider,male,white
1024,John Kerr,male,white
1025,Nicolaus Staady,male,white
1026,Alexander Stoaks,male,white
1027,Johannes Hochteling,male,white
1028,Mattheus Wormer,unknown,white
1029,Samuel Rock,male,white
1030,George Charters,male,white
1031,Ludewig Zicker,unknown,white
1032,Nicolaus Bronk,male,white
1033,Johannes Wolter,male,white
1034,Philip Sohut,male,white
1035,William Hochteling,male,white
1036,Arend Feinhaut,male,white
1037,Willhelm Cibra,unknown,white
1038,Martinus Cupper,male,white
1039,John Salzbury,male,white
1040,Cornelius Bulsen,male,white
1041,Peter Vreest,male,white
1042,Johannes Greber,male,white
1043,John Williams,male,white
1044,John Heeth,male,white
1045,Debora,unknown,white
1046,Johan Otto Ram,male,white
1047,Sibilla Wally,female,white
1048,Anna Maria Knickebacker,female,white
1049,Lea Slave to Corneli Schaluyne,female,Black
1050,Catharina Fex,female,white
1051,Annatje Hochteling,unknown,white
1052,Magdalena Vromann,female,white
1053,Elisabeth Albrecht,female,white
1054,Annatje Loon,unknown,white
1055,Maria Kerr,female,white
1056,Catharina Staady,female,white
1057,Jane Stoaks,female,white
1058,Maria Hochteling,female,white
1059,Maria Werner,female,white
1060,Peggy Wormer,female,white
1061,Hannah Charters,female,white
1062,Christina Zicker,female,white
1063,Catharina Bronk,female,white
1064,Margaretha Newmann,female,white
1065,Dorothea Ursula Hoffmann,female,white
1066,Elisabeth Sohut,female,white
1067,Elisabeth Hochteling,female,white
1068,Darkes Feinhaut,unknown,white
1069,Rebecca Cibra,female,white
1070,Regina Cupper,female,white
1071,Emmetje Salzbury,unknown,white
1072,Annatje Bulsen,unknown,white
1073,Maria Greber,female,white
1074,Polly Williams,female,white
1075,Catharina Ram,female,white
1076,John Lansing,male,white
1077,Casparus Bruyn,male,white
1078,Cornelius Schaluyne,male,white
1079,Christina Newmann,female,white
1080,Rebecca Yates,female,white
1081,Samuel Henderer,male,white
1082,Polly Henderer,female,white
1083,Gerhard Bratt,male,white
1084,Alida Bratt,female,white
1085,Salomon Waly,male,white
1086,Elsje Waly,female,white
1087,Martinus Ries,male,white
1088,Lena Ries,female,white
1089,Isaac van Nette,male,white
1090,Selia Nette,unknown,white
1091,Jacob Arnold,male,white
1092,Maria Arnold,female,white
1093,Caty Stewart,female,white
1094,John Mills,male,white
1095,Freelove Mills,unknown,white
1096,Matthias Bronk,male,white
1097,Annatje Bronk,unknown,white
1098,John Wood,male,white
1099,Rebecca Wood,female,white
1100,Jacob Mooke,male,white
1101,Margaretha Mooke,female,white
1102,John Ostrander Junr,male,white
1103,Catharina Junr,female,white
1104,Conrad Schwarz,male,white
1105,Elisabeth Schwarz,female,white
1106,Adam Riemer,male,white
1107,Juni Riemer,unknown,white
1108,Jacob Arnhout,male,white
1109,John Phillips,male,white
1110,Catharina Phillips,female,white
1111,James Witmore,male,white
1112,Ditje Witmore,unknown,white
1113,Adrian Bratt,male,white
1114,Maria Bratt,female,white
1115,Daniel Wicks,male,white
1116,Freelove Wicks,unknown,white
1117,Heinrich Sieburg,male,white
1118,Anna Sieburg,female,white
1119,Catharina Schermenhorn,female,white
1120,Ezra Griffin,male,white
1121,Anna Griffin,female,white
1122,Nicolaus Friederich Staade,male,white
1123,Staade,unknown,white
1124,Caty Arnold,female,white
1125,William Mc C Credy,male,white
1126,Hannah Credy,female,white
1127,Margery Dinckelbach,female,white
1128,Jacob Kerker,male,white
1129,Sarah Kercher,female,white
1130,Philip Meyer,male,white
1131,Margaretha Meyer,female,white
1132,Wianna Bromley,unknown,white
1133,George Kuhnle,male,white
1134,Paulus Muhn,male,white
1135,Margaretha Muhn,female,white
1136,William Radlife,male,white
1137,Margaretha Radlife,female,white
1138,Peter Kanker,male,white
1139,Christina Kanker,female,white
1140,Peter Dorner,male,white
1141,Arianya Dorner,unknown,white
1142,Johann Conrad Ruby,male,white
1143,Richard Rodly,male,white
1144,William Breed,male,white
1145,Abraham Bronk,male,white
1146,Zacharias Schmidt,male,white
1147,William Ball,male,white
1148,Per Deichert,male,white
1149,Johannes Marseilis,male,white
1150,Frantz Ruschow,male,white
1151,Conrad Kirchner,male,white
1152,Simon Milius,male,white
1153,Tobias Muller,male,white
1154,Abraham Becker,male,white
1155,Henrich Staade,male,white
1156,Henrich Kerker,male,white
1157,Bastian Franz,male,white
1158,Philip Schafer,male,white
1159,John Ohr,male,white
1160,John Straub,male,white
1161,Sarah Ruby,female,white
1162,Elisabeth Breed,female,white
1163,Anna Schmidt,female,white
1164,Catharina Mooke,female,white
1165,Maria Ball,female,white
1166,Barbara Deichert,female,white
1167,Maria Ruschow,female,white
1168,Elisabeth Kirchner,female,white
1169,Cornelia Milius,female,white
1170,Marretje Muller,unknown,white
1171,Eva Becker,female,white
1172,Maria Rosina Staade,female,white
1173,Maria Barbara Kerker,female,white
1174,Lena Franz,female,white
1175,Elisabeth Ohr,female,white
1176,Catharina Dorothea Straub,female,white
1177,Sarah Kerker,female,white
1178,Maria Margaretha Enax,female,white
1179,Henry Leik,male,white
1180,Maria Leik,female,white
1181,Daniel Rokenstein,male,white
1182,Gertrude Rokenstein,female,white
1183,Henrich Foss,male,white
1184,Elisabeth Foss,female,white
1185,Joseph Nellinger,male,white
1186,Anna Nellinger,female,white
1187,Henrich Heyne,male,white
1188,Anna Heyne,female,white
1189,Treysbach,unknown,white
1190,Catharina Treysbach,female,white
1191,Henry Loseje,male,white
1192,Jean Loseje,male,white
1193,Ludwig Heens,male,white
1194,Margaretha Heens,female,white
1195,Johannes Gory,male,white
1196,Anna Gory,female,white
1197,Christoph Hauck,male,white
1198,Maria Hauck,female,white
1199,Conrad Kerker,male,white
1200,Johan Georg Bender,male,white
1201,Friderich Scheele,male,white
1202,Thomas Witbeck,male,white
1203,Maria Kerker,female,white
1204,Maria Neuman,female,white
1205,Elisabeth Scheele,female,white
1206,Jenni Witbeck,female,white
1207,Johannes Arnold,male,white
1208,Maria Elisabeth Schmidt,female,white
1209,Nikolaus Wiedemann,male,white
1210,Elisabeth Wiedemann,female,white
1211,Jacob Bachmann,male,white
1212,Eva Bachmann,female,white
1213,Peter Tory,male,white
1214,Catharina Tory,female,white
1215,Levi Wilks,male,white
1216,Anna Wilks,female,white
1217,Maria Elisabeth,female,white
1218,Benjamin Johns,male,white
1219,Barbara Johns,female,white
1220,Johannes Graft,male,white
1221,Catharina Graft,female,white
1222,George Booth,male,white
1223,Elisabeth Booth,female,white
1224,Ghemini Brauer,unknown,white
1225,Petrus Zufeld,male,white
1226,Maria Zufeld,female,white
1227,Nicolaus Zeh,male,white
1228,Sophia Zeh,female,white
1229,Conradt Nemsel,unknown,white
1230,Elisabeth Nemsel,female,white
1231,Adam Reifenberger,male,white
1232,Ursula Reifenberger,female,white
1233,George Rorich,male,white
1234,Maria Rorich,female,white
1235,Christina Gayer,female,white
1236,William Wepp,male,white
1237,Maria Catharina Getter,female,white
1238,Abraham van der Heyden,male,white
1239,Maria Heyden,female,white
1240,Adam Rohmann,male,white
1241,Josepha Rohmann,female,white
1242,Henrich Spaan,male,white
1243,Catharina Spaan,female,white
1244,Siles Hathen,unknown,white
1245,Hannah Hathen,female,white
1246,Maria Dorothea,female,white
1247,William Tallbert,male,white
1248,Anna Tallbert,female,white
1249,Dan Packensteier,male,white
1250,Gertrude Packensteier,female,white
1251,Isaac Wormer,male,white
1252,Jese Wormer,unknown,white
1253,Sarah Halenbeck,female,white
1254,Sigm Diffene,unknown,white
1255,Margaretha Diffene,female,white
1256,Alex m'Kimly,male,white
1257,Rachel Kimly,female,white
1258,Henry Ten Eick,male,white
1259,Jannetje Eick,female,white
1260,Lenh Faljessen,unknown,white
1261,Margaretha Faljessen,female,white
1262,Peter Spaan,male,white
1263,Polly Spaan,female,white
1264,Jacob Fedder,male,white
1265,Anna Fedder,female,white
1266,Lucas Taylor,male,white
1267,Cecilia Taylor,female,white
1268,Jacob Iiuss,male,white
1269,Betje Iiuss,unknown,white
1270,Christian Arnold,male,white
1271,Johann Zeidelmann,male,white
1272,Johannes Moog,male,white
1273,Henrich Schop,male,white
1274,Nicolaus Pratt,male,white
1275,George Wetzel,male,white
1276,Johann Paulus Graft,male,white
1277,Johannes Meier,male,white
1278,Henrich Sievern,male,white
1279,Harry Milton,male,white
1280,Hermann Henrich,male,white
1281,Friederich Orlob,male,white
1282,Henrich Reifenberger,male,white
1283,Johannes Mathias Rorich,male,white
1284,Peter Schneider,male,white
1285,Bockridge Wepp,unknown,white
1286,George Scharp,male,white
1287,Philip Spaan,male,white
1288,Beth Calomy Fortsee,female,white
1289,William Giles,male,white
1290,Zacharias Sickels,male,white
1291,Thomas M'Dole,male,white
1292,John Wray,male,white
1293,Friedrich Walth,male,white
1294,Friedrich Sievers,male,white
1295,Mich Halenbek,unknown,white
1296,Georg Gill,male,white
1297,Andr Brath,unknown,white
1298,Johan Hoohteling,male,white
1299,Sybilla Arnold,female,white
1300,Dorothea Zeidelmann,female,white
1301,Maria Moog,female,white
1302,Sara Hubern,female,white
1303,Barbara Pratt,female,white
1304,Maria Wetzel,female,white
1305,Margaretha Graft,female,white
1306,Rachel Meier,female,white
1307,Elisabeth Sievern,female,white
1308,Maria Milton,female,white
1309,Gertrude Henrich,female,white
1310,Maria Watson,female,white
1311,Annatje Orlob,unknown,white
1312,Johanna Schneider,female,white
1313,Gertrude Rorich,female,white
1314,Gertrude Schneider,female,white
1315,Maria Catharina Webb,female,white
1316,Catharina Scharp,female,white
1317,Maria Spaan,female,white
1318,James Fortsee,male,white
1319,Hannah Giles,female,white
1320,Catharina Sickels,female,white
1321,Elisabeth Dole,female,white
1322,Anna Wray,female,white
1323,Johanna Walth,female,white
1324,Jemima Haiff,unknown,white
1325,Jamaike Halenbek,unknown,white
1326,Catherine Renselaer Weik,female,white
1327,Johannes Flack,male,white
1328,Elisabeth Brath,female,white
1329,Janneke Sohlingland,female,white
1330,Joseph Fortmann,male,white
1331,Margaretha Fortmann,female,white
1332,Wilhelm Gernreich,male,white
1333,Catharina Gernreich,female,white
1334,Henrich Leik,male,white
1335,Maria Geder,female,white
1336,Moses Runnells,male,white
1337,Elisabeth Connel,female,white
1338,Peter Duncan,male,white
1339,Nancy Eglishem,female,white
1340,Herrmann Henders,male,white
1341,Gertraud Henders Rooss,female,white
1342,Thomas Ronnels,male,white
1343,Christina Moore,female,white
1344,Daniel Pohlmann,male,white
1345,Maria Neumann,female,white
1346,Albert Fosgett,male,white
1347,Cornelia Fosgett,female,white
1348,Peter Ross,male,white
1349,Joh Hut,unknown,white
1350,Nancy Englishem,female,white
1351,Christina Ronnels,female,white
1352,Elisabeth Hut,female,white
1353,Catarina M'Carrien,female,white
1354,Petrus Bozer,male,white
1355,Elisabeth Bozer,female,white
1356,Nicolaus Frez,male,white
1357,Elisabeth Frez,female,white
1358,Johannes Judy,male,white
1359,Catharina Judy,female,white
1360,Jacob Redlief,male,white
1361,Susanna Redlief,female,white
1362,John Orthaut,male,white
1363,Louise Orthaut,female,white
1364,William Tupper,male,white
1365,Polly Tupper,female,white
1366,Henrich Siegmann,male,white
1367,Nancy Siegmann,female,white
1368,Daniel Lenhard,male,white
1369,Elisabeth Lenhard,female,white
1370,John Weiman,male,white
1371,Helena Weiman,female,white
1372,Abraham van Tussen,male,white
1373,Cornelia Tussen,female,white
1374,Thomas Amater,male,white
1375,Elenor Amater,female,white
1376,Jacob Ham,male,white
1377,Fransisca Rosina,unknown,white
1378,John Soodert,male,white
1379,Catharina Soodert,female,white
1380,James Wilks,male,white
1381,Catharina Wilks,female,white
1382,Christopher Haken,male,white
1383,Maria Haken,female,white
1384,John Town,male,white
1385,Elisabeth Town,female,white
1386,Joseph Trever,male,white
1387,Catharina Trever,female,white
1388,James Donleib,male,white
1389,Charlotte Donleib,female,white
1390,Peter Jung,male,white
1391,Rudolph Tompson,male,white
1392,John Redly,male,white
1393,John Peter Wetbeck,male,white
1394,Jacob Hilton,male,white
1395,George Friederich Scheele,male,white
1396,Christian Loudwig Burgers,male,white
1397,John Hochtailing,male,white
1398,William Spotten,male,white
1399,Christopher Lawyer,male,white
1400,Josuah Callwell,unknown,white
1401,Jacob Hinderer,male,white
1402,Wilhelm Wagner,male,white
1403,William van Uline,male,white
1404,Johannes Huth,male,white
1405,Eva Jung,female,white
1406,Anna Charlotte,female,white
1407,Maria Orthaut,female,white
1408,Sally Hilton,female,white
1409,Catharina Barbara Burgers,female,white
1410,Christina Hochtailing,female,white
1411,Isabella Spoten,female,white
1412,Christina Fransisca Baurin,female,white
1413,Robert Gran,male,white
1414,Maria Lawyer,female,white
1415,Charlotte Callwell,female,white
1416,Maria Henderer,female,white
1417,Elisabeth Wagner,female,white
1418,Christina Uline,female,white
1419,Elisabeth Huth,female,white
1420,Elisabeth Bergin,female,white
1421,Henrich Hochtailen,male,white
1422,David Fischir,male,white
1423,Cath Fischir,female,white
1424,William Raff,male,white
1425,Christina Raff,female,white
1426,Henrich Losey,male,white
1427,Johanna Losey,female,white
1428,William Loevenstone,male,white
1429,Elisabeth Loevenstone,female,white
1430,Maria Dorothea Henderer,female,white
1431,John Morie,male,white
1432,Gertrude Morie,female,white
1433,Friederich Ruz,male,white
1434,Magdalena Ruz,female,white
1435,Jeremias Muth,male,white
1436,Maria Muth,female,white
1437,John Walter,male,white
1438,Elisabeth Walter,female,white
1439,William Mely,male,white
1440,Maria Mely,female,white
1441,Cath Spaan,female,white
1442,Jacbb Henny,unknown,white
1443,Sarah Henny,female,white
1444,Elisabeth Wormer,female,white
1445,David Kercher,male,white
1446,Cecilia Kerker,female,white
1447,Nicolaus Fred,male,white
1448,Elisabeth Fred,female,white
1449,Henrich Niemayer,male,white
1450,Maria Niemayer,female,white
1451,Daniel Calvais,male,white
1452,Julia Calvais,female,white
1453,Henrich Zobel,male,white
1454,Elisabeth Zobel,female,white
1455,Maria Schaeffer,female,white
1456,Christopher Ruby,male,white
1457,Catharina Ruby,female,white
1458,Carl Friederich Brown,male,white
1459,Maria Christina Braun,female,white
1460,Andreas Petger,male,white
1461,Maria Petger,female,white
1462,Johann Henrich Wistinhausen,male,white
1463,Martinus Schneider,male,white
1464,Anthony West,male,white
1465,Johann Friederich Raff,male,white
1466,Dorothea Huttin,female,white
1467,Michael Palmadeir,male,white
1468,Carl Simons,male,white
1469,Anthon Theodor Braun,male,white
1470,Daniel Schneider,male,white
1471,Andreas Shmidt,male,white
1472,Allic Shmidt,unknown,white
1473,Albert Van Deik,male,white
1474,Christopfer Batermann,unknown,white
1475,Gertrude Kuhn,female,white
1476,Jacob Loudwig Hauck,male,white
1477,Bernhard Wormer,male,white
1478,Johann Conrad Kercher,male,white
1479,Christopher Baff,male,white
1480,Wilhelm Urlaub,male,white
1481,Christopfer Hag,unknown,white
1482,Phillip Lenibeker,male,white
1483,Conrad Ruby,male,white
1484,Johann Henrich Niemayer,male,white
1485,Friederich Vaahl,male,white
1486,Anna Maria Wistinhausen,female,white
1487,Anna Schneider,female,white
1488,Lucia West,female,white
1489,Maria Elisabeth Raff,female,white
1490,Lena Palmadeir,female,white
1491,Annatgen Van Dersee,unknown,white
1492,Maria Uhlein,female,white
1493,Anna Dorothea Schneider,female,white
1494,Catharina Elisabeth Shmidt,female,white
1495,Louisse Catharina Heglie,unknown,white
1496,Rachel van Deik,female,white
1497,Daniel Krenz,male,white
1498,Jacob Feder,male,white
1499,Nanzy Docks,unknown,white
1500,Catharina Baff,female,white
1501,Maria Urlaub,female,white
1502,Margaretha Dorothea Schneider,female,white
1503,Maria Hag,female,white
1504,Christina Vaahl,female,white
1505,Henrich Kercher,male,white
1506,Debora Marlan,female,white
1507,Thomas Buts,male,white
1508,Catharina Elisabeth Buts,female,white
1509,Eva Wagner,female,white
1510,Maria Braun,female,white
1511,Sara Ruby,female,white
1512,Justus Christian Stokmann,male,white
1513,Carolina Friederica Stokmann,female,white
1514,Hermanus Hinderer,male,white
1515,Sallis Hutten,unknown,white
1516,Anna Hutten,female,white
1517,Johann Phillip Dampf,male,white
1518,Susanna Dampf,female,white
1519,Johann Gross,male,white
1520,Janny Gross,female,white
1521,Ezekiel Hesterns,male,white
1522,Polly Hesterns,female,white
1523,John Mc Dole,male,white
1524,Elgen Dole,unknown,white
1525,John Osthault,male,white
1526,Elisabeth Osthault,female,white
1527,Johannes Kerker,male,white
1528,Christina Kerker,female,white
1529,Joseph Wagner,male,white
1530,Henriette Wagner,female,white
1531,Wilhelm Uhroofe,male,white
1532,Christina Uhroofe,female,white
1533,Robert M'Gory,male,white
1534,Sarah Gory,female,white
1535,Esekias Schudloof,unknown,white
1536,Aggelica Schudloof,unknown,white
1537,Abraham Noxen,male,white
1538,Maria Noxen,female,white
1539,David Maritin,male,white
1540,Catharina Maritin,female,white
1541,George Jacob Kinkerlie,male,white
1542,Anna Sophia Kingerle,female,white
1543,Andreas Schmidt,male,white
1544,Catharina Elisabeth Schmidt,female,white
1545,der tochter angenommen von Friederich Walz,unknown,white
1546,Jannatgen Walz,unknown,white
1547,George M'Ready,male,white
1548,Veronica Ready,female,white
1549,William Macintosh,male,white
1550,Elisabeth Macintosh,female,white
1551,Jacob Rop,male,white
1552,Magdalena Rop,female,white
1553,George Rios,male,white
1554,Anna Rios,female,white
1555,Isaac Fausboury,male,white
1556,Elisabeth Fausboury,female,white
1557,Lambert Cole,male,white
1558,Nancy Cole,female,white
1559,George Bender,male,white
1560,Barbara Bender,female,white
1561,Johanna Dorothea Hithin,female,white
1562,Jacob Pohlmann,male,white
1563,Elias Hutten,male,white
1564,Peter Kempf,male,white
1565,Christoph Gertner,male,white
1566,Maria Brown,female,white
1567,Abraham Van Rensch,male,white
1568,Eberth Osthault,unknown,white
1569,Friederich Reiz,male,white
1570,John Skitmore,male,white
1571,David Mann,male,white
1572,George Phillip,male,white
1573,Phillip Miller,male,white
1574,Thomas Watzon,male,white
1575,Elisabeth Calwel,female,white
1576,Gosen van Scheik,male,white
1577,Henrich Turks,male,white
1578,Johann Christopher Haak,male,white
1579,Christian Bender,male,white
1580,Maria Pohlmannin,female,white
1581,Sarah Hutten,female,white
1582,Catharina Kempf,female,white
1583,Sophia Gertner,female,white
1584,Elisabeth Rensch,female,white
1585,Margaretha Osthault,female,white
1586,Charles Bevie,male,white
1587,Johannes Van Hohenberg,male,white
1588,Lena Shelly,female,white
1589,Catharina Deny,female,white
1590,Dorothea Elisabeth Pevelin,female,white
1591,G J Kinkerlie,unknown,white
1592,Anna Watzon,female,white
1593,Catharina van Scheik,female,white
1594,Maria Haak,female,white
1595,Elisabeth Bender,female,white
1596,Elisabeth Van Ranz,female,white
1597,Heinrich Christian Wentt,male,white
1598,Magdalena Reizin,female,white
1599,Samuel Raw,male,white
1600,Magdalena Raw,female,white
1601,Nicolaus Miller,male,white
1602,Elisabeth Miller,female,white
1603,Henrich Hochtheeling,male,white
1604,Robert Ruby,male,white
1605,Eva Ruby,female,white
1606,Matthaus Kugler,unknown,white
1607,Maria Kugler,female,white
1608,Christopher Brand,male,white
1609,Dorothea Brand,female,white
1610,Daniel Krouz,male,white
1611,Gertrude Krouz,female,white
1612,George Zuker,male,white
1613,Maria Zuker,female,white
1614,Jacobus Scott,male,white
1615,Anna Scott,female,white
1616,Phillip Maurer,male,white
1617,Anna Maurer,female,white
1618,Thomas Bord,male,white
1619,Elisabeth Bord,female,white
1620,Jonathan van Forth,male,white
1621,Anna Forth,female,white
1622,John B Heins,male,white
1623,Elisabeth Heins,female,white
1624,George Phillip Henrich Hoegel,male,white
1625,Louissa Catharina Hoegel,unknown,white
1626,Andreas Trayer,male,white
1627,Anna Catharina Trayer,female,white
1628,Jacob Griefinger,male,white
1629,Margaretha Griefinger,female,white
1630,James Van Bendhousen,male,white
1631,Polly Bendhousen,female,white
1632,Annatgen Schaeffer,unknown,white
1633,Elsgen Wormer,unknown,white
1634,Francis Himstrat,male,white
1635,Lena Himstrat,female,white
1636,John Campell,male,white
1637,Cloe Campell,unknown,white
1638,Nicolas Hilton,male,white
1639,John Van Vingel,male,white
1640,Elisabeth Vingel,female,white
1641,Johann Kruss,male,white
1642,Janny Kruss,female,white
1643,Wilhelmus Friederich Dampf,male,white
1644,Barrabas Cadogen,unknown,white
1645,Jacob Ross,male,white
1646,Daniel Pohlman,male,white
1647,Elisabeth Petcher,female,white
1648,Rebecca Ekessen,female,white
1649,Peter Bookman,male,white
1650,Michael Coks,male,white
1651,Georg Friederich Reiz,male,white
1652,Jacob Kingerle,male,white
1653,Henrich Simons,male,white
1654,Michael Van Schaik,male,white
1655,Jacob Orloch,male,white
1656,John Shauerman,male,white
1657,Peter Gresbeck,male,white
1658,Archiball Campell,unknown,white
1659,Henrich Gadiken,male,white
1660,Joseph Rederforth,male,white
1661,Maria Eva Dampf,female,white
1662,Eva Cadogen,female,white
1663,Magdalena Ross,female,white
1664,Maria Pohlman,female,white
1665,Maria Magdalena Reizin,female,white
1666,Petrus Petcher,male,white
1667,Catharina Bookman,female,white
1668,Maria Coks,female,white
1669,Maria Magdalena Reiz,female,white
1670,Louissa Cath Hoegel,unknown,white
1671,Christoph Brand,male,white
1672,Elisabeth Simons,female,white
1673,Catharina Schaik,female,white
1674,Nelly Louisse,female,white
1675,Rachel Shauerman,female,white
1676,Alida Gresbeck,female,white
1677,Martha Lowis,female,white
1678,Maria Gadiken,female,white
1679,Margareth Gartner,female,white
1680,Emanuel Hennigen,male,white
1681,Anna Hennigen,female,white
1682,Emericus Hadick,unknown,white
1683,Margareth Soderling,female,white
1684,Thomas Shadick Jor,male,white
1685,Maria Jor,female,white
1686,Jacobus Redlief,male,white
1687,Maria Redlief,female,white
1688,Sebr,unknown,white
1689,Anna Sebr,female,white
1690,Michael Mc Dormeth,male,white
1691,Maria Dormeth,female,white
1692,Charles Bebel,male,white
1693,Dorothea Elisabeth Bebel,female,white
1694,Christopher Dennemark,male,white
1695,Christina Dennemark,female,white
1696,Nicolaus Kling,male,white
1697,Eva Kling,female,white
1698,Caspar Beauhall,male,white
1699,Margaretha Beauhall,female,white
1700,George Clauss,male,white
1701,Dina Clauss,female,white
1702,Devald Schoeffer,unknown,white
1703,Elisabeth Schoeffer,female,white
1704,Susanna Steven,female,white
1705,Johannes Becker,male,white
1706,Catharina Becker,female,white
1707,Johann Gottfried Knauff,male,white
1708,Clarina Knauff,unknown,white
1709,Peter Norman,male,white
1710,Christina Norman,female,white
1711,Laurenz Schoolcraft,male,white
1712,Ariangen Schoolcraft,unknown,white
1713,Cornelius Gayer,male,white
1714,Elisabeth McDonald,female,white
1715,Johannes Knidel,male,white
1716,Maria Knidel,female,white
1717,Jacob Rooss,male,white
1718,Magdalena Rooss,female,white
1719,Thomas Thaylor,male,white
1720,Catharina Thaylor,female,white
1721,Samuel Reox,male,white
1722,Lena Reox,female,white
1723,Henrich B Hoener,male,white
1724,Maria Hoener,female,white
1725,John David Kerker,male,white
1726,Baltasar Kummel,male,white
1727,Maria Kummel,female,white
1728,William Tiller,male,white
1729,Margaretha Tiller,female,white
1730,John B Hoenner,male,white
1731,John Luther,male,white
1732,Jacob Fasbergh,male,white
1733,Evert Outhout,male,white
1734,Henry Redlief,male,white
1735,Daniel Kettel,male,white
1736,John Ruby,male,white
1737,Andreas Turner,male,white
1738,Henrich Kniskern,male,white
1739,Abraham Eker,male,white
1740,Friederich Merkele,male,white
1741,Isaac Asson,male,white
1742,Peter Hilz,male,white
1743,David Schuyler,male,white
1744,Albertus Becker,male,white
1745,Martinus Schoeffer,male,white
1746,Joseph Beck,male,white
1747,Andreas Kirchner,male,white
1748,Robert Linsie,male,white
1749,David Fischie,male,white
1750,Peter Munch,male,white
1751,Charles Tiller,male,white
1752,Gertrude Hoenner,female,white
1753,Catharina Trayer,female,white
1754,Elisabeth Luther,female,white
1755,Catharina Fasbergh,female,white
1756,Christina Phillips,female,white
1757,Margaretha Outhout,female,white
1758,Elisabeth Redlief,female,white
1759,Sarah Kettel,female,white
1760,Margaretha Ruby,female,white
1761,Catharina Turner,female,white
1762,Gertrude Kniskern,female,white
1763,Elisabeth Eker,female,white
1764,Catharina Merkele,female,white
1765,Maria Asson,female,white
1766,Catharina Hilz,female,white
1767,Elisabeth Schuyler,female,white
1768,Lena Becker,female,white
1769,Maria Schneider,female,white
1770,Catharina Schoeffer,female,white
1771,Catherine Linsie,female,white
1772,Catharina Schueider,female,white
1773,Maria Munch,female,white
1774,Henrich Kun,male,white
1775,Maria Kun,female,white
1776,George Werner,male,white
1777,Johannes Werner,male,white
1778,Joseph Nenniger,male,white
1779,Hannah Nenniger,female,white
1780,Daniel Rochkenstener,male,white
1781,Gertrude Rochkenstener,female,white
1782,Neilgen Bromley,unknown,white
1783,Wilhelm Webb,male,white
1784,Maria Christina Webb,female,white
1785,Peter Plaisie,male,white
1786,Maria Plaisie,female,white
1787,Catharina Kreiner,female,white
1788,Jacob Grisinger,male,white
1789,Margaretha Grisinger,female,white
1790,Carl Lungstore,male,white
1791,Maria Lungstore,female,white
1792,Emmanuel Waterman,male,white
1793,Maria Waterman,female,white
1794,Johann Friedenthal,male,white
1795,Anna Friedenthal,female,white
1796,John Chace,male,white
1797,Elisabeth Chace,female,white
1798,Shmidt S Weller,unknown,white
1799,Catharina Weller,female,white
1800,James Beien,male,white
1801,Esther Beien,female,white
1802,Joseph Van Salsbery,male,white
1803,Margaretha Salsbery,female,white
1804,Jacobus Fosbury,male,white
1805,Cath Fosbury,female,white
1806,Sabina Horn,female,white
1807,Amos Sword,male,white
1808,Polly Sword,female,white
1809,John Arnhold,male,white
1810,Jonas Kunder,male,white
1811,George,unknown,white
1812,Joseph Biby,male,white
1813,Nancy a Slave of Sally Friedenreich,female,Black
1814,Sally Friedenreich,female,white
1815,Lena Wendel,female,white
1816,Mokrich Webb,unknown,white
1817,Phillip Schemlers,male,white
1818,Carl Pell Dorothea,male,white
1819,Friederich Beiz,male,white
1820,Carl Pruin,male,white
1821,Henrich Wagner,male,white
1822,Georg Kling,male,white
1823,Joshuah Kook,unknown,white
1824,Isaac Van Loon,male,white
1825,Catharina Donaldson,female,white
1826,Maria Kunder,female,white
1827,Maria George,female,white
1828,Elisabeth Bradt,female,white
1829,Maria Magdalena Schemlers,female,white
1830,Dorothea Huth,female,white
1831,Carl Poeven,male,white
1832,Eva Schaik,female,white
1833,Maria Magdalena Beiz,female,white
1834,Anna Kinkerly,female,white
1835,Catharina Aloysius Schmidt,female,white
1836,Dorothea Pruin,female,white
1837,Catharina Scheele,female,white
1838,Catharina Kling,female,white
1839,Tabie Kook,unknown,white
1840,Janny Loon,female,white
1841,Gertrude Hinderer,female,white
