id,name,gender
0,Daniel  Mosser,male
1,Magdalena Magdalena Mosser,female
2,Wilhelm  Sanerwein,male
3,Elizabeth Margaret Daniels,female
4,George  Humelong,male
5,Elizabeth Anna Maria Humelong,female
6,Martin  Rishel,male
7,Catharina  Jonathan,female
8,David  Weber,male
9,Eva George Michnel,female
10,John  Brown,male
11,Eva Maria Margaretha Brown,female
12,Henry  Diel,male
13,Rebecca  Hennrick,female
14,Adam  Rishel,male
15,Elizabeth  Salome,female
16,Frederick  Hennig,male
17,Elizabeth  Wilhelm,female
18,Philip  Diel,male
19,Anna Maria Fredericksz,female
20,Jeremiah  Trautner,male
21,Elizabeth  Trautner,female
22,Johannes  Heple,male
23,Elis  Wilhelm,male
24,Johannes  Freyberger,male
25,Elizabeth  Freyberger,female
26,Philip  Mosser,male
27,Maria Barbara Mosser,female
28,Johannes  Motz,male
29,Susanna  Motz,female
30,Peter  Heckman,male
31,Salome  Heckman,female
32,Leonhart  Willeman,male
33,Margeret Elizabeth Willeman,unknown
34,Adam  Zlingler,male
35,Margriet  13,mostly_female
36,Frederick  Stober,male
37,Catharina  13,female
38,Adam  Jaerg,male
39,Maria  Elizabeth,female
40,Jacob  Miller,male
41,Georg  Bayer,male
42,Johannes  Schuck,male
43,Barbara  13,female
44,Eva Sara Weber,female
45,Johannes  Spengler,male
46,Elizabeth  Spengler,female
47,David  Miller,male
48,Susanna  Miller,female
49,Philip  Anman,male
50,Nicol  Emmerick,female
51,Fried  Stober,male
52,Jacob  Mark,male
53,Adam  Herper,male
54,Anthonius  Rehrig,unknown
55,Adam  Klingler,male
56,Jacob  Albrecht,male
57,Cathe  Jacob,unknown
58,Michael  Knoll,male
59,Susanna Anna Catharine Knoll,female
60,Conrad  Dielman,male
61,Catharina  Dielman,female
62,Martin  Troester,male
63,Christina  Troester,female
64,Johannes  Criechbaum,male
65,Johannes  Herr,male
66,Henry  Werhing,male
67,Adam  Stober,male
68,Daniel  Kreamer,male
69,Georg  Pontius,male
70,Georg  Baursohs,male
71,Jacob  Weber,male
72,Maria  Mosser,female
73,Philip  Gunkel,male
74,Elizabeth  Gunkel,female
75,Joh  Miller,unknown
76,Anna Maria Miller,female
77,Eva  Valentine,female
78,Michael  Ried,male
79,Henry  Geistweith,male
80,Nicholas  Mokel,male
81,Geo  Trautner,male
82,Elizabeth  Sauerwein,female
83,Christian  Espig,male
84,Thomas  Falket,male
85,Johnannes  Stober,unknown
86,Maria Magdalena Stober,female
87,Henry  Herper,male
88,Eva Catherine Herper,female
89,Geo Adam Hans,male
90,Maria Margaretha Hans,female
91,Adam  Leidig,male
92,Catharina  Leidig,female
93,Adam  Klinger,male
94,Catharina  Klinger,female
95,Benjamin  Ried,male
96,Catharina  Ried,female
97,Christina  Stober,female
98,Jacob  Brown,male
99,Eva Joh Philips,female
100,Elizabeth  Stober,female
101,John  Weber,male
102,Eva  Adam,female
103,John  Mitshel,male
104,Salome  Mitshel,female
105,Michael  Weber,male
106,Fried  Stroh,male
107,Elizabeth  Stroh,female
108,Georg  Frank,male
109,Hendrick  Herb,male
110,Jacob  Schreyer,male
111,David  Strom,male
112,Henry  Krebs,male
113,Laria  Krebs,unknown
114,Philip  Theobold,male
115,Eva  Theobold,female
116,Jacob  Kepler,male
117,Catharina  Kepler,female
118,Johannes  Stober,male
119,Catharina  Stober,female
120,George  Nies,male
121,Salome  Nies,female
122,Adam  Ceho,male
123,Catharina Geo Michaels,female
124,Johannes  Michel,male
125,Rachel  Michel,female
126,Adam  Huber,male
127,Eva  Jonathan,female
128,Christian  Krebs,male
129,Margriet  Krebs,mostly_female
130,Flint  Berner,unknown
131,Elizabeth  Berner,female
132,Georg  Icheler,male
133,Elizabeth  Icheler,female
134,Philip  Nies,male
135,Barbara  Jacob,female
136,Daniel  Waldenberger,male
137,Catharina  Waldenberger,female
138,John  Vandusten,male
139,Caspar  Emmerick,male
140,Ludwig  Kreamer,male
141,Jacob  Kranter,male
142,Michael  Gerk,male
143,Christina  13,female
144,Christian  Schnieder,male
145,Joh Wm Pontius,unknown
146,John  Willeman,male
147,Johannes  Dunkle,male
148,Michael  Presler,male
149,Jacob  Schaefer,male
150,Johannes  Leidig,male
151,George  Hetzler,male
152,Balthazar  Hetzler,unknown
153,Hendrick  Vonoedy,male
154,Adam  Bahmer,male
155,Andries  Haerter,male
156,Salome  13,female
157,Michael  Kreamer,male
158,Georg  Brecht,male
159,Sophia  Brecht,female
160,Frederick  Kroh,male
161,Susanna  Jacobs,female
162,Georg  Wurtemberger,male
163,Elizabeth  13,female
164,Geo  Schwartz,male
165,Ludwig  Thornmeier,male
166,Margare  13,unknown
167,Jacob  Herring,male
168,Eva  Georg,female
169,Geo  Wolf,male
170,Christina Sara Wolf,female
171,Ludwig  Willgen,male
172,Anna Barbara Christina Willgen,female
173,Michael  Hess,male
174,Cathe  Michaels,unknown
175,Jacob  Hettinger,male
176,Eva Maria Hettinger,female
177,Peter  Nies,male
178,Christina  Nies,female
179,Gertrant Christina Bayer,unknown
180,Georg  Kister,male
181,Juliana  Henrich,female
182,James  Schip,male
183,Catharina Magdalena Schip,female
184,George  Weis,male
185,Susanna Catherine Weis,female
186,Nicholas  Vanlotten,male
187,Christina  Vanlotten,female
188,Joh  Stober,unknown
189,Christina  Johannes,female
190,Jacob  Wnest,male
191,Catharina  Sarah,female
192,Johannes  Kern,male
193,Eliza  Christopher,female
194,Antony  Wolf,male
195,Valentyn  Britsch,male
196,Johannes  Weber,male
197,Geo  Pontius,male
198,Balthazar  Hetzel,unknown
199,Joh Jacob Hosterman,unknown
200,Abraham  Miller,male
201,Geo  Hetzel,male
202,Philip  Gechel,male
203,Christopher  Emmerick,male
204,Jacob  Mosser,male
205,Mattheus  Beuck,unknown
