id,name,gender,race
0,Daniel  Mosser,male,white
1,Magdalena Magdalena Mosser,female,white
2,Wilhelm  Sanerwein,male,white
3,Elizabeth Margaret Daniels,female,white
4,George  Humelong,male,white
5,Elizabeth Anna Maria Humelong,female,white
6,Martin  Rishel,male,white
7,Catharina  Jonathan,female,white
8,David  Weber,male,white
9,Eva George Michnel,female,white
10,John  Brown,male,white
11,Eva Maria Margaretha Brown,female,white
12,Henry  Diel,male,white
13,Rebecca  Hennrick,female,white
14,Adam  Rishel,male,white
15,Elizabeth  Salome,female,white
16,Frederick  Hennig,male,white
17,Elizabeth  Wilhelm,female,white
18,Philip  Diel,male,white
19,Anna Maria Fredericksz,female,white
20,Jeremiah  Trautner,male,white
21,Elizabeth  Trautner,female,white
22,Johannes  Heple,male,white
23,Elis  Wilhelm,male,white
24,Johannes  Freyberger,male,white
25,Elizabeth  Freyberger,female,white
26,Philip  Mosser,male,white
27,Maria Barbara Mosser,female,white
28,Johannes  Motz,male,white
29,Susanna  Motz,female,white
30,Peter  Heckman,male,white
31,Salome  Heckman,female,white
32,Leonhart  Willeman,male,white
33,Margeret Elizabeth Willeman,unknown,white
34,Adam  Zlingler,male,white
35,Margriet  13,female,white
36,Frederick  Stober,male,white
37,Catharina  13,female,white
38,Adam  Jaerg,male,white
39,Maria  Elizabeth,female,white
40,Jacob  Miller,male,white
41,Georg  Bayer,male,white
42,Johannes  Schuck,male,white
43,Barbara  13,female,white
44,Eva Sara Weber,female,white
45,Johannes  Spengler,male,white
46,Elizabeth  Spengler,female,white
47,David  Miller,male,white
48,Susanna  Miller,female,white
49,Philip  Anman,male,white
50,Nicol  Emmerick,female,white
51,Fried  Stober,male,white
52,Jacob  Mark,male,white
53,Adam  Herper,male,white
54,Anthonius  Rehrig,male,white
55,Adam  Klingler,male,white
56,Jacob  Albrecht,male,white
57,Cathe  Jacob,unknown,white
58,Michael  Knoll,male,white
59,Susanna Anna Catharine Knoll,female,white
60,Conrad  Dielman,male,white
61,Catharina  Dielman,female,white
62,Martin  Troester,male,white
63,Christina  Troester,female,white
64,Johannes  Criechbaum,male,white
65,Johannes  Herr,male,white
66,Henry  Werhing,male,white
67,Adam  Stober,male,white
68,Daniel  Kreamer,male,white
69,Georg  Pontius,male,white
70,Georg  Baursohs,male,white
71,Jacob  Weber,male,white
72,Maria  Mosser,female,white
73,Philip  Gunkel,male,white
74,Elizabeth  Gunkel,female,white
75,Joh  Miller,male,white
76,Anna Maria Miller,female,white
77,Eva  Valentine,female,white
78,Michael  Ried,male,white
79,Henry  Geistweith,male,white
80,Nicholas  Mokel,male,white
81,Geo  Trautner,male,white
82,Elizabeth  Sauerwein,female,white
83,Christian  Espig,male,white
84,Thomas  Falket,male,white
85,Johnannes  Stober,unknown,white
86,Maria Magdalena Stober,female,white
87,Henry  Herper,male,white
88,Eva Catherine Herper,female,white
89,Geo Adam Hans,male,white
90,Maria Margaretha Hans,female,white
91,Adam  Leidig,male,white
92,Catharina  Leidig,female,white
93,Adam  Klinger,male,white
94,Catharina  Klinger,female,white
95,Benjamin  Ried,male,white
96,Catharina  Ried,female,white
97,Christina  Stober,female,white
98,Jacob  Brown,male,white
99,Eva Joh Philips,female,white
100,Elizabeth  Stober,female,white
101,John  Weber,male,white
102,Eva  Adam,female,white
103,John  Mitshel,male,white
104,Salome  Mitshel,female,white
105,Michael  Weber,male,white
106,Fried  Stroh,male,white
107,Elizabeth  Stroh,female,white
108,Georg  Frank,male,white
109,Hendrick  Herb,male,white
110,Jacob  Schreyer,male,white
111,David  Strom,male,white
112,Henry  Krebs,male,white
113,Laria  Krebs,unknown,white
114,Philip  Theobold,male,white
115,Eva  Theobold,female,white
116,Jacob  Kepler,male,white
117,Catharina  Kepler,female,white
118,Johannes  Stober,male,white
119,Catharina  Stober,female,white
120,George  Nies,male,white
121,Salome  Nies,female,white
122,Adam  Ceho,male,white
123,Catharina Geo Michaels,female,white
124,Johannes  Michel,male,white
125,Rachel  Michel,female,white
126,Adam  Huber,male,white
127,Eva  Jonathan,female,white
128,Christian  Krebs,male,white
129,Margriet  Krebs,female,white
130,Flint  Berner,unknown,white
131,Elizabeth  Berner,female,white
132,Georg  Icheler,male,white
133,Elizabeth  Icheler,female,white
134,Philip  Nies,male,white
135,Barbara  Jacob,female,white
136,Daniel  Waldenberger,male,white
137,Catharina  Waldenberger,female,white
138,John  Vandusten,male,white
139,Caspar  Emmerick,male,white
140,Ludwig  Kreamer,male,white
141,Jacob  Kranter,male,white
142,Michael  Gerk,male,white
143,Christina  13,female,white
144,Christian  Schnieder,male,white
145,Joh Wm Pontius,male,white
146,John  Willeman,male,white
147,Johannes  Dunkle,male,white
148,Michael  Presler,male,white
149,Jacob  Schaefer,male,white
150,Johannes  Leidig,male,white
151,George  Hetzler,male,white
152,Balthazar  Hetzler,unknown,white
153,Hendrick  Vonoedy,male,white
154,Adam  Bahmer,male,white
155,Andries  Haerter,male,white
156,Salome  13,female,white
157,Michael  Kreamer,male,white
158,Georg  Brecht,male,white
159,Sophia  Brecht,female,white
160,Frederick  Kroh,male,white
161,Susanna  Jacobs,female,white
162,Georg  Wurtemberger,male,white
163,Elizabeth  13,female,white
164,Geo  Schwartz,male,white
165,Ludwig  Thornmeier,male,white
166,Margare  13,unknown,white
167,Jacob  Herring,male,white
168,Eva  Georg,female,white
169,Geo  Wolf,male,white
170,Christina Sara Wolf,female,white
171,Ludwig  Willgen,male,white
172,Anna Barbara Christina Willgen,female,white
173,Michael  Hess,male,white
174,Cathe  Michaels,unknown,white
175,Jacob  Hettinger,male,white
176,Eva Maria Hettinger,female,white
177,Peter  Nies,male,white
178,Christina  Nies,female,white
179,Gertrant Christina Bayer,unknown,white
180,Georg  Kister,male,white
181,Juliana  Henrich,female,white
182,James  Schip,male,white
183,Catharina Magdalena Schip,female,white
184,George  Weis,male,white
185,Susanna Catherine Weis,female,white
186,Nicholas  Vanlotten,male,white
187,Christina  Vanlotten,female,white
188,Joh  Stober,male,white
189,Christina  Johannes,female,white
190,Jacob  Wnest,male,white
191,Catharina  Sarah,female,white
192,Johannes  Kern,male,white
193,Eliza  Christopher,female,white
194,Antony  Wolf,male,white
195,Valentyn  Britsch,male,white
196,Johannes  Weber,male,white
197,Geo  Pontius,male,white
198,Balthazar  Hetzel,unknown,white
199,Joh Jacob Hosterman,male,white
200,Abraham  Miller,male,white
201,Geo  Hetzel,male,white
202,Philip  Gechel,male,white
203,Christopher  Emmerick,male,white
204,Jacob  Mosser,male,white
205,Mattheus  Beuck,male,white
