{
  "directed": false,
  "graph": {},
  "links": [
    {
      "end": "1803",
      "source": 97,
      "start": 1796,
      "target": 67
    },
    {
      "end": "1803",
      "source": 67,
      "start": 1795,
      "target": 36
    },
    {
      "end": "1803",
      "source": 67,
      "start": 1796,
      "target": 100
    },
    {
      "end": "1803",
      "source": 67,
      "start": 1803,
      "target": 196
    },
    {
      "end": "1803",
      "source": 37,
      "start": 1795,
      "target": 36
    },
    {
      "end": "1803",
      "source": 37,
      "start": 1796,
      "target": 51
    },
    {
      "end": "1803",
      "source": 196,
      "start": 1803,
      "target": 199
    }
  ],
  "multigraph": false,
  "nodes": [
    {
      "between_1795": 0,
      "between_1796": 0,
      "between_1797": 0,
      "between_1798": 0,
      "between_1799": 0,
      "between_1800": 0,
      "between_1801": 0,
      "between_1802": 0,
      "between_1803": 0,
      "between_1804": 0,
      "betweenness": 0,
      "bridge": "false",
      "degree": 1,
      "degree_1795": 0,
      "degree_1796": 1,
      "degree_1797": 1,
      "degree_1798": 1,
      "degree_1799": 1,
      "degree_1800": 1,
      "degree_1801": 1,
      "degree_1802": 1,
      "degree_1803": 1,
      "degree_1804": 1,
      "end": 1803,
      "gender": "female",
      "id": 97,
      "modularity": 1,
      "name": "Christina  Stober",
      "race": "white",
      "start": 1796
    },
    {
      "between_1795": 0,
      "between_1796": 0,
      "between_1797": 0,
      "between_1798": 0,
      "between_1799": 0,
      "between_1800": 0,
      "between_1801": 0,
      "between_1802": 0,
      "between_1803": 0,
      "between_1804": 0,
      "betweenness": 0,
      "bridge": "male_bridge",
      "degree": 4,
      "degree_1795": 1,
      "degree_1796": 3,
      "degree_1797": 3,
      "degree_1798": 3,
      "degree_1799": 3,
      "degree_1800": 3,
      "degree_1801": 3,
      "degree_1802": 3,
      "degree_1803": 4,
      "degree_1804": 4,
      "end": 1803,
      "gender": "male",
      "id": 67,
      "modularity": 1,
      "name": "Adam  Stober",
      "race": "white",
      "start": 1795
    },
    {
      "between_1795": 0,
      "between_1796": 0,
      "between_1797": 0,
      "between_1798": 0,
      "between_1799": 0,
      "between_1800": 0,
      "between_1801": 0,
      "between_1802": 0,
      "between_1803": 0,
      "between_1804": 0,
      "betweenness": 0,
      "bridge": "false",
      "degree": 1,
      "degree_1795": 0,
      "degree_1796": 1,
      "degree_1797": 1,
      "degree_1798": 1,
      "degree_1799": 1,
      "degree_1800": 1,
      "degree_1801": 1,
      "degree_1802": 1,
      "degree_1803": 1,
      "degree_1804": 1,
      "end": 1803,
      "gender": "female",
      "id": 100,
      "modularity": 1,
      "name": "Elizabeth  Stober",
      "race": "white",
      "start": 1796
    },
    {
      "between_1795": 0,
      "between_1796": 0,
      "between_1797": 0,
      "between_1798": 0,
      "between_1799": 0,
      "between_1800": 0,
      "between_1801": 0,
      "between_1802": 0,
      "between_1803": 0,
      "between_1804": 0,
      "betweenness": 0,
      "bridge": "female_bridge",
      "degree": 2,
      "degree_1795": 1,
      "degree_1796": 2,
      "degree_1797": 2,
      "degree_1798": 2,
      "degree_1799": 2,
      "degree_1800": 2,
      "degree_1801": 2,
      "degree_1802": 2,
      "degree_1803": 2,
      "degree_1804": 2,
      "end": 1803,
      "gender": "female",
      "id": 37,
      "modularity": 0,
      "name": "Catharina  13",
      "race": "white",
      "start": 1795
    },
    {
      "between_1795": 1,
      "between_1796": 0,
      "between_1797": 0,
      "between_1798": 0,
      "between_1799": 0,
      "between_1800": 0,
      "between_1801": 0,
      "between_1802": 0,
      "between_1803": 0,
      "between_1804": 0,
      "betweenness": 0,
      "bridge": "male_bridge",
      "degree": 2,
      "degree_1795": 2,
      "degree_1796": 2,
      "degree_1797": 2,
      "degree_1798": 2,
      "degree_1799": 2,
      "degree_1800": 2,
      "degree_1801": 2,
      "degree_1802": 2,
      "degree_1803": 2,
      "degree_1804": 2,
      "end": 1803,
      "gender": "male",
      "id": 36,
      "modularity": 0,
      "name": "Frederick  Stober",
      "race": "white",
      "start": 1795
    },
    {
      "between_1795": 0,
      "between_1796": 0,
      "between_1797": 0,
      "between_1798": 0,
      "between_1799": 0,
      "between_1800": 0,
      "between_1801": 0,
      "between_1802": 0,
      "between_1803": 0,
      "between_1804": 0,
      "betweenness": 0,
      "bridge": "male_bridge",
      "degree": 2,
      "degree_1795": 0,
      "degree_1796": 0,
      "degree_1797": 0,
      "degree_1798": 0,
      "degree_1799": 0,
      "degree_1800": 0,
      "degree_1801": 0,
      "degree_1802": 0,
      "degree_1803": 2,
      "degree_1804": 2,
      "end": 1803,
      "gender": "male",
      "id": 196,
      "modularity": 2,
      "name": "Johannes  Weber",
      "race": "white",
      "start": 1803
    },
    {
      "between_1795": 0,
      "between_1796": 0,
      "between_1797": 0,
      "between_1798": 0,
      "between_1799": 0,
      "between_1800": 0,
      "between_1801": 0,
      "between_1802": 0,
      "between_1803": 0,
      "between_1804": 0,
      "betweenness": 0,
      "bridge": "false",
      "degree": 1,
      "degree_1795": 0,
      "degree_1796": 0,
      "degree_1797": 0,
      "degree_1798": 0,
      "degree_1799": 0,
      "degree_1800": 0,
      "degree_1801": 0,
      "degree_1802": 0,
      "degree_1803": 1,
      "degree_1804": 1,
      "end": 1803,
      "gender": "male",
      "id": 199,
      "modularity": 2,
      "name": "Joh Jacob Hosterman",
      "race": "white",
      "start": 1803
    },
    {
      "between_1795": 0,
      "between_1796": 0,
      "between_1797": 0,
      "between_1798": 0,
      "between_1799": 0,
      "between_1800": 0,
      "between_1801": 0,
      "between_1802": 0,
      "between_1803": 0,
      "between_1804": 0,
      "betweenness": 0,
      "bridge": "false",
      "degree": 1,
      "degree_1795": 0,
      "degree_1796": 1,
      "degree_1797": 1,
      "degree_1798": 1,
      "degree_1799": 1,
      "degree_1800": 1,
      "degree_1801": 1,
      "degree_1802": 1,
      "degree_1803": 1,
      "degree_1804": 1,
      "end": 1803,
      "gender": "male",
      "id": 51,
      "modularity": 0,
      "name": "Fried  Stober",
      "race": "white",
      "start": 1796
    }
  ]
}