id,name
0,Daniel  Mosser
1,Magdalena Magdalena Mosser
2,Wilhelm  Sanerwein
3,Elizabeth Margaret Daniels
4,George  Humelong
5,Elizabeth Anna Maria Humelong
6,Martin  Rishel
7,Catharina  Jonathan
8,David  Weber
9,Eva George Michnel
10,John  Brown
11,Eva Maria Margaretha Brown
12,Henry  Diel
13,Rebecca  Hennrick
14,Adam  Rishel
15,Elizabeth  Salome
16,Frederick  Hennig
17,Elizabeth  Wilhelm
18,Philip  Diel
19,Anna Maria Fredericksz
20,Jeremiah  Trautner
21,Elizabeth  Trautner
22,Johannes  Heple
23,Elis  Wilhelm
24,Johannes  Freyberger
25,Elizabeth  Freyberger
26,Philip  Mosser
27,Maria Barbara Mosser
28,Johannes  Motz
29,Susanna  Motz
30,Peter  Heckman
31,Salome  Heckman
32,Leonhart  Willeman
33,Margeret Elizabeth Willeman
34,Adam  Zlingler
35,Margriet  13
36,Frederick  Stober
37,Catharina  13
38,Adam  Jaerg
39,Maria  Elizabeth
40,Jacob  Miller
41,Georg  Bayer
42,Johannes  Schuck
43,Barbara  13
44,Eva Sara Weber
45,Johannes  Spengler
46,Elizabeth  Spengler
47,David  Miller
48,Susanna  Miller
49,Philip  Anman
50,Nicol  Emmerick
51,Fried  Stober
52,Jacob  Mark
53,Adam  Herper
54,Anthonius  Rehrig
55,Adam  Klingler
56,Jacob  Albrecht
57,Cathe  Jacob
58,Michael  Knoll
59,Susanna Anna Catharine Knoll
60,Conrad  Dielman
61,Catharina  Dielman
62,Martin  Troester
63,Christina  Troester
64,Johannes  Criechbaum
65,Johannes  Herr
66,Henry  Werhing
67,Adam  Stober
68,Daniel  Kreamer
69,Georg  Pontius
70,Georg  Baursohs
71,Jacob  Weber
72,Maria  Mosser
73,Philip  Gunkel
74,Elizabeth  Gunkel
75,Joh  Miller
76,Anna Maria Miller
77,Eva  Valentine
78,Michael  Ried
79,Henry  Geistweith
80,Nicholas  Mokel
81,Geo  Trautner
82,Elizabeth  Sauerwein
83,Christian  Espig
84,Thomas  Falket
85,Johnannes  Stober
86,Maria Magdalena Stober
87,Henry  Herper
88,Eva Catherine Herper
89,Geo Adam Hans
90,Maria Margaretha Hans
91,Adam  Leidig
92,Catharina  Leidig
93,Adam  Klinger
94,Catharina  Klinger
95,Benjamin  Ried
96,Catharina  Ried
97,Christina  Stober
98,Jacob  Brown
99,Eva Joh Philips
100,Elizabeth  Stober
101,John  Weber
102,Eva  Adam
103,John  Mitshel
104,Salome  Mitshel
105,Michael  Weber
106,Fried  Stroh
107,Elizabeth  Stroh
108,Georg  Frank
109,Hendrick  Herb
110,Jacob  Schreyer
111,David  Strom
112,Henry  Krebs
113,Laria  Krebs
114,Philip  Theobold
115,Eva  Theobold
116,Jacob  Kepler
117,Catharina  Kepler
118,Johannes  Stober
119,Catharina  Stober
120,George  Nies
121,Salome  Nies
122,Adam  Ceho
123,Catharina Geo Michaels
124,Johannes  Michel
125,Rachel  Michel
126,Adam  Huber
127,Eva  Jonathan
128,Christian  Krebs
129,Margriet  Krebs
130,Flint  Berner
131,Elizabeth  Berner
132,Georg  Icheler
133,Elizabeth  Icheler
134,Philip  Nies
135,Barbara  Jacob
136,Daniel  Waldenberger
137,Catharina  Waldenberger
138,John  Vandusten
139,Caspar  Emmerick
140,Ludwig  Kreamer
141,Jacob  Kranter
142,Michael  Gerk
143,Christina  13
144,Christian  Schnieder
145,Joh Wm Pontius
146,John  Willeman
147,Johannes  Dunkle
148,Michael  Presler
149,Jacob  Schaefer
150,Johannes  Leidig
151,George  Hetzler
152,Balthazar  Hetzler
153,Hendrick  Vonoedy
154,Adam  Bahmer
155,Andries  Haerter
156,Salome  13
157,Michael  Kreamer
158,Georg  Brecht
159,Sophia  Brecht
160,Frederick  Kroh
161,Susanna  Jacobs
162,Georg  Wurtemberger
163,Elizabeth  13
164,Geo  Schwartz
165,Ludwig  Thornmeier
166,Margare  13
167,Jacob  Herring
168,Eva  Georg
169,Geo  Wolf
170,Christina Sara Wolf
171,Ludwig  Willgen
172,Anna Barbara Christina Willgen
173,Michael  Hess
174,Cathe  Michaels
175,Jacob  Hettinger
176,Eva Maria Hettinger
177,Peter  Nies
178,Christina  Nies
179,Gertrant Christina Bayer
180,Georg  Kister
181,Juliana  Henrich
182,James  Schip
183,Catharina Magdalena Schip
184,George  Weis
185,Susanna Catherine Weis
186,Nicholas  Vanlotten
187,Christina  Vanlotten
188,Joh  Stober
189,Christina  Johannes
190,Jacob  Wnest
191,Catharina  Sarah
192,Johannes  Kern
193,Eliza  Christopher
194,Antony  Wolf
195,Valentyn  Britsch
196,Johannes  Weber
197,Geo  Pontius
198,Balthazar  Hetzel
199,Joh Jacob Hosterman
200,Abraham  Miller
201,Geo  Hetzel
202,Philip  Gechel
203,Christopher  Emmerick
204,Jacob  Mosser
205,Mattheus  Beuck
