id,name,gender
0,1734,unknown
1,Peter  Traxel,male
2,1736,unknown
3,1737,unknown
4,Daniel  Roth,male
5,1739,unknown
6,Clementz  Arndt,unknown
7,Jacob  Bricker,male
8,Ulrich  Flickinger,male
9,Michael  Hoffman,male
10,Martin  Kocher,male
11,Ulrich  Sensinger,male
12,Abraham  Wudring,male
13,1740,unknown
14,Friederich  Neuhart,male
15,Johannes Nicolaus Schneider,male
16,Johannes  Weber,male
17,1741,unknown
18,Georg  Kern,male
19,Ludwig  Knaus,male
20,Friederich  Schneider,male
21,Peter Traxel Deacon Of The Reformed Congregation Here,male
22,1742,unknown
23,Christian  Prengel,male
24,1743,unknown
25,Joachim  Heussly,male
26,Michael  Neuhart,male
27,Joh Friederich Schneider,unknown
28,Joh Nicolaus Schneider,unknown
29,Ada  Teschler,female
30,1744,unknown
31,1752,unknown
32,Michael  Holtzleiner,male
33,Johannes Heinrich Reinhard,male
34,Heinrich  Gersler,male
35,Johannes Georg Kreidler,male
36,Georg  Neuhart,male
37,Johannes  Schneider,male
38,Philip  Filler,male
39,Leonhard  Fur,male
40,Paulus  Paljet,male
41,1753,unknown
42,Michael  Ohl,male
43,Johannes  Roth,male
44,Jacob  Daubenspeck,male
45,Jacob  Peter,male
46,1756,unknown
47,Joh Georg Aeckert,unknown
48,Felix  Arnert,male
49,Joseph  Britenner,male
50,Peter  Frantz,male
51,Joh Nicolaus Hertzog,unknown
52,Barthol  Riebelet,unknown
53,1757,unknown
54,Martin  Andreas,male
55,Leonhard  Kern,male
56,Martin  Meyer,male
57,Jacob  Wolff,male
58,Peter  Wudring,male
59,1758,unknown
60,Johannes Georg Aeckert,male
61,Johannes  Hahn,male
62,Johannes  Hoffman,male
63,Georg Jacob Kern,male
64,Johannes  Mehrkamm,male
65,1759,unknown
66,Joh Michael Traxel,unknown
67,1760,unknown
68,Ulrich  Arner,male
69,Peter  Flickinger,male
70,1761,unknown
71,Peter  Kohler,male
72,Jacob  Schriber,male
73,1762,unknown
74,1763,unknown
75,1765,unknown
76,Peter  Burckhalter,male
77,Jacob  Flickinger,male
78,Christian  Segar,male
79,1766,unknown
80,Jacob  Alleman,male
81,Engelbert  Hoffman,male
82,Michael  Kelchner,male
83,Jacob  Kohler,male
84,Georg  Leibenguth,male
85,Joh Nickel Mark,unknown
86,Johannes Jacob Mickle,male
87,Nikel  Traxel,unknown
88,1767,unknown
89,Theobald  Beck,male
90,Peter  Teschler,male
91,Johannes Nickel Fuchs,male
92,Johannes  Holmes,male
93,Christian  Leibenguth,male
94,Jacob  Miller,male
95,Philip Jacob Schriber,male
96,Johannes Martin Schwab,male
97,Peter  Steckel,male
98,Abraham  Vaudring,male
99,1768,unknown
100,Georg  Flickinger,male
101,Peter  Neuhart,male
102,1769,unknown
103,1770,unknown
104,Daniel  Weber,male
105,1771,unknown
106,Georg  Graf,male
107,Jacob  Kern,male
108,Christofel  Kern,unknown
109,Peter  Kern,male
110,Christian  Leibingut,male
111,Nicholas  Marx,male
112,Philip  Roth,male
113,Adam Jr Teschler,male
114,1772,unknown
115,Jacob  Hartman,male
116,Jacob  Heussly,male
117,Sebastian  Miller,male
118,Martin  Mickle,male
119,Heinrich  Pfeiffer,male
120,Georg  Rischel,male
121,Christian  Seger,male
122,Johannes  Sped,male
123,Andries  Thormeyer,male
124,Georg  Wuess,male
125,1773,unknown
126,Adam  Teschler,male
127,John  Hoffman,male
128,Christoph  Kern,male
129,Philip  Miller,male
130,Jacob  Mickle,male
131,Hans Martin Mickle,male
132,Peter  Rauch,male
133,1774,unknown
134,Andries  Heck,male
135,Conrad  Berger,male
136,Martin  Graf,male
137,Johannes  Nitschman,male
138,Johannes  Reiswig,male
139,Martin  Roeder,male
140,Joh Philipse Roth,unknown
141,Lorentz  Rauch,male
142,Samuel  Seger,male
143,Georg  Semm,male
144,Dewald  Shaefer,unknown
145,Georg Emmerich Shick,male
146,Johannes  Treisbach,male
147,Abraham  Voiturin,male
148,1775,unknown
149,J Georg Holmes,unknown
150,Joh Nicolaus Marx,unknown
151,Conrad  Marx,male
152,Peter  Meyer,male
153,Joh Jacob Mickle,unknown
154,Michael  Rinker,male
155,Wilhelm  Seyp,male
156,Adam  Sheurer,male
157,Georg  West,male
158,Adam  Zerfass,male
159,1776,unknown
160,Johannes  Fur,male
161,Jacob  Frantz,male
162,Daniel  Kuntz,male
163,Johannel  Michaels,unknown
164,1777,unknown
165,Joh Georg Flickinger,unknown
166,Johannes  Grob,male
167,Theobald  Hertzog,male
168,Joh Martin Mickle,unknown
169,J Adam Sheurer,unknown
170,1778,unknown
171,Leonhard  Knoer,male
172,Nicholas  Mark,male
173,Benjamin  Ott,male
174,Caspar  Peter,male
175,Jacob  Shwander,male
176,J Adam Zerfass,unknown
177,1779,unknown
178,Jaob  Flickinger,unknown
179,Conrad  Mark,male
180,Andries  Siegfried,male
181,1780,unknown
182,Joh Peter Burckhalter,unknown
183,Joh Dietrich Hartman,unknown
184,Wilhelm  Laure,male
185,Joh Adam Martin,unknown
186,Jacob  Steckel,male
187,Adam  Traxel,male
188,1781,unknown
189,1782,unknown
190,John  Paljet,male
191,Johannes Dietrich Hartman,male
192,Christian  Hellmann,male
193,Nicholas  Seger,male
194,1783,unknown
195,Joh Dider Hartman,unknown
196,Thomas  Johnson,male
197,Gottfried  Laure,male
198,Michael  Miller,male
199,David  Neuhart,male
200,Georg  Remelli,male
201,Heinrich  Rauch,male
202,Jacob  Sohn,male
203,1784,unknown
204,John  Baertsch,male
205,Johannes  Paljet,male
206,Christian  Fenstermacher,male
207,Georg  Fischer,male
208,Jacob  Heck,male
209,Johannes  Meyer,male
210,Jacob  Meyer,male
211,Jacob  Shwartz,male
212,Daniel  Shwartz,male
213,1785,unknown
214,Solomon  Doderer,male
215,J Dider Hartman,unknown
216,Georg  Hartman,male
217,Daniel  Kern,male
218,Philip  Knapenberger,male
219,Georg  Miller,male
220,Heinrich  Steckel,male
221,1786,unknown
222,Heinrich  Bueri,male
223,Heinrich  Faust,male
224,Jacob  Fischer,male
225,Andries  Fuchs,male
226,Jacob  Geiger,male
227,Andries  Here,male
228,Robert  Hoerdli,male
229,Conrad  Leisenring,male
230,David  Musgenung,male
231,Johannes  Shad,male
232,1787,unknown
233,Georg  Gangenwehr,male
234,J Dietrich Hartman,unknown
235,Adam  Hecker,male
236,Johannes  Helfrich,male
237,Johannes  Kocher,male
238,John  Meyer,male
239,Georg Jacob Miller,male
240,Georg  Shad,male
241,Johannes  Steckel,male
242,1788,unknown
243,Jacob  Arner,male
244,George  Teschler,male
245,Johannes  Dussinger,male
246,Leonhard  Fischer,male
247,Peter  Fischer,male
248,Johannes  Hartman,male
249,Christian  Hartman,male
250,Heinrich  Heck,male
251,J Georg Koch,unknown
252,Andries  Meyer,male
253,John  Stoflet,male
254,1789,unknown
255,Dewald  Fenstermacher,unknown
256,Heinrich  Grob,male
257,Andries  Jehl,male
258,Christoph  Kelchner,male
259,Heinrich  Mertz,male
260,Conrad  Miller,male
261,J Jacob Mickle,unknown
262,Jacob  Rittenhaus,male
263,Isaac  Rueb,male
264,John  Shad,male
265,John  Shantz,male
266,Jacob  Wudring,male
267,1790,unknown
268,G Adam Deubert,unknown
269,John  Feigner,male
270,Christofel  Kelchner,unknown
271,Adam  Sheuer,male
272,Jacob  Shneck,male
273,John  Steckel,male
274,Ludwig  Stoflet,male
275,John  Walb,male
276,1791,unknown
277,Philip  Bretz,male
278,John  Arnert,male
279,Martin  Fur,male
280,Joost Wilhelm Hecker,male
281,Jacob  Jehl,male
282,John  Kocher,male
283,1792,unknown
284,Johannes  Feigner,male
285,Nicholas  Gloeckner,male
286,Georg  Hauser,male
287,John  Hartman,male
288,Nicholas  Kern,male
289,Christian  Mickle,male
290,Johannes  Seger,male
291,Conrad  Thomase,male
292,1793,unknown
293,Jacob  Fenstermacher,male
294,Abraham  Hartman,male
295,Johannes  Hecker,male
296,Johannes  Hornung,male
297,Nicklaus  Kern,unknown
298,Jacob  Lindeman,male
299,Adam  Mensch,male
300,Georg  Meyer,male
301,Georg  Shmoll,male
302,Samuel  Williams,male
303,1794,unknown
304,Philip  Antoni,male
305,Georg  Berentz,male
306,Joans  Hartman,unknown
307,J Georg Hauser,unknown
308,Michael  Naumann,male
309,Johannes  Remelli,male
310,Schoolmaster Jacob Strein,unknown
311,Joseph  Willauer,male
312,1795,unknown
313,David  Bueri,male
314,Jacob  Dincky,male
315,John  Traxel,male
316,Nicklaus  Gloeckner,unknown
317,Peter  Miller,male
318,David  Music,male
319,John  Roeder,male
320,1796,unknown
321,Friederich  Bueri,male
322,David  Teschler,male
323,Jacob  Frack,male
324,Friederich  Gut,male
325,Heinrich  Haas,male
326,Martin  Lins,male
327,John Nicolaus Meyer,male
328,Peter  Mickle,male
329,Andries  Roeder,male
330,Jacob  Seger,male
331,Assah  Symonds,unknown
332,1797,unknown
333,Peter  Hoffman,male
334,Daniel  Kratzer,male
335,Peter  Leisenring,male
336,John  Miller,male
337,Heinrich  Verbilger,male
338,1798,unknown
339,J Georg Hoffman,unknown
340,Michael  Kern,male
341,John  Neuhart,male
342,1799,unknown
343,Joseph  Bottner,male
344,John  Grob,male
345,J Nicolaus Kern,unknown
346,John  Leser,male
347,Philip  Laure,male
348,Ulrich  Michel,male
349,Peter  Muenich,male
350,Friederich  Shumacher,male
351,1800,unknown
352,Philip  Anthony,male
353,Heinrich  Burckhalter,male
354,Benjamin  Dory,male
355,Philip  Kester,male
356,Jeremiah  Kuerschner,male
357,Solomon  Lehant,male
358,William  Laure,male
359,John  Seger,male
360,Peter  Sheurer,male
361,J Heinrich Shumacher,unknown
362,1801,unknown
363,Henry  Burckhalter,male
364,George  Drein,male
365,Abraham  Freymann,male
366,Peter  Roth,male
367,1802,unknown
368,Abraham  Bueri,male
369,George  Graf,male
370,George  Hauser,male
371,Georg  Heckmann,male
372,Solomon  Levan,male
373,Johannes  Leser,male
374,Johannes  Neuhart,male
375,James  Preston,male
376,Johannes  Roeder,male
377,Peter  Siegfried,male
378,1803,unknown
379,Georg  Franz,male
380,Abraham  Hubler,male
381,Abraham  Jundt,male
382,Simon  Straus,male
383,Peter  Traxsel,male
384,George  Zerfass,male
385,1804,unknown
386,Friederich  Braumiller,male
387,Daniel  Daut,male
388,John  Diehl,male
389,Heinrich  Franz,male
390,Johannes  Freymann,male
391,Philip  Georg,male
392,William  Huston,male
393,Johannes Nicolaus Kern,male
394,Jacob  Lautenschlaeger,male
395,Heinrich  Mickle,male
396,Jacob  Roth,male
397,Daniel  Seger,male
398,Abraham  Yundt,male
399,1805,unknown
400,David  Braun,male
401,Johannes Georg Heckmann,male
402,Jacob  Horne,male
403,John  Laure,male
404,Abraham  Miller,male
405,Melchior  Rockel,male
406,Nicholas  Sheurer,male
407,John  Sheurer,male
408,Georg  Schnerr,male
409,Jacob  Seibel,male
410,Joseph  Siegfried,male
411,Johannes Nicolaus Traxel,male
412,John  Yung,male
413,Abraham  Zerfass,male
414,1806,unknown
415,Jacob  Hubler,male
416,Andries  Kratzer,male
417,Georg Jacob Lautenschlaeger,male
418,Johannes  Miller,male
419,Jacob  Moharter,male
420,Daniel  Mickle,male
421,Robert  Nelson,male
422,Peter  Straus,male
423,J Nicolaus Traxel,unknown
424,Heinrich  Ohl,male
425,1807,unknown
426,Daniel  Buchman,male
427,Antoine  Fischer,male
428,Georg  Lautenschlaeger,male
429,Mechior  Rockel,unknown
430,Johannes Jacob Sheurer,male
431,Daniel  Siegfried,male
432,Peter  Schriber,male
433,Christian  Traxel,male
434,1808,unknown
435,Jacob  Bueri,male
436,Jacob  Dory,male
437,Thomas  Gangwehr,male
438,Wilhelm  Gangwehr,male
439,Heinrich  Georg,male
440,John  Gobrecht,male
441,Peter  Graf,male
442,Daniel  Hemsing,male
443,James  Jameson,male
444,Wilhelm  Jansz,male
445,Wilhelm  Kester,male
446,Joseph  Meyer,male
447,George  Shad,male
448,Solomon  Steckel,male
449,Nicholas  Traxel,male
450,1809,unknown
451,Margriet  Bekker,mostly_female
452,Michael  Treisbach,male
453,Johannes  Faust,male
454,George  Fischer,male
455,Daniel  Flickinger,male
456,Jacob  Franz,male
457,Georg Adam Kaemmerer,male
458,Michael  Knaus,male
459,George  Remelli,male
460,Jacob  Shaefer,male
461,Daniel  Schriber,male
462,Philip  Straus,male
463,1810,unknown
464,Friederich  Bekker,male
465,Jacob  Biegy,male
466,Schoolmaster Adam Gilbert,unknown
467,John  Kelly,male
468,Benjamin  Kohler,male
469,Moses  Levi,male
470,Peter  Shad,male
471,Wilhelm  Schmidt,male
472,Solomon  Siegfried,male
473,Jacob  Torner,male
474,John  Williams,male
475,1811,unknown
476,John  Biegy,male
477,Adam  Braun,male
478,Michael  Freymann,male
479,Daniel  Kohler,male
480,Jacob  Larasch,male
481,Antoine  Lautenschlaeger,male
482,1812,unknown
483,John  Bieber,male
484,Peter  Franz,male
485,Charles  Gangwehr,male
486,Jacob  Gilbert,male
487,Georg  Leibeguth,male
488,Daniel  Meyer,male
489,Joseph  Mickle,male
490,John  Paul,male
491,John  Ross,male
492,Jacob  Sheurer,male
493,Daniel  Schmidt,male
494,1813,unknown
495,Wilhelm  Bax,male
496,Michael  Biegy,male
497,Daniel  Burckhalter,male
498,Caspar  Dick,male
499,George  Eisenhardt,male
500,John  Fraehn,male
501,Of Andreas Kratzer,unknown
502,Peter  Lobach,male
503,John  Schneck,male
504,John  Schriber,male
505,1814,unknown
506,John  Christein,male
507,Peter  Kelchner,male
508,Daniel  Laure,male
509,Gottfried  Peter,male
510,Wilhelm  Rinker,male
511,Heinrich  Roeder,male
512,Joseph  Seger,male
513,Johannes  Semm,male
514,Daniel  Sohn,male
515,Friederich  Stricker,male
516,1815,unknown
517,Henricg  Franz,unknown
518,George  Huettel,male
519,Conrad  Meyer,male
520,George  Miller,male
521,Daniel  Queer,male
522,Georg  Rinker,male
523,Lorenz  Shad,male
524,Daniel  Steckel,male
525,Johannes  Traxel,male
526,1816,unknown
527,Jacob  Jacobi,male
528,Joseph  Kern,male
529,Caspar  Meyer,male
530,George  Wright,male
531,John  Yohe,male
532,Heinrich  Zerfass,male
533,1817,unknown
534,Tobias  Berndt,male
535,Jacob  Biegily,male
536,Peter  Bueri,male
537,Samuel  Berger,male
538,Savid  Teschler,unknown
539,Abraham  Diehl,male
540,Peter  Jehl,male
541,John  Kelchner,male
542,George  Meyer,male
543,Daniel  Rinker,male
544,George  Rinker,male
545,Johannes Jacob Seger,male
546,Daniel  Shaefer,male
547,Isaac  Widdes,male
548,John  Yundt,male
549,1818,unknown
550,William  Abbot,male
551,Benjamin  Bax,male
552,Jacob  Breisch,male
553,Paulus  Flick,male
554,Solomon  Gloeckner,male
555,John  Kiefer,male
556,Heinrich  Meyer,male
557,Daniel  Roeder,male
558,John  Roth,male
559,Michael  Schaal,male
560,Johannes  Sheurer,male
561,Jonathan  Traxel,male
562,Johannes  Yundt,male
563,1819,unknown
564,Samuel  Haas,male
565,Tobias  Koch,male
566,Samuel  Leh,male
567,Wilhelm  Miller,male
568,Heinrich  Muehlhausen,male
569,Nicholas  Oblinger,male
570,Samuel  Osmun,male
571,David  Sheurer,male
572,William  Tailor,male
573,Tobias  Wasser,male
574,John  Ohl,male
575,Michael  Zoellner,male
576,1820,unknown
577,George  Harzel,male
578,John  Kichel,male
579,Joseph  Klinberg,male
580,John  Scotlan,male
581,Jacob  Siegfried,male
582,Johannes  Stoflet,male
583,1821,unknown
584,George  Bibelheimer,male
585,Joseph  Bueri,male
586,Joseph  Burckhalter,male
587,Carl  Burckhalter,male
588,George  Greuling,male
589,Daniel  Grob,male
590,Saniel  Hausknecht,unknown
591,Jacob  Koch,male
592,Georg  Wright,male
593,William  Rinker,male
594,John  Sieder,male
595,1822,unknown
596,Jacob  Biegly,male
597,Peter  Biegy,male
598,George  Filler,male
599,Nicholas  Gruber,male
600,William  Hecker,male
601,Daniel  Istmann,male
602,Josepoh  Kern,unknown
603,Isaac  Kohler,male
604,Joseph  Kohler,male
605,Christian  Lobach,male
606,Stephan  Lins,male
607,Dr Samuel Mattheus,unknown
608,Abraham  Meyer,male
609,John  Peter,male
610,Heinrich  Shad,male
611,Dr Heinrich Schaal,unknown
612,Isaac  Siegfried,male
613,John  Walter,male
614,1823,unknown
615,Robias  Berndt,unknown
616,Charles  Burckhalter,male
617,Heinrich  Confer,male
618,James  Teschler,male
619,Solomon  Dubs,male
620,David  Eberhardt,male
621,William  Gangwehr,male
622,Jacob  Gruber,male
623,George  Heckmann,male
624,George  Keck,male
625,Joseph  Long,male
626,Peter  Lautenschlaeger,male
627,Michael  Mussellmann,male
628,Heinrich  Reichel,male
629,John  Schmidt,male
630,Peter  Schmoll,male
631,1824,unknown
632,Thomas  Butz,male
633,Abraham  Hermany,male
634,John  Kregli,male
635,Abrhama  Meyer,unknown
636,Abraham  Shad,male
637,Adam  Schriber,male
638,Peter  Werz,male
639,1825,unknown
640,Valentin  Beutelmann,male
641,Daniel  Braun,male
642,John  Georg,male
643,Friederich  Guth,male
644,Jacob  Laure,male
645,Johannes  Maerz,male
646,Jacob  Stapp,male
647,1826,unknown
648,John  Bueri,male
649,William  Bax,male
650,Andries  Kregli,male
651,Daniel  Miller,male
652,Joseph  Miller,male
653,Charles  Miller,male
654,Jacob  Rendsheimer,male
655,George  Roth,male
656,Heinrich  Schneider,male
657,1827,unknown
658,Daniel  Baertsch,male
659,Johannes  Blos,male
660,Joel  Braun,male
661,Joel  Hoffman,male
662,Michael  Muenich,male
663,Jacob  Schmidt,male
664,Charles  Schmoll,male
665,George  Spaengler,male
666,Joseph  Steckel,male
667,Cain  Wudring,male
668,1828,unknown
669,Jacob  Baertsch,male
670,John  Teschler,male
671,Daniel  Frack,male
672,Joseph  Franz,male
673,Joseph  Freymann,male
674,Abraham  Georg,male
675,Daniel  Wright,male
676,Peter  Schnerr,male
677,Abraham  Steckel,male
678,1829,unknown
679,Thomas  Fitzgerald,male
680,John  Preis,male
681,Charles  Roth,male
682,Daniel  Shumacher,male
683,1830,unknown
684,Jacob  Allander,male
685,Joseph  Bekker,male
686,Benjamin  Queer,male
687,William  Dean,male
688,Abraham  Fenstermacher,male
689,William  Franz,male
690,Jacob  Kaemmerer,male
691,Mattheus  Lane,unknown
692,Charles  Mickle,male
693,Peter  Muschlitz,male
694,Jacob  Rendshheimer,male
695,Daniel  Rhoads,male
696,Jeremiah  Roeder,male
697,William  Sheurer,male
698,Philip  Berger,male
699,Joseph  Berger,male
700,William  Frantz,male
701,Peter  Leienberger,male
702,Dr P Moran,unknown
703,Charles  Sauerwein,male
704,Jacob  Stichler,male
705,William  Wetherbold,male
706,1832,unknown
707,Paulus  Braun,male
708,Daniel  Eisenbrown,male
709,Georg  Filler,male
710,Abraham  Frantz,male
711,Joseph  Frantz,male
712,Michael  Fur,male
713,Thomas  Greenawald,male
714,David  Hoerdli,male
715,Charles  Hecker,male
716,Henry  Hisky,male
717,James  Kern,male
718,Catharina  Lobach,female
719,1831,unknown
720,Leonhard  Larasch,male
721,Gideon  Marx,male
722,Antoine  Mclachlen,male
723,Henry  Meyer,male
724,Carl  Mickle,male
725,Michael  Newhard,male
726,Jacob  Rentzheimer,male
727,William  Sauerwein,male
728,Henry  Shad,male
729,Lorentz  Shad,male
730,William  Wetherhold,male
731,Jacob  Ohl,male
732,John  Zerfass,male
733,1833,unknown
734,John  Osmun,male
735,Jacob  Beisel,male
736,Solomon  Georg,male
737,John  Ginnert,male
738,Stephan  Graf,male
739,Stephan  Hagenbuch,male
740,Solomon  Kaemmerer,male
741,Thomas  Knapenberger,male
742,Dr William Kohler,unknown
743,Peter  Levan,male
744,Joseph  Nagle,male
745,Johannes  Newhard,male
746,Peter  Newhard,male
747,John  Otterson,male
748,Henry  Roeder,male
749,Charles  Welsh,male
750,1834,unknown
751,Joseph  Albrecht,male
752,John  Antoni,male
753,Joseph  Biegy,male
754,Michael  Bruegel,male
755,Dewald  Buchman,unknown
756,David  Burckhalter,male
757,James  Canke,male
758,James  Fisher,male
759,Henry  Frantz,male
760,Charles  Goranflo,male
761,Benjamin  Kelly,male
762,George  Kaemmerer,male
763,Daniel  Kuerschner,male
764,Antoine  Mclachly,male
765,Thomas  Meyer,male
766,Henry  Newhard,male
767,Daniel  Ross,male
768,William  Rauch,male
769,Thomas  Schnerr,male
770,Jacob  Schwab,male
771,Himan L Stein,unknown
772,George  Ott,male
773,Abraham  Waeckerly,male
774,1755,unknown
775,Chr  Ringer,unknown
776,Daniel  Schneider,male
777,Daniel  Solt,male
778,Elizabeth  Dieter,female
779,Jacob  Buchman,male
780,Maria Margreth Gerster,female
781,Catharina  Hartman,female
