id,name
0,1734
1,Peter  Traxel
2,1736
3,1737
4,Daniel  Roth
5,1739
6,Clementz  Arndt
7,Jacob  Bricker
8,Ulrich  Flickinger
9,Michael  Hoffman
10,Martin  Kocher
11,Ulrich  Sensinger
12,Abraham  Wudring
13,1740
14,Friederich  Neuhart
15,Johannes Nicolaus Schneider
16,Johannes  Weber
17,1741
18,Georg  Kern
19,Ludwig  Knaus
20,Friederich  Schneider
21,Peter Traxel Deacon Of The Reformed Congregation Here
22,1742
23,Christian  Prengel
24,1743
25,Joachim  Heussly
26,Michael  Neuhart
27,Joh Friederich Schneider
28,Joh Nicolaus Schneider
29,Ada  Teschler
30,1744
31,1752
32,Michael  Holtzleiner
33,Johannes Heinrich Reinhard
34,Heinrich  Gersler
35,Johannes Georg Kreidler
36,Georg  Neuhart
37,Johannes  Schneider
38,Philip  Filler
39,Leonhard  Fur
40,Paulus  Paljet
41,1753
42,Michael  Ohl
43,Johannes  Roth
44,Jacob  Daubenspeck
45,Jacob  Peter
46,1756
47,Joh Georg Aeckert
48,Felix  Arnert
49,Joseph  Britenner
50,Peter  Frantz
51,Joh Nicolaus Hertzog
52,Barthol  Riebelet
53,1757
54,Martin  Andreas
55,Leonhard  Kern
56,Martin  Meyer
57,Jacob  Wolff
58,Peter  Wudring
59,1758
60,Johannes Georg Aeckert
61,Johannes  Hahn
62,Johannes  Hoffman
63,Georg Jacob Kern
64,Johannes  Mehrkamm
65,1759
66,Joh Michael Traxel
67,1760
68,Ulrich  Arner
69,Peter  Flickinger
70,1761
71,Peter  Kohler
72,Jacob  Schriber
73,1762
74,1763
75,1765
76,Peter  Burckhalter
77,Jacob  Flickinger
78,Christian  Segar
79,1766
80,Jacob  Alleman
81,Engelbert  Hoffman
82,Michael  Kelchner
83,Jacob  Kohler
84,Georg  Leibenguth
85,Joh Nickel Mark
86,Johannes Jacob Mickle
87,Nikel  Traxel
88,1767
89,Theobald  Beck
90,Peter  Teschler
91,Johannes Nickel Fuchs
92,Johannes  Holmes
93,Christian  Leibenguth
94,Jacob  Miller
95,Philip Jacob Schriber
96,Johannes Martin Schwab
97,Peter  Steckel
98,Abraham  Vaudring
99,1768
100,Georg  Flickinger
101,Peter  Neuhart
102,1769
103,1770
104,Daniel  Weber
105,1771
106,Georg  Graf
107,Jacob  Kern
108,Christofel  Kern
109,Peter  Kern
110,Christian  Leibingut
111,Nicholas  Marx
112,Philip  Roth
113,Adam Jr Teschler
114,1772
115,Jacob  Hartman
116,Jacob  Heussly
117,Sebastian  Miller
118,Martin  Mickle
119,Heinrich  Pfeiffer
120,Georg  Rischel
121,Christian  Seger
122,Johannes  Sped
123,Andries  Thormeyer
124,Georg  Wuess
125,1773
126,Adam  Teschler
127,John  Hoffman
128,Christoph  Kern
129,Philip  Miller
130,Jacob  Mickle
131,Hans Martin Mickle
132,Peter  Rauch
133,1774
134,Andries  Heck
135,Conrad  Berger
136,Martin  Graf
137,Johannes  Nitschman
138,Johannes  Reiswig
139,Martin  Roeder
140,Joh Philipse Roth
141,Lorentz  Rauch
142,Samuel  Seger
143,Georg  Semm
144,Dewald  Shaefer
145,Georg Emmerich Shick
146,Johannes  Treisbach
147,Abraham  Voiturin
148,1775
149,J Georg Holmes
150,Joh Nicolaus Marx
151,Conrad  Marx
152,Peter  Meyer
153,Joh Jacob Mickle
154,Michael  Rinker
155,Wilhelm  Seyp
156,Adam  Sheurer
157,Georg  West
158,Adam  Zerfass
159,1776
160,Johannes  Fur
161,Jacob  Frantz
162,Daniel  Kuntz
163,Johannel  Michaels
164,1777
165,Joh Georg Flickinger
166,Johannes  Grob
167,Theobald  Hertzog
168,Joh Martin Mickle
169,J Adam Sheurer
170,1778
171,Leonhard  Knoer
172,Nicholas  Mark
173,Benjamin  Ott
174,Caspar  Peter
175,Jacob  Shwander
176,J Adam Zerfass
177,1779
178,Jaob  Flickinger
179,Conrad  Mark
180,Andries  Siegfried
181,1780
182,Joh Peter Burckhalter
183,Joh Dietrich Hartman
184,Wilhelm  Laure
185,Joh Adam Martin
186,Jacob  Steckel
187,Adam  Traxel
188,1781
189,1782
190,John  Paljet
191,Johannes Dietrich Hartman
192,Christian  Hellmann
193,Nicholas  Seger
194,1783
195,Joh Dider Hartman
196,Thomas  Johnson
197,Gottfried  Laure
198,Michael  Miller
199,David  Neuhart
200,Georg  Remelli
201,Heinrich  Rauch
202,Jacob  Sohn
203,1784
204,John  Baertsch
205,Johannes  Paljet
206,Christian  Fenstermacher
207,Georg  Fischer
208,Jacob  Heck
209,Johannes  Meyer
210,Jacob  Meyer
211,Jacob  Shwartz
212,Daniel  Shwartz
213,1785
214,Solomon  Doderer
215,J Dider Hartman
216,Georg  Hartman
217,Daniel  Kern
218,Philip  Knapenberger
219,Georg  Miller
220,Heinrich  Steckel
221,1786
222,Heinrich  Bueri
223,Heinrich  Faust
224,Jacob  Fischer
225,Andries  Fuchs
226,Jacob  Geiger
227,Andries  Here
228,Robert  Hoerdli
229,Conrad  Leisenring
230,David  Musgenung
231,Johannes  Shad
232,1787
233,Georg  Gangenwehr
234,J Dietrich Hartman
235,Adam  Hecker
236,Johannes  Helfrich
237,Johannes  Kocher
238,John  Meyer
239,Georg Jacob Miller
240,Georg  Shad
241,Johannes  Steckel
242,1788
243,Jacob  Arner
244,George  Teschler
245,Johannes  Dussinger
246,Leonhard  Fischer
247,Peter  Fischer
248,Johannes  Hartman
249,Christian  Hartman
250,Heinrich  Heck
251,J Georg Koch
252,Andries  Meyer
253,John  Stoflet
254,1789
255,Dewald  Fenstermacher
256,Heinrich  Grob
257,Andries  Jehl
258,Christoph  Kelchner
259,Heinrich  Mertz
260,Conrad  Miller
261,J Jacob Mickle
262,Jacob  Rittenhaus
263,Isaac  Rueb
264,John  Shad
265,John  Shantz
266,Jacob  Wudring
267,1790
268,G Adam Deubert
269,John  Feigner
270,Christofel  Kelchner
271,Adam  Sheuer
272,Jacob  Shneck
273,John  Steckel
274,Ludwig  Stoflet
275,John  Walb
276,1791
277,Philip  Bretz
278,John  Arnert
279,Martin  Fur
280,Joost Wilhelm Hecker
281,Jacob  Jehl
282,John  Kocher
283,1792
284,Johannes  Feigner
285,Nicholas  Gloeckner
286,Georg  Hauser
287,John  Hartman
288,Nicholas  Kern
289,Christian  Mickle
290,Johannes  Seger
291,Conrad  Thomase
292,1793
293,Jacob  Fenstermacher
294,Abraham  Hartman
295,Johannes  Hecker
296,Johannes  Hornung
297,Nicklaus  Kern
298,Jacob  Lindeman
299,Adam  Mensch
300,Georg  Meyer
301,Georg  Shmoll
302,Samuel  Williams
303,1794
304,Philip  Antoni
305,Georg  Berentz
306,Joans  Hartman
307,J Georg Hauser
308,Michael  Naumann
309,Johannes  Remelli
310,Schoolmaster Jacob Strein
311,Joseph  Willauer
312,1795
313,David  Bueri
314,Jacob  Dincky
315,John  Traxel
316,Nicklaus  Gloeckner
317,Peter  Miller
318,David  Music
319,John  Roeder
320,1796
321,Friederich  Bueri
322,David  Teschler
323,Jacob  Frack
324,Friederich  Gut
325,Heinrich  Haas
326,Martin  Lins
327,John Nicolaus Meyer
328,Peter  Mickle
329,Andries  Roeder
330,Jacob  Seger
331,Assah  Symonds
332,1797
333,Peter  Hoffman
334,Daniel  Kratzer
335,Peter  Leisenring
336,John  Miller
337,Heinrich  Verbilger
338,1798
339,J Georg Hoffman
340,Michael  Kern
341,John  Neuhart
342,1799
343,Joseph  Bottner
344,John  Grob
345,J Nicolaus Kern
346,John  Leser
347,Philip  Laure
348,Ulrich  Michel
349,Peter  Muenich
350,Friederich  Shumacher
351,1800
352,Philip  Anthony
353,Heinrich  Burckhalter
354,Benjamin  Dory
355,Philip  Kester
356,Jeremiah  Kuerschner
357,Solomon  Lehant
358,William  Laure
359,John  Seger
360,Peter  Sheurer
361,J Heinrich Shumacher
362,1801
363,Henry  Burckhalter
364,George  Drein
365,Abraham  Freymann
366,Peter  Roth
367,1802
368,Abraham  Bueri
369,George  Graf
370,George  Hauser
371,Georg  Heckmann
372,Solomon  Levan
373,Johannes  Leser
374,Johannes  Neuhart
375,James  Preston
376,Johannes  Roeder
377,Peter  Siegfried
378,1803
379,Georg  Franz
380,Abraham  Hubler
381,Abraham  Jundt
382,Simon  Straus
383,Peter  Traxsel
384,George  Zerfass
385,1804
386,Friederich  Braumiller
387,Daniel  Daut
388,John  Diehl
389,Heinrich  Franz
390,Johannes  Freymann
391,Philip  Georg
392,William  Huston
393,Johannes Nicolaus Kern
394,Jacob  Lautenschlaeger
395,Heinrich  Mickle
396,Jacob  Roth
397,Daniel  Seger
398,Abraham  Yundt
399,1805
400,David  Braun
401,Johannes Georg Heckmann
402,Jacob  Horne
403,John  Laure
404,Abraham  Miller
405,Melchior  Rockel
406,Nicholas  Sheurer
407,John  Sheurer
408,Georg  Schnerr
409,Jacob  Seibel
410,Joseph  Siegfried
411,Johannes Nicolaus Traxel
412,John  Yung
413,Abraham  Zerfass
414,1806
415,Jacob  Hubler
416,Andries  Kratzer
417,Georg Jacob Lautenschlaeger
418,Johannes  Miller
419,Jacob  Moharter
420,Daniel  Mickle
421,Robert  Nelson
422,Peter  Straus
423,J Nicolaus Traxel
424,Heinrich  Ohl
425,1807
426,Daniel  Buchman
427,Antoine  Fischer
428,Georg  Lautenschlaeger
429,Mechior  Rockel
430,Johannes Jacob Sheurer
431,Daniel  Siegfried
432,Peter  Schriber
433,Christian  Traxel
434,1808
435,Jacob  Bueri
436,Jacob  Dory
437,Thomas  Gangwehr
438,Wilhelm  Gangwehr
439,Heinrich  Georg
440,John  Gobrecht
441,Peter  Graf
442,Daniel  Hemsing
443,James  Jameson
444,Wilhelm  Jansz
445,Wilhelm  Kester
446,Joseph  Meyer
447,George  Shad
448,Solomon  Steckel
449,Nicholas  Traxel
450,1809
451,Margriet  Bekker
452,Michael  Treisbach
453,Johannes  Faust
454,George  Fischer
455,Daniel  Flickinger
456,Jacob  Franz
457,Georg Adam Kaemmerer
458,Michael  Knaus
459,George  Remelli
460,Jacob  Shaefer
461,Daniel  Schriber
462,Philip  Straus
463,1810
464,Friederich  Bekker
465,Jacob  Biegy
466,Schoolmaster Adam Gilbert
467,John  Kelly
468,Benjamin  Kohler
469,Moses  Levi
470,Peter  Shad
471,Wilhelm  Schmidt
472,Solomon  Siegfried
473,Jacob  Torner
474,John  Williams
475,1811
476,John  Biegy
477,Adam  Braun
478,Michael  Freymann
479,Daniel  Kohler
480,Jacob  Larasch
481,Antoine  Lautenschlaeger
482,1812
483,John  Bieber
484,Peter  Franz
485,Charles  Gangwehr
486,Jacob  Gilbert
487,Georg  Leibeguth
488,Daniel  Meyer
489,Joseph  Mickle
490,John  Paul
491,John  Ross
492,Jacob  Sheurer
493,Daniel  Schmidt
494,1813
495,Wilhelm  Bax
496,Michael  Biegy
497,Daniel  Burckhalter
498,Caspar  Dick
499,George  Eisenhardt
500,John  Fraehn
501,Of Andreas Kratzer
502,Peter  Lobach
503,John  Schneck
504,John  Schriber
505,1814
506,John  Christein
507,Peter  Kelchner
508,Daniel  Laure
509,Gottfried  Peter
510,Wilhelm  Rinker
511,Heinrich  Roeder
512,Joseph  Seger
513,Johannes  Semm
514,Daniel  Sohn
515,Friederich  Stricker
516,1815
517,Henricg  Franz
518,George  Huettel
519,Conrad  Meyer
520,George  Miller
521,Daniel  Queer
522,Georg  Rinker
523,Lorenz  Shad
524,Daniel  Steckel
525,Johannes  Traxel
526,1816
527,Jacob  Jacobi
528,Joseph  Kern
529,Caspar  Meyer
530,George  Wright
531,John  Yohe
532,Heinrich  Zerfass
533,1817
534,Tobias  Berndt
535,Jacob  Biegily
536,Peter  Bueri
537,Samuel  Berger
538,Savid  Teschler
539,Abraham  Diehl
540,Peter  Jehl
541,John  Kelchner
542,George  Meyer
543,Daniel  Rinker
544,George  Rinker
545,Johannes Jacob Seger
546,Daniel  Shaefer
547,Isaac  Widdes
548,John  Yundt
549,1818
550,William  Abbot
551,Benjamin  Bax
552,Jacob  Breisch
553,Paulus  Flick
554,Solomon  Gloeckner
555,John  Kiefer
556,Heinrich  Meyer
557,Daniel  Roeder
558,John  Roth
559,Michael  Schaal
560,Johannes  Sheurer
561,Jonathan  Traxel
562,Johannes  Yundt
563,1819
564,Samuel  Haas
565,Tobias  Koch
566,Samuel  Leh
567,Wilhelm  Miller
568,Heinrich  Muehlhausen
569,Nicholas  Oblinger
570,Samuel  Osmun
571,David  Sheurer
572,William  Tailor
573,Tobias  Wasser
574,John  Ohl
575,Michael  Zoellner
576,1820
577,George  Harzel
578,John  Kichel
579,Joseph  Klinberg
580,John  Scotlan
581,Jacob  Siegfried
582,Johannes  Stoflet
583,1821
584,George  Bibelheimer
585,Joseph  Bueri
586,Joseph  Burckhalter
587,Carl  Burckhalter
588,George  Greuling
589,Daniel  Grob
590,Saniel  Hausknecht
591,Jacob  Koch
592,Georg  Wright
593,William  Rinker
594,John  Sieder
595,1822
596,Jacob  Biegly
597,Peter  Biegy
598,George  Filler
599,Nicholas  Gruber
600,William  Hecker
601,Daniel  Istmann
602,Josepoh  Kern
603,Isaac  Kohler
604,Joseph  Kohler
605,Christian  Lobach
606,Stephan  Lins
607,Dr Samuel Mattheus
608,Abraham  Meyer
609,John  Peter
610,Heinrich  Shad
611,Dr Heinrich Schaal
612,Isaac  Siegfried
613,John  Walter
614,1823
615,Robias  Berndt
616,Charles  Burckhalter
617,Heinrich  Confer
618,James  Teschler
619,Solomon  Dubs
620,David  Eberhardt
621,William  Gangwehr
622,Jacob  Gruber
623,George  Heckmann
624,George  Keck
625,Joseph  Long
626,Peter  Lautenschlaeger
627,Michael  Mussellmann
628,Heinrich  Reichel
629,John  Schmidt
630,Peter  Schmoll
631,1824
632,Thomas  Butz
633,Abraham  Hermany
634,John  Kregli
635,Abrhama  Meyer
636,Abraham  Shad
637,Adam  Schriber
638,Peter  Werz
639,1825
640,Valentin  Beutelmann
641,Daniel  Braun
642,John  Georg
643,Friederich  Guth
644,Jacob  Laure
645,Johannes  Maerz
646,Jacob  Stapp
647,1826
648,John  Bueri
649,William  Bax
650,Andries  Kregli
651,Daniel  Miller
652,Joseph  Miller
653,Charles  Miller
654,Jacob  Rendsheimer
655,George  Roth
656,Heinrich  Schneider
657,1827
658,Daniel  Baertsch
659,Johannes  Blos
660,Joel  Braun
661,Joel  Hoffman
662,Michael  Muenich
663,Jacob  Schmidt
664,Charles  Schmoll
665,George  Spaengler
666,Joseph  Steckel
667,Cain  Wudring
668,1828
669,Jacob  Baertsch
670,John  Teschler
671,Daniel  Frack
672,Joseph  Franz
673,Joseph  Freymann
674,Abraham  Georg
675,Daniel  Wright
676,Peter  Schnerr
677,Abraham  Steckel
678,1829
679,Thomas  Fitzgerald
680,John  Preis
681,Charles  Roth
682,Daniel  Shumacher
683,1830
684,Jacob  Allander
685,Joseph  Bekker
686,Benjamin  Queer
687,William  Dean
688,Abraham  Fenstermacher
689,William  Franz
690,Jacob  Kaemmerer
691,Mattheus  Lane
692,Charles  Mickle
693,Peter  Muschlitz
694,Jacob  Rendshheimer
695,Daniel  Rhoads
696,Jeremiah  Roeder
697,William  Sheurer
698,Philip  Berger
699,Joseph  Berger
700,William  Frantz
701,Peter  Leienberger
702,Dr P Moran
703,Charles  Sauerwein
704,Jacob  Stichler
705,William  Wetherbold
706,1832
707,Paulus  Braun
708,Daniel  Eisenbrown
709,Georg  Filler
710,Abraham  Frantz
711,Joseph  Frantz
712,Michael  Fur
713,Thomas  Greenawald
714,David  Hoerdli
715,Charles  Hecker
716,Henry  Hisky
717,James  Kern
718,Catharina  Lobach
719,1831
720,Leonhard  Larasch
721,Gideon  Marx
722,Antoine  Mclachlen
723,Henry  Meyer
724,Carl  Mickle
725,Michael  Newhard
726,Jacob  Rentzheimer
727,William  Sauerwein
728,Henry  Shad
729,Lorentz  Shad
730,William  Wetherhold
731,Jacob  Ohl
732,John  Zerfass
733,1833
734,John  Osmun
735,Jacob  Beisel
736,Solomon  Georg
737,John  Ginnert
738,Stephan  Graf
739,Stephan  Hagenbuch
740,Solomon  Kaemmerer
741,Thomas  Knapenberger
742,Dr William Kohler
743,Peter  Levan
744,Joseph  Nagle
745,Johannes  Newhard
746,Peter  Newhard
747,John  Otterson
748,Henry  Roeder
749,Charles  Welsh
750,1834
751,Joseph  Albrecht
752,John  Antoni
753,Joseph  Biegy
754,Michael  Bruegel
755,Dewald  Buchman
756,David  Burckhalter
757,James  Canke
758,James  Fisher
759,Henry  Frantz
760,Charles  Goranflo
761,Benjamin  Kelly
762,George  Kaemmerer
763,Daniel  Kuerschner
764,Antoine  Mclachly
765,Thomas  Meyer
766,Henry  Newhard
767,Daniel  Ross
768,William  Rauch
769,Thomas  Schnerr
770,Jacob  Schwab
771,Himan L Stein
772,George  Ott
773,Abraham  Waeckerly
774,1755
775,Chr  Ringer
776,Daniel  Schneider
777,Daniel  Solt
778,Elizabeth  Dieter
779,Jacob  Buchman
780,Maria Margreth Gerster
781,Catharina  Hartman
