id,name,gender,race
0,1734,unknown,white
1,Peter  Traxel,male,white
2,1736,unknown,white
3,1737,unknown,white
4,Daniel  Roth,male,white
5,1739,unknown,white
6,Clementz  Arndt,unknown,white
7,Jacob  Bricker,male,white
8,Ulrich  Flickinger,male,white
9,Michael  Hoffman,male,white
10,Martin  Kocher,male,white
11,Ulrich  Sensinger,male,white
12,Abraham  Wudring,male,white
13,1740,unknown,white
14,Friederich  Neuhart,male,white
15,Johannes Nicolaus Schneider,male,white
16,Johannes  Weber,male,white
17,1741,unknown,white
18,Georg  Kern,male,white
19,Ludwig  Knaus,male,white
20,Friederich  Schneider,male,white
21,Peter Traxel Deacon Of The Reformed Congregation Here,male,white
22,1742,unknown,white
23,Christian  Prengel,male,white
24,1743,unknown,white
25,Joachim  Heussly,male,white
26,Michael  Neuhart,male,white
27,Joh Friederich Schneider,male,white
28,Joh Nicolaus Schneider,male,white
29,Ada  Teschler,female,white
30,1744,unknown,white
31,1752,unknown,white
32,Michael  Holtzleiner,male,white
33,Johannes Heinrich Reinhard,male,white
34,Heinrich  Gersler,male,white
35,Johannes Georg Kreidler,male,white
36,Georg  Neuhart,male,white
37,Johannes  Schneider,male,white
38,Philip  Filler,male,white
39,Leonhard  Fur,male,white
40,Paulus  Paljet,male,white
41,1753,unknown,white
42,Michael  Ohl,male,white
43,Johannes  Roth,male,white
44,Jacob  Daubenspeck,male,white
45,Jacob  Peter,male,white
46,1756,unknown,white
47,Joh Georg Aeckert,male,white
48,Felix  Arnert,male,white
49,Joseph  Britenner,male,white
50,Peter  Frantz,male,white
51,Joh Nicolaus Hertzog,male,white
52,Barthol  Riebelet,unknown,white
53,1757,unknown,white
54,Martin  Andreas,male,white
55,Leonhard  Kern,male,white
56,Martin  Meyer,male,white
57,Jacob  Wolff,male,white
58,Peter  Wudring,male,white
59,1758,unknown,white
60,Johannes Georg Aeckert,male,white
61,Johannes  Hahn,male,white
62,Johannes  Hoffman,male,white
63,Georg Jacob Kern,male,white
64,Johannes  Mehrkamm,male,white
65,1759,unknown,white
66,Joh Michael Traxel,male,white
67,1760,unknown,white
68,Ulrich  Arner,male,white
69,Peter  Flickinger,male,white
70,1761,unknown,white
71,Peter  Kohler,male,white
72,Jacob  Schriber,male,white
73,1762,unknown,white
74,1763,unknown,white
75,1765,unknown,white
76,Peter  Burckhalter,male,white
77,Jacob  Flickinger,male,white
78,Christian  Segar,male,white
79,1766,unknown,white
80,Jacob  Alleman,male,white
81,Engelbert  Hoffman,male,white
82,Michael  Kelchner,male,white
83,Jacob  Kohler,male,white
84,Georg  Leibenguth,male,white
85,Joh Nickel Mark,male,white
86,Johannes Jacob Mickle,male,white
87,Nikel  Traxel,unknown,white
88,1767,unknown,white
89,Theobald  Beck,male,white
90,Peter  Teschler,male,white
91,Johannes Nickel Fuchs,male,white
92,Johannes  Holmes,male,white
93,Christian  Leibenguth,male,white
94,Jacob  Miller,male,white
95,Philip Jacob Schriber,male,white
96,Johannes Martin Schwab,male,white
97,Peter  Steckel,male,white
98,Abraham  Vaudring,male,white
99,1768,unknown,white
100,Georg  Flickinger,male,white
101,Peter  Neuhart,male,white
102,1769,unknown,white
103,1770,unknown,white
104,Daniel  Weber,male,white
105,1771,unknown,white
106,Georg  Graf,male,white
107,Jacob  Kern,male,white
108,Christofel  Kern,male,white
109,Peter  Kern,male,white
110,Christian  Leibingut,male,white
111,Nicholas  Marx,male,white
112,Philip  Roth,male,white
113,Adam Jr Teschler,male,white
114,1772,unknown,white
115,Jacob  Hartman,male,white
116,Jacob  Heussly,male,white
117,Sebastian  Miller,male,white
118,Martin  Mickle,male,white
119,Heinrich  Pfeiffer,male,white
120,Georg  Rischel,male,white
121,Christian  Seger,male,white
122,Johannes  Sped,male,white
123,Andries  Thormeyer,male,white
124,Georg  Wuess,male,white
125,1773,unknown,white
126,Adam  Teschler,male,white
127,John  Hoffman,male,white
128,Christoph  Kern,male,white
129,Philip  Miller,male,white
130,Jacob  Mickle,male,white
131,Hans Martin Mickle,male,white
132,Peter  Rauch,male,white
133,1774,unknown,white
134,Andries  Heck,male,white
135,Conrad  Berger,male,white
136,Martin  Graf,male,white
137,Johannes  Nitschman,male,white
138,Johannes  Reiswig,male,white
139,Martin  Roeder,male,white
140,Joh Philipse Roth,male,white
141,Lorentz  Rauch,male,white
142,Samuel  Seger,male,white
143,Georg  Semm,male,white
144,Dewald  Shaefer,male,white
145,Georg Emmerich Shick,male,white
146,Johannes  Treisbach,male,white
147,Abraham  Voiturin,male,white
148,1775,unknown,white
149,J Georg Holmes,unknown,white
150,Joh Nicolaus Marx,male,white
151,Conrad  Marx,male,white
152,Peter  Meyer,male,white
153,Joh Jacob Mickle,male,white
154,Michael  Rinker,male,white
155,Wilhelm  Seyp,male,white
156,Adam  Sheurer,male,white
157,Georg  West,male,white
158,Adam  Zerfass,male,white
159,1776,unknown,white
160,Johannes  Fur,male,white
161,Jacob  Frantz,male,white
162,Daniel  Kuntz,male,white
163,Johannel  Michaels,unknown,white
164,1777,unknown,white
165,Joh Georg Flickinger,male,white
166,Johannes  Grob,male,white
167,Theobald  Hertzog,male,white
168,Joh Martin Mickle,male,white
169,J Adam Sheurer,unknown,white
170,1778,unknown,white
171,Leonhard  Knoer,male,white
172,Nicholas  Mark,male,white
173,Benjamin  Ott,male,white
174,Caspar  Peter,male,white
175,Jacob  Shwander,male,white
176,J Adam Zerfass,unknown,white
177,1779,unknown,white
178,Jaob  Flickinger,unknown,white
179,Conrad  Mark,male,white
180,Andries  Siegfried,male,white
181,1780,unknown,white
182,Joh Peter Burckhalter,male,white
183,Joh Dietrich Hartman,male,white
184,Wilhelm  Laure,male,white
185,Joh Adam Martin,male,white
186,Jacob  Steckel,male,white
187,Adam  Traxel,male,white
188,1781,unknown,white
189,1782,unknown,white
190,John  Paljet,male,white
191,Johannes Dietrich Hartman,male,white
192,Christian  Hellmann,male,white
193,Nicholas  Seger,male,white
194,1783,unknown,white
195,Joh Dider Hartman,male,white
196,Thomas  Johnson,male,white
197,Gottfried  Laure,male,white
198,Michael  Miller,male,white
199,David  Neuhart,male,white
200,Georg  Remelli,male,white
201,Heinrich  Rauch,male,white
202,Jacob  Sohn,male,white
203,1784,unknown,white
204,John  Baertsch,male,white
205,Johannes  Paljet,male,white
206,Christian  Fenstermacher,male,white
207,Georg  Fischer,male,white
208,Jacob  Heck,male,white
209,Johannes  Meyer,male,white
210,Jacob  Meyer,male,white
211,Jacob  Shwartz,male,white
212,Daniel  Shwartz,male,white
213,1785,unknown,white
214,Solomon  Doderer,male,white
215,J Dider Hartman,unknown,white
216,Georg  Hartman,male,white
217,Daniel  Kern,male,white
218,Philip  Knapenberger,male,white
219,Georg  Miller,male,white
220,Heinrich  Steckel,male,white
221,1786,unknown,white
222,Heinrich  Bueri,male,white
223,Heinrich  Faust,male,white
224,Jacob  Fischer,male,white
225,Andries  Fuchs,male,white
226,Jacob  Geiger,male,white
227,Andries  Here,male,white
228,Robert  Hoerdli,male,white
229,Conrad  Leisenring,male,white
230,David  Musgenung,male,white
231,Johannes  Shad,male,white
232,1787,unknown,white
233,Georg  Gangenwehr,male,white
234,J Dietrich Hartman,unknown,white
235,Adam  Hecker,male,white
236,Johannes  Helfrich,male,white
237,Johannes  Kocher,male,white
238,John  Meyer,male,white
239,Georg Jacob Miller,male,white
240,Georg  Shad,male,white
241,Johannes  Steckel,male,white
242,1788,unknown,white
243,Jacob  Arner,male,white
244,George  Teschler,male,white
245,Johannes  Dussinger,male,white
246,Leonhard  Fischer,male,white
247,Peter  Fischer,male,white
248,Johannes  Hartman,male,white
249,Christian  Hartman,male,white
250,Heinrich  Heck,male,white
251,J Georg Koch,unknown,white
252,Andries  Meyer,male,white
253,John  Stoflet,male,white
254,1789,unknown,white
255,Dewald  Fenstermacher,male,white
256,Heinrich  Grob,male,white
257,Andries  Jehl,male,white
258,Christoph  Kelchner,male,white
259,Heinrich  Mertz,male,white
260,Conrad  Miller,male,white
261,J Jacob Mickle,unknown,white
262,Jacob  Rittenhaus,male,white
263,Isaac  Rueb,male,white
264,John  Shad,male,white
265,John  Shantz,male,white
266,Jacob  Wudring,male,white
267,1790,unknown,white
268,G Adam Deubert,male,white
269,John  Feigner,male,white
270,Christofel  Kelchner,male,white
271,Adam  Sheuer,male,white
272,Jacob  Shneck,male,white
273,John  Steckel,male,white
274,Ludwig  Stoflet,male,white
275,John  Walb,male,white
276,1791,unknown,white
277,Philip  Bretz,male,white
278,John  Arnert,male,white
279,Martin  Fur,male,white
280,Joost Wilhelm Hecker,male,white
281,Jacob  Jehl,male,white
282,John  Kocher,male,white
283,1792,unknown,white
284,Johannes  Feigner,male,white
285,Nicholas  Gloeckner,male,white
286,Georg  Hauser,male,white
287,John  Hartman,male,white
288,Nicholas  Kern,male,white
289,Christian  Mickle,male,white
290,Johannes  Seger,male,white
291,Conrad  Thomase,male,white
292,1793,unknown,white
293,Jacob  Fenstermacher,male,white
294,Abraham  Hartman,male,white
295,Johannes  Hecker,male,white
296,Johannes  Hornung,male,white
297,Nicklaus  Kern,unknown,white
298,Jacob  Lindeman,male,white
299,Adam  Mensch,male,white
300,Georg  Meyer,male,white
301,Georg  Shmoll,male,white
302,Samuel  Williams,male,white
303,1794,unknown,white
304,Philip  Antoni,male,white
305,Georg  Berentz,male,white
306,Joans  Hartman,unknown,white
307,J Georg Hauser,unknown,white
308,Michael  Naumann,male,white
309,Johannes  Remelli,male,white
310,Schoolmaster Jacob Strein,unknown,white
311,Joseph  Willauer,male,white
312,1795,unknown,white
313,David  Bueri,male,white
314,Jacob  Dincky,male,white
315,John  Traxel,male,white
316,Nicklaus  Gloeckner,unknown,white
317,Peter  Miller,male,white
318,David  Music,male,white
319,John  Roeder,male,white
320,1796,unknown,white
321,Friederich  Bueri,male,white
322,David  Teschler,male,white
323,Jacob  Frack,male,white
324,Friederich  Gut,male,white
325,Heinrich  Haas,male,white
326,Martin  Lins,male,white
327,John Nicolaus Meyer,male,white
328,Peter  Mickle,male,white
329,Andries  Roeder,male,white
330,Jacob  Seger,male,white
331,Assah  Symonds,unknown,white
332,1797,unknown,white
333,Peter  Hoffman,male,white
334,Daniel  Kratzer,male,white
335,Peter  Leisenring,male,white
336,John  Miller,male,white
337,Heinrich  Verbilger,male,white
338,1798,unknown,white
339,J Georg Hoffman,unknown,white
340,Michael  Kern,male,white
341,John  Neuhart,male,white
342,1799,unknown,white
343,Joseph  Bottner,male,white
344,John  Grob,male,white
345,J Nicolaus Kern,unknown,white
346,John  Leser,male,white
347,Philip  Laure,male,white
348,Ulrich  Michel,male,white
349,Peter  Muenich,male,white
350,Friederich  Shumacher,male,white
351,1800,unknown,white
352,Philip  Anthony,male,white
353,Heinrich  Burckhalter,male,white
354,Benjamin  Dory,male,white
355,Philip  Kester,male,white
356,Jeremiah  Kuerschner,male,white
357,Solomon  Lehant,male,white
358,William  Laure,male,white
359,John  Seger,male,white
360,Peter  Sheurer,male,white
361,J Heinrich Shumacher,unknown,white
362,1801,unknown,white
363,Henry  Burckhalter,male,white
364,George  Drein,male,white
365,Abraham  Freymann,male,white
366,Peter  Roth,male,white
367,1802,unknown,white
368,Abraham  Bueri,male,white
369,George  Graf,male,white
370,George  Hauser,male,white
371,Georg  Heckmann,male,white
372,Solomon  Levan,male,white
373,Johannes  Leser,male,white
374,Johannes  Neuhart,male,white
375,James  Preston,male,white
376,Johannes  Roeder,male,white
377,Peter  Siegfried,male,white
378,1803,unknown,white
379,Georg  Franz,male,white
380,Abraham  Hubler,male,white
381,Abraham  Jundt,male,white
382,Simon  Straus,male,white
383,Peter  Traxsel,male,white
384,George  Zerfass,male,white
385,1804,unknown,white
386,Friederich  Braumiller,male,white
387,Daniel  Daut,male,white
388,John  Diehl,male,white
389,Heinrich  Franz,male,white
390,Johannes  Freymann,male,white
391,Philip  Georg,male,white
392,William  Huston,male,white
393,Johannes Nicolaus Kern,male,white
394,Jacob  Lautenschlaeger,male,white
395,Heinrich  Mickle,male,white
396,Jacob  Roth,male,white
397,Daniel  Seger,male,white
398,Abraham  Yundt,male,white
399,1805,unknown,white
400,David  Braun,male,white
401,Johannes Georg Heckmann,male,white
402,Jacob  Horne,male,white
403,John  Laure,male,white
404,Abraham  Miller,male,white
405,Melchior  Rockel,male,white
406,Nicholas  Sheurer,male,white
407,John  Sheurer,male,white
408,Georg  Schnerr,male,white
409,Jacob  Seibel,male,white
410,Joseph  Siegfried,male,white
411,Johannes Nicolaus Traxel,male,white
412,John  Yung,male,white
413,Abraham  Zerfass,male,white
414,1806,unknown,white
415,Jacob  Hubler,male,white
416,Andries  Kratzer,male,white
417,Georg Jacob Lautenschlaeger,male,white
418,Johannes  Miller,male,white
419,Jacob  Moharter,male,white
420,Daniel  Mickle,male,white
421,Robert  Nelson,male,white
422,Peter  Straus,male,white
423,J Nicolaus Traxel,unknown,white
424,Heinrich  Ohl,male,white
425,1807,unknown,white
426,Daniel  Buchman,male,white
427,Antoine  Fischer,male,white
428,Georg  Lautenschlaeger,male,white
429,Mechior  Rockel,unknown,white
430,Johannes Jacob Sheurer,male,white
431,Daniel  Siegfried,male,white
432,Peter  Schriber,male,white
433,Christian  Traxel,male,white
434,1808,unknown,white
435,Jacob  Bueri,male,white
436,Jacob  Dory,male,white
437,Thomas  Gangwehr,male,white
438,Wilhelm  Gangwehr,male,white
439,Heinrich  Georg,male,white
440,John  Gobrecht,male,white
441,Peter  Graf,male,white
442,Daniel  Hemsing,male,white
443,James  Jameson,male,white
444,Wilhelm  Jansz,male,white
445,Wilhelm  Kester,male,white
446,Joseph  Meyer,male,white
447,George  Shad,male,white
448,Solomon  Steckel,male,white
449,Nicholas  Traxel,male,white
450,1809,unknown,white
451,Margriet  Bekker,female,white
452,Michael  Treisbach,male,white
453,Johannes  Faust,male,white
454,George  Fischer,male,white
455,Daniel  Flickinger,male,white
456,Jacob  Franz,male,white
457,Georg Adam Kaemmerer,male,white
458,Michael  Knaus,male,white
459,George  Remelli,male,white
460,Jacob  Shaefer,male,white
461,Daniel  Schriber,male,white
462,Philip  Straus,male,white
463,1810,unknown,white
464,Friederich  Bekker,male,white
465,Jacob  Biegy,male,white
466,Schoolmaster Adam Gilbert,unknown,white
467,John  Kelly,male,white
468,Benjamin  Kohler,male,white
469,Moses  Levi,male,white
470,Peter  Shad,male,white
471,Wilhelm  Schmidt,male,white
472,Solomon  Siegfried,male,white
473,Jacob  Torner,male,white
474,John  Williams,male,white
475,1811,unknown,white
476,John  Biegy,male,white
477,Adam  Braun,male,white
478,Michael  Freymann,male,white
479,Daniel  Kohler,male,white
480,Jacob  Larasch,male,white
481,Antoine  Lautenschlaeger,male,white
482,1812,unknown,white
483,John  Bieber,male,white
484,Peter  Franz,male,white
485,Charles  Gangwehr,male,white
486,Jacob  Gilbert,male,white
487,Georg  Leibeguth,male,white
488,Daniel  Meyer,male,white
489,Joseph  Mickle,male,white
490,John  Paul,male,white
491,John  Ross,male,white
492,Jacob  Sheurer,male,white
493,Daniel  Schmidt,male,white
494,1813,unknown,white
495,Wilhelm  Bax,male,white
496,Michael  Biegy,male,white
497,Daniel  Burckhalter,male,white
498,Caspar  Dick,male,white
499,George  Eisenhardt,male,white
500,John  Fraehn,male,white
501,Of Andreas Kratzer,unknown,white
502,Peter  Lobach,male,white
503,John  Schneck,male,white
504,John  Schriber,male,white
505,1814,unknown,white
506,John  Christein,male,white
507,Peter  Kelchner,male,white
508,Daniel  Laure,male,white
509,Gottfried  Peter,male,white
510,Wilhelm  Rinker,male,white
511,Heinrich  Roeder,male,white
512,Joseph  Seger,male,white
513,Johannes  Semm,male,white
514,Daniel  Sohn,male,white
515,Friederich  Stricker,male,white
516,1815,unknown,white
517,Henricg  Franz,unknown,white
518,George  Huettel,male,white
519,Conrad  Meyer,male,white
520,George  Miller,male,white
521,Daniel  Queer,male,white
522,Georg  Rinker,male,white
523,Lorenz  Shad,male,white
524,Daniel  Steckel,male,white
525,Johannes  Traxel,male,white
526,1816,unknown,white
527,Jacob  Jacobi,male,white
528,Joseph  Kern,male,white
529,Caspar  Meyer,male,white
530,George  Wright,male,white
531,John  Yohe,male,white
532,Heinrich  Zerfass,male,white
533,1817,unknown,white
534,Tobias  Berndt,male,white
535,Jacob  Biegily,male,white
536,Peter  Bueri,male,white
537,Samuel  Berger,male,white
538,Savid  Teschler,unknown,white
539,Abraham  Diehl,male,white
540,Peter  Jehl,male,white
541,John  Kelchner,male,white
542,George  Meyer,male,white
543,Daniel  Rinker,male,white
544,George  Rinker,male,white
545,Johannes Jacob Seger,male,white
546,Daniel  Shaefer,male,white
547,Isaac  Widdes,male,white
548,John  Yundt,male,white
549,1818,unknown,white
550,William  Abbot,male,white
551,Benjamin  Bax,male,white
552,Jacob  Breisch,male,white
553,Paulus  Flick,male,white
554,Solomon  Gloeckner,male,white
555,John  Kiefer,male,white
556,Heinrich  Meyer,male,white
557,Daniel  Roeder,male,white
558,John  Roth,male,white
559,Michael  Schaal,male,white
560,Johannes  Sheurer,male,white
561,Jonathan  Traxel,male,white
562,Johannes  Yundt,male,white
563,1819,unknown,white
564,Samuel  Haas,male,white
565,Tobias  Koch,male,white
566,Samuel  Leh,male,white
567,Wilhelm  Miller,male,white
568,Heinrich  Muehlhausen,male,white
569,Nicholas  Oblinger,male,white
570,Samuel  Osmun,male,white
571,David  Sheurer,male,white
572,William  Tailor,male,white
573,Tobias  Wasser,male,white
574,John  Ohl,male,white
575,Michael  Zoellner,male,white
576,1820,unknown,white
577,George  Harzel,male,white
578,John  Kichel,male,white
579,Joseph  Klinberg,male,white
580,John  Scotlan,male,white
581,Jacob  Siegfried,male,white
582,Johannes  Stoflet,male,white
583,1821,unknown,white
584,George  Bibelheimer,male,white
585,Joseph  Bueri,male,white
586,Joseph  Burckhalter,male,white
587,Carl  Burckhalter,male,white
588,George  Greuling,male,white
589,Daniel  Grob,male,white
590,Saniel  Hausknecht,unknown,white
591,Jacob  Koch,male,white
592,Georg  Wright,male,white
593,William  Rinker,male,white
594,John  Sieder,male,white
595,1822,unknown,white
596,Jacob  Biegly,male,white
597,Peter  Biegy,male,white
598,George  Filler,male,white
599,Nicholas  Gruber,male,white
600,William  Hecker,male,white
601,Daniel  Istmann,male,white
602,Josepoh  Kern,unknown,white
603,Isaac  Kohler,male,white
604,Joseph  Kohler,male,white
605,Christian  Lobach,male,white
606,Stephan  Lins,male,white
607,Dr Samuel Mattheus,male,white
608,Abraham  Meyer,male,white
609,John  Peter,male,white
610,Heinrich  Shad,male,white
611,Dr Heinrich Schaal,male,white
612,Isaac  Siegfried,male,white
613,John  Walter,male,white
614,1823,unknown,white
615,Robias  Berndt,unknown,white
616,Charles  Burckhalter,male,white
617,Heinrich  Confer,male,white
618,James  Teschler,male,white
619,Solomon  Dubs,male,white
620,David  Eberhardt,male,white
621,William  Gangwehr,male,white
622,Jacob  Gruber,male,white
623,George  Heckmann,male,white
624,George  Keck,male,white
625,Joseph  Long,male,white
626,Peter  Lautenschlaeger,male,white
627,Michael  Mussellmann,male,white
628,Heinrich  Reichel,male,white
629,John  Schmidt,male,white
630,Peter  Schmoll,male,white
631,1824,unknown,white
632,Thomas  Butz,male,white
633,Abraham  Hermany,male,white
634,John  Kregli,male,white
635,Abrhama  Meyer,unknown,white
636,Abraham  Shad,male,white
637,Adam  Schriber,male,white
638,Peter  Werz,male,white
639,1825,unknown,white
640,Valentin  Beutelmann,male,white
641,Daniel  Braun,male,white
642,John  Georg,male,white
643,Friederich  Guth,male,white
644,Jacob  Laure,male,white
645,Johannes  Maerz,male,white
646,Jacob  Stapp,male,white
647,1826,unknown,white
648,John  Bueri,male,white
649,William  Bax,male,white
650,Andries  Kregli,male,white
651,Daniel  Miller,male,white
652,Joseph  Miller,male,white
653,Charles  Miller,male,white
654,Jacob  Rendsheimer,male,white
655,George  Roth,male,white
656,Heinrich  Schneider,male,white
657,1827,unknown,white
658,Daniel  Baertsch,male,white
659,Johannes  Blos,male,white
660,Joel  Braun,male,white
661,Joel  Hoffman,male,white
662,Michael  Muenich,male,white
663,Jacob  Schmidt,male,white
664,Charles  Schmoll,male,white
665,George  Spaengler,male,white
666,Joseph  Steckel,male,white
667,Cain  Wudring,male,white
668,1828,unknown,white
669,Jacob  Baertsch,male,white
670,John  Teschler,male,white
671,Daniel  Frack,male,white
672,Joseph  Franz,male,white
673,Joseph  Freymann,male,white
674,Abraham  Georg,male,white
675,Daniel  Wright,male,white
676,Peter  Schnerr,male,white
677,Abraham  Steckel,male,white
678,1829,unknown,white
679,Thomas  Fitzgerald,male,white
680,John  Preis,male,white
681,Charles  Roth,male,white
682,Daniel  Shumacher,male,white
683,1830,unknown,white
684,Jacob  Allander,male,white
685,Joseph  Bekker,male,white
686,Benjamin  Queer,male,white
687,William  Dean,male,white
688,Abraham  Fenstermacher,male,white
689,William  Franz,male,white
690,Jacob  Kaemmerer,male,white
691,Mattheus  Lane,male,white
692,Charles  Mickle,male,white
693,Peter  Muschlitz,male,white
694,Jacob  Rendshheimer,male,white
695,Daniel  Rhoads,male,white
696,Jeremiah  Roeder,male,white
697,William  Sheurer,male,white
698,Philip  Berger,male,white
699,Joseph  Berger,male,white
700,William  Frantz,male,white
701,Peter  Leienberger,male,white
702,Dr P Moran,male,white
703,Charles  Sauerwein,male,white
704,Jacob  Stichler,male,white
705,William  Wetherbold,male,white
706,1832,unknown,white
707,Paulus  Braun,male,white
708,Daniel  Eisenbrown,male,white
709,Georg  Filler,male,white
710,Abraham  Frantz,male,white
711,Joseph  Frantz,male,white
712,Michael  Fur,male,white
713,Thomas  Greenawald,male,white
714,David  Hoerdli,male,white
715,Charles  Hecker,male,white
716,Henry  Hisky,male,white
717,James  Kern,male,white
718,Catharina  Lobach,female,white
719,1831,unknown,white
720,Leonhard  Larasch,male,white
721,Gideon  Marx,male,white
722,Antoine  Mclachlen,male,white
723,Henry  Meyer,male,white
724,Carl  Mickle,male,white
725,Michael  Newhard,male,white
726,Jacob  Rentzheimer,male,white
727,William  Sauerwein,male,white
728,Henry  Shad,male,white
729,Lorentz  Shad,male,white
730,William  Wetherhold,male,white
731,Jacob  Ohl,male,white
732,John  Zerfass,male,white
733,1833,unknown,white
734,John  Osmun,male,white
735,Jacob  Beisel,male,white
736,Solomon  Georg,male,white
737,John  Ginnert,male,white
738,Stephan  Graf,male,white
739,Stephan  Hagenbuch,male,white
740,Solomon  Kaemmerer,male,white
741,Thomas  Knapenberger,male,white
742,Dr William Kohler,male,white
743,Peter  Levan,male,white
744,Joseph  Nagle,male,white
745,Johannes  Newhard,male,white
746,Peter  Newhard,male,white
747,John  Otterson,male,white
748,Henry  Roeder,male,white
749,Charles  Welsh,male,white
750,1834,unknown,white
751,Joseph  Albrecht,male,white
752,John  Antoni,male,white
753,Joseph  Biegy,male,white
754,Michael  Bruegel,male,white
755,Dewald  Buchman,male,white
756,David  Burckhalter,male,white
757,James  Canke,male,white
758,James  Fisher,male,white
759,Henry  Frantz,male,white
760,Charles  Goranflo,male,white
761,Benjamin  Kelly,male,white
762,George  Kaemmerer,male,white
763,Daniel  Kuerschner,male,white
764,Antoine  Mclachly,male,white
765,Thomas  Meyer,male,white
766,Henry  Newhard,male,white
767,Daniel  Ross,male,white
768,William  Rauch,male,white
769,Thomas  Schnerr,male,white
770,Jacob  Schwab,male,white
771,Himan L Stein,unknown,white
772,George  Ott,male,white
773,Abraham  Waeckerly,male,white
774,1755,unknown,white
775,Chr  Ringer,unknown,white
776,Daniel  Schneider,male,white
777,Daniel  Solt,male,white
778,Elizabeth  Dieter,female,white
779,Jacob  Buchman,male,white
780,Maria Margreth Gerster,female,white
781,Catharina  Hartman,female,white
