id,name,gender,race
0,Jacob Weber,male,white
1,Anna Elisabetha Weber,female,white
2,Andeas Volck,unknown,white
3,Anna Catharina Volck,female,white
4,Johan Michael Schutz,male,white
5,Maria Schutz,female,white
6,Johan Jacob Plettel,male,white
7,Elisabetha Plettel,female,white
8,Melchior Springstein,male,white
9,Gerdraut Springstein,male,white
10,Joseph Practer,male,white
11,Helena Practer,female,white
12,Georg Springstein,male,white
13,Catharina Springstein,female,white
14,Johan Breuen,male,white
15,Christina Breuen,female,white
16,Obadias Winter,unknown,white
17,Susanna Winter,female,white
18,Samuel Knackli,male,white
19,Emicke Knackli,unknown,white
20,William Arsen,male,white
21,Elisabetha Arsen,female,white
22,Just Henrich Schaster,male,white
23,Maria Margretha Schafer,female,white
24,Johan Georg Sponheimer,male,white
25,Anna Maria Sponheimer,female,white
26,Sebastian Loscher,male,white
27,Maria Elisabetha Loscher,female,white
28,Johan Grems,male,white
29,Anna Apolonia Grems,female,white
30,Caspar Brendel,male,white
31,Anna Agatha Brendel,female,white
32,Laurenz Schweitzer,male,white
33,Catharina Schweitzer,female,white
34,Johan Fischer,male,white
35,Maria Fischer,female,white
36,Josua Kocherthal,male,white
37,Sibylla Charlotta Kocherthal,female,white
38,Johan Jacob Schnitt,male,white
39,Maria Elisabetha Schnitt,female,white
40,Niclaus Haas,unknown,white
41,Sabina Haas,female,white
42,Johan Georg Klug,male,white
43,Susanna Klug,female,white
44,Johan Lorentz,male,white
45,Anna Margretha Lorentz,female,white
46,Dietrich Hoffman,male,white
47,Anna Elalia Hoffman,female,white
48,Christian Lauch,male,white
49,Anna Dorothea Lauch,female,white
50,Benedict Wenerich,male,white
51,Christina Wenerich,female,white
52,Johann Dietrich Wanenmacher,male,white
53,Anna Margretha Wanenmacher,female,white
54,Conrad Hettich,male,white
55,Anna Maria Hettich,female,white
56,Johan Georg Schleicher,male,white
57,Anna Margretha Schleicher,female,white
58,Johann Philipp Kreiser,male,white
59,Catharina Kreiser,female,white
60,Johan Beranhard,male,white
61,Anna Maria Beranhard,female,white
62,Johan Feeg,male,white
63,Anna Margretha Feeg,female,white
64,Gerhard Schaster,male,white
65,Anna Maria Schaster,female,white
66,Johan Zach,male,white
67,Anna Magdalena Zach,female,white
68,Christian Castelmann,male,white
69,Anna Maria Judith Castelmann,female,white
70,William Thibaux,male,white
71,Maria Thibaux,female,white
72,William Weight,male,white
73,Goodith Weight,unknown,white
74,Salomon Schutt,male,white
75,Janike Schutt,unknown,white
76,Henrich Chisem,male,white
77,Anna Chisem,female,white
78,Jacob Porst,male,white
79,Maria Porst,female,white
80,Georg Luckstad,male,white
81,Elisabetha Lookstad,female,white
82,Benjamin Elswa,male,white
83,Famige Elswa,unknown,white
84,Isaac Henrickson,male,white
85,Judith Henrickson,female,white
86,Johan Brein,male,white
87,Elisabetha Brein,female,white
88,Pieter De Bois,male,white
89,Janike Bois,unknown,white
90,Ludwig Bertsch,male,white
91,Catharina Bertsch,female,white
92,Johan Planck,male,white
93,Maria Margretha Planck,female,white
94,Andreas Ellich,male,white
95,Anna Rosina Ellich,female,white
96,Michael Pfester,male,white
97,Anna Maria Pfester,female,white
98,Johan Bernhard Luckhard,male,white
99,Justina Luckhard,female,white
100,Wilhelm Jorg,male,white
101,Maria Jorg,female,white
102,Simon Hess,male,white
103,Rosina Haas,female,white
104,Johan Gans,male,white
105,Gerdraut Gans,male,white
106,Frantz Giller,male,white
107,Barbara Giller,female,white
108,Mattheus Cuntz,male,white
109,Anna Margretha Cuntz,female,white
110,Gabriel Hoffman,male,white
111,Susanna Hoffman,female,white
112,Henrich Reiter,male,white
113,Anna Juliana Reuter,female,white
114,Johann Dietrich Castelmann,male,white
115,Anna Castelmann,female,white
116,Johan Henrich Leich,male,white
117,Elisabetha Leich,female,white
118,Niclaus Korner,unknown,white
119,Anna Magdalena Korner,female,white
120,Johan Henrich Mann,male,white
121,Maria Elisabetha Mann,female,white
122,Michael Storr,male,white
123,Elisabetha Ottilia Storr,female,white
124,Johan Valentin Falckenburger,male,white
125,Elisabetha Maria Falckenburger,female,white
126,Christoph Werner,male,white
127,Magdalena Werner,female,white
128,Peter Voshel,male,white
129,Maria Voshel,female,white
130,Niclaus Staring Zigler,unknown,white
131,Maria Catharina Zigler,female,white
132,Christian Meyer,male,white
133,Anna Gerdraut Meyer,female,white
134,Johan Emerich,male,white
135,Anna Margretha Emerich,female,white
136,Bernhard Listanius,male,white
137,Anna Maria Listanius,female,white
138,Philip Klumm,male,white
139,Veronica Klumm,female,white
140,Johan Georg Schmid,male,white
141,Anna Elisabetha Schmid,female,white
142,Peter Wickhaus,male,white
143,Elisabetha Maria Wickhaus,female,white
144,Jacob Hoffman,male,white
145,Maria Elisabetha Hoffman,female,white
146,Johan Henrich Widerwachs,male,white
147,Anna Cecillia Widerwachs,female,white
148,Abraham Laugs,male,white
149,Anna Catharina Lauck,female,white
150,Johan Peter Oberbach,male,white
151,Maria Christina Oberbach,female,white
152,Conrad Hostman,male,white
153,Eva Margretha Hostman,female,white
154,Henrich Bois,male,white
155,Wilhelmina Bois,female,white
156,Herman Ranerser,male,white
157,Gertraud Jenicka Ohrstrohm Ranerser,female,white
158,Simon Erhard,male,white
159,Anna Margretha Erhard,female,white
160,Johan Michael Freymeyer,male,white
161,Anna Elisabetha Freymeyer,female,white
162,Henrich Glock,male,white
163,Maria Margretha Glock,female,white
164,Wilhelm Simon,male,white
165,Anna Maria Simon,female,white
166,Henrich Jung,male,white
167,Anna Margretha Jung,female,white
168,Johan Stahl,male,white
169,Anna Ursula Stahl,female,white
170,Gerhard Wallrath,male,white
171,Anna Catharina Wallrath,female,white
172,Albracht Schreiber,unknown,white
173,Eva Schreiber,female,white
174,Veltin Kuhn,unknown,white
175,Anna Catharina Kuhn,female,white
176,Hartman Windecker,male,white
177,Barbara Elisabetha Windecker,female,white
178,Daniel Schampnor,male,white
179,Johanna Schampnor,female,white
180,Sebastian Spickermann,male,white
181,Anna Elisabetha Spickermann,female,white
182,Hans Jorg Romer,male,white
183,Elisabetha Romer,female,white
184,Just Henrich Bast,male,white
185,Anna Dorothea Bast,female,white
186,Johan Peter Dippel,male,white
187,Anna Catharina Dippel,female,white
188,Albrecht Dietrich Marterstock,male,white
189,Elisabetha Marterstock,female,white
190,Johan Cuntz,male,white
191,Maria Catharina Cuntz,female,white
192,Johan Wilhelm Dieterich,male,white
193,Anna Margretha Dieterich,female,white
194,Johan Peter Lastner,male,white
195,Magdalena Lastner,female,white
196,Johann Philipp Ruger,male,white
197,Anna Margretha Ruger,female,white
198,Friedrich Merckel,male,white
199,Anna Barbara Merckel,female,white
200,Martin Stein,male,white
201,Anna Maria Stein,female,white
202,Wilhelm Schutt,male,white
203,Helena Schutt,female,white
204,Henrich Meyer,male,white
205,Anna Kunigunda Meyer,female,white
206,Balthasar Anspach,male,white
207,Anna Maria Anspach,female,white
208,Andreas Schurtz,male,white
209,Catharina Appolonia Schurtz,female,white
210,Philip Launert,male,white
211,Anna Margretha Launert,female,white
212,Johan Christian Dieterich,male,white
213,Anna Maria Dieterich,female,white
214,Georg Saltmann,male,white
215,Anna Margretha Saltmann,female,white
216,Agnes Schast,female,white
217,Niclaus Ohmich,unknown,white
218,Anna Catharina Ohmich,female,white
219,Johann Fridrich Merckel,male,white
220,Barbara Merckel,female,white
221,Johan Strauss,male,white
222,Maria Elisabeth Strauss,female,white
223,Herman Hummel,male,white
224,Anna Margretha Hummel,female,white
225,Veit Mossig,male,white
226,Maria Catharina Mossig,female,white
227,Conrad Wust,male,white
228,Maria Apollonia Wust,female,white
229,Niclaus Trombour,unknown,white
230,Magdalena Trambauer,female,white
231,Hieronymus Scheib,male,white
232,Anna Catharina Scheib,female,white
233,Margaretha Emerich,female,white
234,Conrad Behringer,male,white
235,Anna Elisabetha Behringer,female,white
236,Philip Peter Grauberger,male,white
237,Anna Barbara Grauberger,female,white
238,Heinrich Mohr,male,white
239,Anna Margretha Mohr,female,white
240,Mattheus Schlemmer,male,white
241,Anna Veronica Schlemmer,female,white
242,Joseph Reichard,male,white
243,Anna Maria Reichard,female,white
244,Johan Henrich Krantz,male,white
245,Anna Catharina Krantz,female,white
246,Johann Melchior Dausweber,male,white
247,Anna Magdalena Dausweber,female,white
248,Anna Kunigunda Wanenmacher,female,white
249,Hieronymus Weller,male,white
250,Anna Juliana Weller,female,white
251,Johan Becker,male,white
252,Anna Elisabetha Becker,female,white
253,Johan Wilhelm Brandau,male,white
254,Maria Elisabetha Catharina Brandau,female,white
255,Johan Eberhard,male,white
256,Anna Sibylla Eberhard,female,white
257,Kilian Planck,male,white
258,Juliana Jung Planck,female,white
259,Adam Eckhard,male,white
260,Elisabeth Catharina Eckhard,female,white
261,Peter Janson,male,white
262,Maria Janson,female,white
263,Rennier Von Husum,unknown,white
264,Anna Husum,female,white
265,Johan Bond,male,white
266,Janike Bond,unknown,white
267,Johan Hess,male,white
268,Catharina Hess,female,white
269,Peter Losting,male,white
270,Cornelia Losting,female,white
271,Johan Leer,male,white
272,Sibylla Catharina Leer,female,white
273,Johann Martin Netzbacher,male,white
274,Barbara Elisabetha Netzbacher,female,white
275,Jorg Henrich Stubenrauch,male,white
276,Anna Catharina Stubenrauch,female,white
277,Kilian Munckler,male,white
278,Anna Margretha Munckler,female,white
279,Johann Philipp Finckel,male,white
280,Anna Catharina Finckel,female,white
281,Andreas Finck,male,white
282,Maria Fink,female,white
283,Johann Fridrich Bell,male,white
284,Anna Maria Bell,female,white
285,Jorg Martin Dillenbach,male,white
286,Sara Catharina Dillenbach,female,white
287,Niclaus Feller,unknown,white
288,Maria Elisabetha Feller,female,white
289,Jacob Kobel,male,white
290,Anna Maria Kobel,female,white
291,Christoph Fuchs,male,white
292,Johanna Elisabetha Fuchs,female,white
293,Conrad Lain,male,white
294,Margretha Lain,female,white
295,Johann Fridrich Maul,male,white
296,Anna Ursula Maul,female,white
297,Peter Gistler,male,white
298,Anna Lucia Gissler,female,white
299,Henrich Spohn,male,white
300,Maria Catharina Spohn,female,white
301,Johan Peter Schmid,male,white
302,Elisabetha Margretha Schmid,female,white
303,Albert Von Loon,male,white
304,Maria Loon,female,white
305,Georg Zufeld,male,white
306,Anna Catharina Zufeld,female,white
307,Peter Maurer,male,white
308,Anna Catharina Maurer,female,white
309,Adam Hertel,male,white
310,Anna Margretha Hertel,female,white
311,Daniel Schumacher,male,white
312,Anna Maria Schumacher,female,white
313,Ludwig Leich,male,white
314,Maria Martha Leich,female,white
315,Zacharias Flegler,male,white
316,Anna Elisabetha Flegler,female,white
317,Gottfrid Ruhl,male,white
318,Anna Margretha Ruhl,female,white
319,Bernhard Luckhard,male,white
320,Johan Michael Emerich,male,white
321,Elisabetha Emerich,female,white
322,Stephan Frohlich,male,white
323,Anna Elisabetha Frohlich,female,white
324,Johan Ritzbackus,male,white
325,Elisabetha Backus,female,white
326,Gabriel Hostman,male,white
327,Anna Catharina Hostman,female,white
328,Dietrich Sutz,male,white
329,Magdalena Sutz,female,white
330,Johan Valentin Frohlich,male,white
331,Apollonia Frohlich,female,white
332,Mattheus Brunck,male,white
333,Anna Brunck,female,white
334,Johann Philipp Gissler,male,white
335,Anna Catharina Gissler,female,white
336,Johan Conrad Marten,male,white
337,Maria Marten,female,white
338,Georg Johann Decker,male,white
339,Maria Decker Decker,female,white
340,Durck Wenn Reichard,unknown,white
341,Anna Reichard,female,white
342,Johan Henrich Schmid,male,white
343,Anna Catharina Schmid,female,white
344,Peter Pfuhl,male,white
345,Anna Sophia Pfuhl,female,white
346,Peter Oberbach,male,white
347,Elisabetha Oberbach,female,white
348,Arend Von Schaack,male,white
349,Maria Schaack,female,white
350,Zacharias Hoffman,male,white
351,Ester Hoffman,female,white
352,Abraham Vorstung,male,white
353,Clara Vorstung,female,white
354,Martin Netzbacher,male,white
355,Anna Barbara Netzbacher,female,white
356,Henrich Fehling,male,white
357,Anna Kunigunda Fehling,female,white
358,Arnold Falck,male,white
359,Anna Elisabeth Falck,female,white
360,Johan Henrich Neukirk,male,white
361,Anna Maria Neukirk,female,white
362,Johan Peter Becker,male,white
363,Adam Spohn,male,white
364,Anna Maria Spohn,female,white
365,Ananias Dihl,unknown,white
366,Elisabetha Dihl,female,white
367,Peter Aigner,male,white
368,Anna Margretha Aigner,female,white
369,Johann Fridrich Coutermann,male,white
370,Maria Barbara Coutermann,female,white
371,Johan Niclaus Korner,male,white
372,Johan Roshmann,male,white
373,Anna Elisabetha Roshmann,female,white
374,Wilhelm Linck,male,white
375,Anna Eva Linck,female,white
376,Maria Sabina Haas,female,white
377,Johan Grad,male,white
378,Walpurga Grad,female,white
379,Johan Plass,male,white
380,Elisabetha Plass,female,white
381,Johan Leick,male,white
382,Maria Barbara Leick,female,white
383,Samuel Kuhn,male,white
384,Elisabetha Kuhn,female,white
385,Johan Conrad Diestenbach,male,white
386,Anna Barbara Diestenbach,female,white
387,Clemens Lehmann,male,white
388,Gerdraut Lehmann,male,white
389,David Hupfer,male,white
390,Anna Catharina Hupfer,female,white
391,Peter Hamm,male,white
392,Anna Catharina Sibylla Hamm,female,white
393,Henrich Schneider,male,white
394,Anna Schneider,female,white
395,Jacob Esswein,male,white
396,Margretha Esswein,female,white
397,Andreas Richter,male,white
398,Elisabetha Richter,female,white
399,Peter Drechsler,male,white
400,Catharina Drechsler,female,white
401,Anna Eckhard,female,white
402,Johann Philipp Wolleben,male,white
403,Anna Margretha Wolleben,female,white
404,Johan Wilhelm Tales,male,white
405,Anna Margretha Tales,female,white
406,Ruloph Deteutsher,unknown,white
407,Janike Deteutsher,unknown,white
408,Johan Henrich Bruchler,male,white
409,Magdalena Bruchler,female,white
410,Niclaus Bohnenstihl,unknown,white
411,Anna Margretha Bohnenstihl,female,white
412,Niclaus Michel,unknown,white
413,Maria Barbara Michel,female,white
414,Philip Wilhelm Mohr,male,white
415,Christina Moor,female,white
416,Elisabetha Brandau,female,white
417,Vanentin Wolleben,unknown,white
418,Susanna Wolleben,female,white
419,Philip Haupt,male,white
420,Gerdraut Haupt,male,white
421,Maria Elisabetha Marten,female,white
422,Johan Wilhelm Schneider,male,white
423,Anna Gerdraut Schneider,female,white
424,Martin Zerb,male,white
425,Elisabetha Zerb,female,white
426,Peter Schmid,male,white
427,Martin Weidmann,male,white
428,Anna Ursula Weidmann,female,white
429,Johan Reichard,male,white
430,Elisabeth Catharina Reichard,female,white
431,Anna Maria Schutt,female,white
432,Frantz Keller,male,white
433,Barbara Keller,female,white
434,Johan Michael Wagel,male,white
435,Anna Maria Wagelin,female,white
436,Conrad Schauermann,male,white
437,Maria Salome Schauermann,female,white
438,Georg Schaster,male,white
439,Michael Bronk,male,white
440,Anna Maria Bronk,female,white
441,Lazarus Dorn,unknown,white
442,Anna Margretha Dorn,female,white
443,Anna Catharina Hess,female,white
444,Antoni Kraemer,male,white
445,Gerdraut Kraemer,male,white
446,Johan Manges,male,white
447,Anna Eva Manges,female,white
448,Anna Beranhard,female,white
449,Johan Mattheus Jung,male,white
450,Anna Veronica Jung,female,white
451,Laurenz Henrich,male,white
452,Regina Henrich,female,white
453,Isaac Spoor,male,white
454,Annika Spoor,female,white
455,Wandel Jager,unknown,white
456,Christina Elisabeth Jager,female,white
457,Niclaus Laux,unknown,white
458,Anna Elisabetha Laugs,female,white
459,Henrich Sixt,male,white
460,Christina Sixt,female,white
461,Jacob Schneider,male,white
462,Anna Barbara Schneider,female,white
463,Peter Glopp,male,white
464,Anna Magdalena Glopp,female,white
465,Georg Thomas,male,white
466,Anna Thomas,female,white
467,Adam Klein,male,white
468,Anna Catharina Klein,female,white
469,Georg Mattheus,male,white
470,Maria Catharina Mattheus,female,white
471,Maria Kunigunda Fehling,female,white
472,Johan Georg Last,male,white
473,Anna Last,female,white
474,Henrich Zoller,male,white
475,Anna Maria Zoller,female,white
476,Johann Just Petri,male,white
477,Cordula Petri,female,white
478,Johan Kestler,male,white
479,Anna Margretha Kestler,female,white
480,Johan Peter Feeg,male,white
481,Anna Maria Feeg,female,white
482,Johan Moor,male,white
483,Elisabetha Moor,female,white
484,Anna Catharina Spohn,female,white
485,Johann Dietrich Laux,male,white
486,Maria Catharina Laugs,female,white
487,Leonhard Helmer,male,white
488,Elisabetha Helmer,female,white
489,Johann Ludwig Wanner,male,white
490,Agnes Barbara Wanner,female,white
491,Martin Stupp,male,white
492,Catharina Stupp,female,white
493,Johan Adam Starring,male,white
494,Anna Maria Starring,female,white
495,Johann Martin Seibert,male,white
496,Anna Maria Seibert,female,white
497,Johan Peter Kniestkerz,male,white
498,Elisabetha Barbara Kniestkerz,female,white
499,Richart Wenn,unknown,white
500,Anna Wenn,female,white
501,Johan Wulfen,male,white
502,Anna Margretha Wulfen,female,white
503,Johan Peter Aigner,male,white
504,Jan a Negro,male,Black
505,Maria Catharina Zoller Negro,female,Black
506,Johan Niclaus Michel,male,white
507,Anna Barbara Michel,female,white
508,Dorothea Schaster,female,white
509,Jerg Schaster Schaster,unknown,white
510,Philip Muller,male,white
511,Anna Catharina Muller,female,white
512,Carl Naher,male,white
513,Anna Constantia Naher,female,white
514,Johan Wilhelm Simon,male,white
515,Jan Vosburg,male,white
516,Cornelia Vosburg,female,white
517,Georg Thater,male,white
518,Anna Maria Thater,female,white
519,Margretha Hummel,female,white
520,Peter Sutz,male,white
521,Andreas Frantz Coutermann,male,white
522,Sibylla Coutermann,female,white
523,Peter Becker,male,white
524,Veltin Frohlich,unknown,white
525,Herman Segendorst,male,white
526,Maria Catharina Segendorst,female,white
527,Johan Georg Hohn,male,white
528,Veronica Hohn,female,white
529,Jacob Bosshaar,male,white
530,Anna Catharina Bosshaar,female,white
531,Georg Dachstetter,male,white
532,Anna Elisabetha Dachstetter,female,white
533,Theobald Jung,male,white
534,Maria Catharina Jung,female,white
535,Joseph Savoy,male,white
536,Anna Elisabetha Savoy,female,white
537,Bertram Euders,male,white
538,Maria Christina Euders,female,white
539,Georg Hauck,male,white
540,Anna Elisabetha Hauck,female,white
541,Ludwig Wanner,male,white
542,Anna Barbara Wanner,female,white
543,Johan Schaster,male,white
544,Niclaus Ruhl,unknown,white
545,Anna Dorothea Margreth Ruhl,female,white
546,Henrich Ohrendorst,male,white
547,Anna Margretha Ohrendorst,female,white
548,Johan Adam Baumann,male,white
549,Margretha Baumann,female,white
550,Johan Keyser,male,white
551,Anna Margretha Keyser,female,white
552,Wiesan Bruschi,unknown,white
553,Elsgen Bruschi,male,white
554,Benjamin Rees,male,white
555,Gerdraut Rees,male,white
556,Adam Host,male,white
557,Anna Catharina Host,female,white
558,Antoni Schneider,male,white
559,Margaretha Schneider,female,white
560,Pieter Christian a Negro,male,Black
561,Elisabetha Negro,female,Black
562,Johann Reichart Backus,male,white
563,Elisabetha Catharina Backus,female,white
564,Friedrich Schram,male,white
565,Anna Maria Schram,female,white
566,Johan Philipp Feller,male,white
567,Catharina Elisabeth Feller,female,white
568,Michael Honigen,male,white
569,Magdalena Honigen,female,white
570,Anna Sophia Ellich,female,white
571,Jan Wulssen,male,white
572,Anna Margretha Wulssen,female,white
573,Veltin Bander,unknown,white
574,Anna Margretha Bander,female,white
575,Elisabetha Catharina Brandau,female,white
576,Johan Jacob Zerb,male,white
577,Amria Catherine Zerb,unknown,white
578,Johan Conrad Ritser,male,white
579,Anna Ritser,female,white
580,Peter Burckhard,male,white
581,Amalia Burckhard,female,white
582,Johan Dopf,male,white
583,Maria Barbara Dopf,female,white
584,Elisabetha Schmid,female,white
585,Johan Christian Muller,male,white
586,Margretha Muller,female,white
587,Friedrich Maul,male,white
588,Hermannus Schuneman,male,white
589,Carolus Congreve,male,white
590,Justus Falckner,male,white
591,Peter Migrigri,male,white
592,Peter Rees,male,white
593,Johan Henrich Nahrung,male,white
594,Johan Leonhard Rud,male,white
595,Johan Valentin Bander,male,white
596,Johan Muller,male,white
597,William Fowles,male,white
598,Henrich Rennau,male,white
599,Michael Weigand,male,white
600,William Saderland,male,white
601,Daniel Lutken,male,white
602,Johan Adolph Artopoeus,male,white
603,Philip Zerb,male,white
604,Abraham Neus,male,white
605,Johan Lamed,male,white
606,Alexander Rosenquest,male,white
607,Laurens Henrich Kurtz,male,white
608,Johan Wihs,male,white
609,Johan Peter Hagedorn,male,white
610,Henrich Mehs,male,white
611,Elisabetha Beranhard,female,white
612,Johan Jacob Zisch,male,white
613,Johan Adam Lasch,male,white
614,Johan Michael Waidknacht,male,white
615,Abraham Von Thesen,male,white
616,Henrich Zisom,male,white
617,Wilhelm Jorick,male,white
618,Georg Weigand,male,white
619,William Clerk,male,white
620,David Springste,male,white
621,Burckhard Meindhard,male,white
622,Conrad Friderich,male,white
623,Christian Aigler,male,white
624,Johan Wilhelm Stuckenrad,male,white
625,Anna Barbara Schumacher,female,white
626,Georg Adam Schmid,male,white
627,Johan Franck Adam Hertel,male,white
628,Johan Peter Maurer,male,white
629,Jacob Mauck,male,white
630,Anna Wooden,female,white
631,Philip Petri,male,white
632,Johan Georg Schultheiss,male,white
633,Georg Ludwig Koch,male,white
634,Maria Stein,female,white
635,Eva Schurtz,female,white
636,Johan Georg Stump,male,white
637,Johan Peter Glopp,male,white
638,Peter von Klack,male,white
639,Jacobus Von Den Bogard,male,white
640,Johan Niclaus Schast,male,white
641,Melchior Volz,male,white
642,Johan Hainor,male,white
643,Johan Ulrich Beranhard,male,white
644,Jacob Zimmerman,male,white
645,Hans Henrich Hainor,male,white
646,Johan Henrich Bellinger,male,white
647,Paul Burnet,male,white
648,Johan Adam Zoller,male,white
649,Eva Catharina Manck,female,white
650,Dietrich Castlmann,male,white
651,Ludwig Bersht,male,white
652,Georg Wilhelm Kohl,male,white
653,Andreas Waidknacht,male,white
654,Johan Adam Friderich,male,white
655,Johan Schast,male,white
656,Henrich Schast,male,white
657,Georg Schurtz,male,white
658,Jacob Schast,male,white
659,Abraham Lang,male,white
660,Johan Fridrich Zipperl,male,white
661,Laurens Thater,male,white
662,Johan Kle,male,white
663,Friedrich Streit,male,white
664,Johan Schneider,male,white
665,Henrich Ludwig,male,white
666,Wilhelm Brandau,male,white
667,Johan Friderich Haeger,male,white
668,Wilhelm Lehmann,male,white
669,Sibylla Catharina Kohl,female,white
670,Philip Mohr,male,white
671,Anna Luisa Gistheler,female,white
672,Johan Bernhard Zipperl,male,white
673,Johan Henrich Scharman,male,white
674,Johan Franck,male,white
675,Maria Margretha Schast,female,white
676,Anna Cast,female,white
677,Omy La Gransche,unknown,white
678,Volkart Von Husum,male,white
679,Mattheus Guss,male,white
680,Andeas Baggs,unknown,white
681,Wilhelm Rees,male,white
682,Jacob Sternberger,male,white
683,Johan Henrich Conrad,male,white
684,Jacob Scherp,male,white
685,Johan Philipp Zerb,male,white
686,Jacob Losshaar,male,white
687,Johan Ludolph Curring,male,white
688,Johan Peter Gerlach,male,white
689,Christoph Maul,male,white
690,Herman Hoffman,male,white
691,Johan Georg Bander,male,white
692,Johan Albertson,male,white
693,Henrich Widerwachs,male,white
694,Henrich Lorentz,male,white
695,Henrich Mann,male,white
696,Jost Beranhard,male,white
697,Johan Eberhard Jung,male,white
698,Elisabetha Magdalena Jung,female,white
699,Henrich Stubenrauch,male,white
700,Wilhelm Kuster,male,white
701,Sebastian Treber,male,white
702,Niclaus Jung,unknown,white
703,Joris Decker,male,white
704,Adam Schmid,male,white
705,Jan Chisem,male,white
706,Johan La Gransche,male,white
707,Henrich Schmid,male,white
708,Gabriel Prusti,male,white
709,Jacob Best,male,white
710,Joh Stahl Christian Meyer,male,white
711,Joh Peter Sutz,male,white
712,Amilia Kle,unknown,white
713,Georg Schmid,male,white
714,Margaretha Scharman,female,white
715,Veltin Falckenburger,unknown,white
716,Johan Lamert,male,white
717,Conrad Mart,male,white
718,Johan Herman Speickermann,male,white
719,Balthas Stuber,unknown,white
720,Marcus Bellinger,male,white
721,Georg Maurer,male,white
722,Johan Wilhelm Lehmann,male,white
723,Gerhard Horning,male,white
724,Niclaus Schmid,unknown,white
725,Samuel Muller,male,white
726,Johan Wendel Pulver,male,white
727,Georg Demuth,male,white
728,Johan Fuhrer,male,white
729,Jacob German,male,white
730,Peter Dippel,male,white
731,Veltin Wolleban,unknown,white
732,Johan Niclaus Hess,male,white
733,Hieronymus Kle,male,white
734,Catharina Scheib,female,white
735,Gottfrid Wulsten,male,white
736,Henrich Heysorn,male,white
737,Niclaus Rau,unknown,white
738,Bernhard Noll,male,white
739,Johan Jacob Caputzgi,male,white
740,Johan Georg Brigel,male,white
741,Johan Peter Burckhard,male,white
742,Johan Emerich Plass,male,white
743,Philip Cuntz,male,white
744,Conrad Schmid,male,white
745,Johan Kuhlmann,male,white
746,Georg Oberbach,male,white
747,Georg Launert,male,white
748,Peter Thonusen,male,white
749,Johan Beruer,male,white
750,Pastor Josua Kocherthal,male,white
751,Peter Bitzer,male,white
752,Johan Herman Hartman,male,white
753,wife of Ulrich Weinger,female,white
754,Reichart Backus,unknown,white
755,Susanna Schutz,female,white
756,Henrich Frey,male,white
757,Johan Peter Thomas,male,white
758,Christian Bauch,male,white
759,Johan Schafer,male,white
760,Johan Just Schnell,male,white
761,Johan Gerog Rud,male,white
762,Johan Niclaus Wolleban,male,white
763,Adam Starring,male,white
764,Johan Michael Itich,male,white
765,Johan Jacob Merckel,male,white
766,Conrad Schutz,male,white
767,Dietrich Laugs,male,white
768,Georg Adam Ohmich,male,white
769,Johan Niclaus Trombour,male,white
770,Valentin Fuhrer,male,white
771,Elisabetha Traut,female,white
772,Maria Kle,female,white
773,Henrich Krantz,male,white
774,Johan Fridrich Meyer,male,white
775,David Gistler,male,white
776,Peter Vosburg,male,white
777,Jacob Caputzgi,male,white
778,Johan Georg Schneider,male,white
779,Johan Martin Burckhard,male,white
780,Henrich Schram,male,white
781,Daniel Destuh,male,white
782,Eva Muller,female,white
783,Cornelius Warmer Alicken,male,white
784,Jan Warmer,male,white
785,Johan Peter Dopf,male,white
786,Jacob Schumacher,male,white
787,Johan Cast,male,white
788,Friedrich Schast,male,white
789,Johan Just Laugs,male,white
790,Georg Seybold,male,white
791,Johan Michel Meyer,male,white
792,Johan Adam Wallrath,male,white
793,Johan Gottfridler,male,white
794,Georg Bander,male,white
795,Johan Kramer,male,white
796,Maria Dorothea Stohl,female,white
797,Johan Zoller,male,white
798,Martin Bradorst,male,white
799,Johan Henrich Spohn,male,white
800,Peter Tonese,male,white
801,Andreas Rees,male,white
802,Agnes Dieterich,female,white
803,Johan Veltin Schast,male,white
804,Catharina Schram,female,white
805,Christina Thonusen,female,white
806,Johan Niclaus Rau,male,white
807,Gottfrid Sebastaian Wulsten,male,white
808,Johan Henrich Schast,male,white
809,Elisabetha Krantz,female,white
810,Anna Eva Muller,female,white
811,Michael Werner,male,white
812,Anna Kunigunda Winter,female,white
813,Johan Lorentz Henrich,male,white
814,Peter Dopf,male,white
815,Johan Balthasar,male,white
816,Johan Roth,male,white
817,Anna Maria Weigand,female,white
818,Gerdraut Letisha Migrigri,male,white
819,Anna Catharine Weigand,female,white
820,Peter Heu,male,white
821,Anna Elisabehta Castelmann,female,white
822,Elisabetha Muller,female,white
823,Anna Margretha Gobel,female,white
824,Johanna Rennau,female,white
825,wife of William Saderland,female,white
826,Abigail Lispenaer,female,white
827,Barbara Elisabetha Chamboray,female,white
828,Maria Catharina Blanck,female,white
829,Anna Elisabetha Lamed,female,white
830,Anna Barbara Dippel,female,white
831,Anna Maria Busch,female,white
832,Elisabetha Eswe,female,white
833,Anna Maria Hofmann,female,white
834,Maria Margretha Kurtz,female,white
835,Maria Elisabetha Lucka,female,white
836,Valentin Presler,male,white
837,Jacobina Andreas Rees,female,white
838,Anna Zisom,female,white
839,Anna Maria Zipperl,female,white
840,wife of Johan Fischer,female,white
841,wife of Georg Loockstad,female,white
842,wife of Burckhard Meindhard,female,white
843,wife of Andreas Volck,female,white
844,wife of Conrad Friderich,female,white
845,Conrad Gerlach,male,white
846,Margaretha Weishard,female,white
847,Anna Catharina Pulfer,female,white
848,Johan David Ifland,male,white
849,Johanna Elisabeth Werner,female,white
850,wife of Peter Wagner,female,white
851,Dieter Wanenmacher,male,white
852,Gerdraut Kohl,male,white
853,Hans Valentin Frohlich,male,white
854,Johan Wooden,male,white
855,Anna Margretha Petri,female,white
856,Catharina Curring,female,white
857,Anna Maria Proter,female,white
858,Anna Maria Koch,female,white
859,Magdalena Jung,female,white
860,Maria Catharine Schafer,female,white
861,Maria Catharina Schast,female,white
862,Anna Eva Volz,female,white
863,Eleanora Catharina Gistler,female,white
864,Anna Maria Kuster,female,white
865,Christian Sittig,male,white
866,Anna Elisabetha Wisen,female,white
867,Martha Bertram,female,white
868,Johan Peter Helm,male,white
869,Anna Elisabetha Stahl,female,white
870,Anna Elisabeth Jung,female,white
871,Margaretha Waidknacht,female,white
872,Maria Dorothea Demuth,female,white
873,Elisabetha Flegler,female,white
874,Regina Friderich,female,white
875,Anna Maria Muller,female,white
876,Margaretha Schutt,female,white
877,Maria Sibylla Matheus,female,white
878,Anna Maria Propert,female,white
879,Anna Catharina Philip,female,white
880,wife of Friderich Rau,female,white
881,Anna Maria Schneider,female,white
882,Anna Margretha Backus,female,white
883,wife of Johann Reitz Backus,female,white
884,wife of Johann Kle,female,white
885,Elisabetha Herdel,female,white
886,Eva Schuch,female,white
887,wife of Henrich Ludwig,female,white
888,Anna Elisabetha Zerb,female,white
889,Christina Brunck,female,white
890,Christiana Vos,female,white
891,wife of Wilhelm Lehmann,female,white
892,Elisabetha Schwitzlerin Maria,female,white
893,Johanna Fuhrer,female,white
894,Anna Barbara Gunterman,female,white
895,Jacob Jung,male,white
896,Elisabetha Gransche,female,white
897,Maria Husum,female,white
898,Rachel Bond,female,white
899,Anna Persch,female,white
900,Catharina Rees,female,white
901,Anna Margretha Gerlach,female,white
902,wife of Jacob Scherp,female,white
903,Johan Michael Herder,male,white
904,Anna Margretha Luamann,female,white
905,Johan Philipp Fuchs,male,white
906,Anna Maria Lisenus,female,white
907,Johan Hieronymus Weller,male,white
908,wife of Henrich Reiter,female,white
909,Maria Von Loon,female,white
910,wife of Henrich Widerwachs,female,white
911,wife of Henrich Lorentz,female,white
912,Anna Margretha Muller,female,white
913,Maria Elisabeth Backus,female,white
914,Niclaus Bason,unknown,white
915,wife of Henrich Stubenrauch,female,white
916,Maria Elizabetha Fritz,female,white
917,Magdalena Eckhard,female,white
918,Anna Maria Richter,female,white
919,Elisabetha Straubin Maria,female,white
920,Arianicke Decker,unknown,white
921,Catharina Elisabeth Schleicher,female,white
922,Eutike La Gransche,unknown,white
923,Anna Maria Thomas,female,white
924,Gerdraut Prusie,male,white
925,Catharina Widerwaxin Maria,female,white
926,Anna Christina Thomas,female,white
927,Anna Margretha Burckhard,female,white
928,Catharina Gistler,female,white
929,Eva Anna Elisabetha Zegler,female,white
930,Gerdraut Weid,male,white
931,Anna Margretha Spohn,female,white
932,Catharina Steiger,female,white
933,Susanna Kuster,female,white
934,Maria Mart,female,white
935,Anna Catharina German,female,white
936,Anna Veronica Manck,female,white
937,wife of Johann Bernhard Zipperl,female,white
938,Catharina Elisabetha Rau,female,white
939,Anna Agatha Stahl,female,white
940,Maria Margretha Kle,female,white
941,Gerdraut Schuch,male,white
942,Anna Catharina Speickermann,female,white
943,Anna Elisabeth Duntzbach,female,white
944,Magdalena Philip,female,white
945,Anna Maria Winter,female,white
946,Dorothea Maurer,female,white
947,Anna Maria Kle,female,white
948,Sophia Horning,female,white
949,Anna Catharina Rohrbach,female,white
950,Anna Muller,female,white
951,Theobold Scherer,unknown,white
952,Anna Margretha Dopf,female,white
953,Anna Maria Matheus,female,white
954,Christina Oberbach,female,white
955,Anna Elisabetha Lambert,female,white
956,Anna Margretha Caputzgi,female,white
957,Johan Wilhelm Hambuch,male,white
958,Gerdraut Prusti,male,white
959,Johan Andreas Barthel,male,white
960,Christian Dieterich,male,white
961,Maria Barbara Festu,female,white
962,Gerdraut Rau,male,white
963,Bernhard Schmid,male,white
964,Anna Maria Bitzer,female,white
965,Maria Margretha Barthel,female,white
966,wife of Johann Roshmann,female,white
967,wife of Philip Launert,female,white
968,Johan Henrich (Tesh),male,white
969,wife of Johan Jacob Caputzgi,female,white
970,wife of Johan Emerich Plass,female,white
971,Maria Catharina Drum,female,white
972,Maria Barbara Heydorn,female,white
973,Benigna Ellich,female,white
974,Elisabetha Hassmann,female,white
975,Anna Margretha Eschenreuter,female,white
976,Anna Catharina Launert,female,white
977,Margaretha Thonusen,female,white
978,Johan Werner Schast,male,white
979,wife of Philipp Wilhelm Mohr,female,white
980,Benigna Frohlich,female,white
981,Christina Fuchs,female,white
982,Johan Christmann,male,white
983,wife of Henrich Frey,female,white
984,Georg Herchemer,male,white
985,Peter Bellinger,male,white
986,wife of Niclaus Ruhl,female,white
987,wife of Johan Georg Bander,female,white
988,wife of Christian Bauch,female,white
989,wife of Johann Schafer,female,white
990,Anna Gerdraut Petri,female,white
991,daughter of Niclaus Feller,unknown,white
992,Anna Catharina Groster,female,white
993,Anna Margaretha Schast,female,white
994,Anna Margretha Land,female,white
995,wife of Adam Starring,female,white
996,wife of Gottfrid Ruhl,female,white
997,Maria Christina Mendes,female,white
998,Elisabetha Schultheis,female,white
999,Ottilia Weber,female,white
1000,Anna Margretha Zimmerman,female,white
1001,wife of Dietrich Laugs,female,white
1002,Georg Landgraft,male,white
1003,Anna Maria Bander,female,white
1004,Johan Neukirk,male,white
1005,Maria Lehmann,female,white
1006,Peter Hagedorn,male,white
1007,wife of Henrich Krantz,female,white
1008,Anna Barbara Meyer,female,white
1009,Gerdraut Vosburg,male,white
1010,Anna Margretha Reisdorst,female,white
1011,Anna Magdalena Caputzgi,female,white
1012,Anna Maria Demuth,female,white
1013,Maria Barbara Destuh,female,white
1014,Anna Catharina Lutt,female,white
1015,wife of Jan Warmer,female,white
1016,Johan Georg Launert,male,white
1017,Anna Catharina Hainor,female,white
1018,wife of Jacob Schumacher,female,white
1019,Gerdraut Hettmann,male,white
1020,wife of Johan George Stump,female,white
1021,wife of Fridrich Schast,female,white
1022,Johan Adam Kopp,male,white
1023,Gerdraut Christmann,male,white
1024,Anna Elisabeth Sixt,female,white
1025,wife of Johan Gottfridler,female,white
1026,Johan Wilhelm Schost,male,white
1027,wife of Johann Kramer,female,white
1028,Anna Catharina Conrad,female,white
1029,wife of Johann Zoller,female,white
1030,Maria Elisabetha Walbor,female,white
1031,wife of Johan Henrich Spohn,female,white
1032,wife of Henrich Jung,female,white
1033,Margaretha Kuntz,female,white
1034,Johan Balthas Lutt,male,white
1035,Sophia Ellich,female,white
1036,Maria Barbara Meyer,female,white
1037,Johan Balthasar Kuster,male,white
1038,wife of Johan Wilhelm Lehmann,female,white
1039,Benigna Sibylla Kocherthal,female,white
1040,Anna Christina Streitin Jan Bertsch,female,white
1041,Anna Margretha Wolst,female,white
1042,Anna Catharina Maul,female,white
1043,wife of Michel Werner,female,white
1044,wife of Johan Michael Wagel,female,white
1045,Ursula Maul,female,white
1046,Maria Elisabetha Muller,female,white
1047,Sophia Magdalena Sutz,female,white
1048,Christina Uhl,female,white
1049,wife of Dietrich Sutz,female,white
1050,Catharina Ludwigin Susanna,female,white
1051,Catharina Mosigin Maria,female,white
1052,Kuster Veltin Falckenburger,unknown,white
1053,Henrich Vos,male,white
1054,Jannicke Schutz,female,white
1055,Jonathan Chamboray,male,white
1056,Adam Michael Schmid,male,white
1057,Anna Sophia Lasch,female,white
1058,wife of Conrad Gerlach,female,white
1059,Jacob Dings,male,white
1060,Catharina Fulz,female,white
1061,Peter Wagner,male,white
1062,Anna Elisabetha Petri,female,white
1063,Johan Georg Zufeld,male,white
1064,Anna Demuth Thomas,female,white
1065,Jacob Porster,male,white
1066,Anna Elisabetha Muller,female,white
1067,wife of Christian Sittig,female,white
1068,Anna Elisabetha Schast,female,white
1069,Anna Juliana Maul,female,white
1070,Juliana Motsh,female,white
1071,Peter Philip,male,white
1072,Susanna Schneider,female,white
1073,wife of Johann Lamert,female,white
1074,Catharina Kuhlman,female,white
1075,Anna Sibylla Kohl,female,white
1076,Hans Veltin Falckenburger,male,white
1077,Maria Regina Fridrichs,female,white
1078,Margaretha Mert,female,white
1079,Ludolph Curring,unknown,white
1080,Maria Margretha Wagner,female,white
1081,Anna Eva Thomas,female,white
1082,Michael Hunshitt,male,white
1083,Anna Christina Theis,female,white
1084,Anna Gertraud Schutz,female,white
1085,wife of Martin Zerb,female,white
1086,Wilhelm Laeck,male,white
1087,Maria Gerdaut Buck,female,white
1088,Maria Border,female,white
1089,Anna Catharina Schutz,female,white
1090,Anna Margretha Winter,female,white
1091,Justina Scherer,female,white
1092,Elisabetha Barthel,female,white
1093,Johan Wilhelm Kuster,male,white
1094,Dorothea Caputz,female,white
1095,Anna Hartman,female,white
1096,Maria Catharina Bitzer,female,white
1097,Maria Margretha Frehd,female,white
1098,Anna Catharina Heil,female,white
1099,Anna Catharina Weid,female,white
1100,Anna Demuth,female,white
1101,Elisabetha Sixt,female,white
1102,Dorothea Schumacher,female,white
1103,Anna Maria Ifland,female,white
1104,Anna Elisabetha Landgraft,female,white
1105,Susanna Margretha Forster,female,white
1106,Elisabetha Magdalena Oberbach,female,white
1107,Anna Margretha Dolest,female,white
1108,Catharina Frey,female,white
1109,Ottilia Curring,female,white
1110,Conrad Weisser,male,white
1111,Elisabetha Fidler,female,white
1112,David Muller,male,white
1113,wife of Kuster Veltin Falckenburger,female,white
1114,wife of Wilhelm Jorick,female,white
1115,Nicholas Schafer,male,white
1116,Jorg Matthesen,male,white
1117,Catharina Kohlin,female,white
1118,wife of Ludolph Curring,female,white
1119,Johan Peter Schuss,male,white
1120,Ulrich Weinger,male,white
1121,Johann Georg Oberbach,male,white
1122,wife of Jorg Matthesen,female,white
