id,name,gender
0,Jacob Kern,male
1,Catharina Schneider,female
2,John Bekker,male
3,Catharina Bekker,female
4,William Gerhard,male
5,Maria Catherine Gugger,female
6,Adam Herwitt,male
7,Margaret Schmied,female
8,John Schweindt,male
9,Anna Elizabeth Schweindt,female
10,Jacob Bum,male
11,Maria Elizabeth Bum,female
12,Jacob Hausmann,male
13,Maria Barbara Smith,female
14,Michael Haan,male
15,Maria Catherine Haan,female
16,Peter Nygh,male
17,Catharina Wykop,female
18,Valentyn Leonhardt,male
19,Elizabeth Wallacher,female
20,John George Brunner,male
21,Maria Brunner,female
22,Philip Andre,male
23,Magdalena Andre,female
24,David Ivens,male
25,Elizabeth Conrad,female
26,Richard Meigs,male
27,Catharina Heims,female
28,Christopher Scheibler,male
29,Barbara Margaret Meininger,female
30,Ludwig German,male
31,Catharina German,female
32,Henry Rohrer,male
33,Margaret Rohrer,female
34,George Theobald Hoffstetler,male
35,Anna Maria Hoffstetler,female
36,Michael Schlatter,male
37,Maria Schleydorn,female
38,John Philipse Weinheimer,male
39,Anna Barbara Jantzen,female
40,John Henry Klemer,male
41,Anna Klemer,female
42,Caspar Bindschaedler,male
43,Catharina Fischer,female
44,John Peter Mohr,male
45,Margaret Mohr,female
46,Conrad Bekker,male
47,Martin Grieder,male
48,Adelhait Hoffman Saehly,unknown
49,Michael Bekker,male
50,Anna Margaret Kleyn,female
51,John Beisser,male
52,Anna Maria Slieman,female
53,George Bekker,male
54,Margaret Bekker,female
55,John Peter Pfeiffer,male
56,Anna Maria Pfeiffer,female
57,John Jacob Walter,male
58,Anna Catherine Gultin,female
59,Mattheus Sehrot,unknown
60,Anna Maria Braun,female
61,Peter Wegelin,male
62,Anna Margaret Wegelin,female
63,Peter Tauber,male
64,Anna Maria Tauber,female
65,John Bernard Lauberschweiler,male
66,Jacob Utre,male
67,John Steigenberger,male
68,Margaret Wiedmer,female
69,Valentyn Smith,male
70,Elizabeth Hug,female
71,Philip Peter Walter,male
72,Anna Maria Walter,female
73,Nicholas Riebel,male
74,Susanna Maria Riebel,female
75,Ulrich Seibel,male
76,Susanna Seibel,female
77,John Peter Haan,male
78,Anna Margaret Haan,female
79,John Jacob Rau,male
80,Anna Maria Rau,female
81,Christian Zuder,male
82,Magdalena Zuder,female
83,John Jacob Fisler,male
84,Sophia Kleyn,female
85,Theobald Diel,male
86,Anna Barbara Diel,female
87,John Wolff,male
88,Anna Utre,female
89,Frederick Thor,male
90,Sybil Thor,female
91,Antoine Herb,male
92,Eva Grobheuter,female
93,John Conrad,male
94,Rachel Wegman,female
95,Andrew Klemer,male
96,Catharina Dietrich,female
97,John George Bender,male
98,Sophia Bender,female
99,Leonard Melchior,male
100,Anna Maria Kleyn,female
101,John Stryker,male
102,Anna Wernem,female
103,Daniel Steinmetz,male
104,Anna Maria Scherer,female
105,Jacob Hess,male
106,Elizabeth Lomay,female
107,Jacob Daubendistel,male
108,Barbara Daubendistel,female
109,Jacob Frack,male
110,Susanna Frack,female
111,Rudolph Buchy,male
112,Catharina Egg,female
113,Caspar Weidman,male
114,Johanna Job,female
115,Valentyn Trop,male
116,Catharina Deling,female
117,Caspar Bossart,male
118,Deborah Jokom,female
119,Anna Barbara Weinheimer,female
120,John Beltz,male
121,Anna Gertrude Kern,female
122,Wilhelmina Bouton,female
123,Valentyn Bayer,male
124,Wife Of Valentine Bayer,unknown
125,Samuel Zuder,male
126,Elizabeth Faricht,female
127,John George Schneider,male
128,Verena Haeffelfinger,female
129,Alexander Satler,male
130,Elizabeth Satler,female
131,Jacob Pfister,male
132,Magdalena Unbehand,female
133,Adam Schneider,male
134,Nicholas Jost,male
135,Catharina Class,female
136,Francis Jay,male
137,Anna Elizabeth Leineweber,female
138,Adam Keck,male
139,Anna Margaret Keck,female
140,John Dewald,male
141,Anna Maria Dewald,female
142,Anna Maria Galli,female
143,John Gerhard Schneider,male
144,Maria Catherine Stamm,female
145,John Joseph Blacher,male
146,Anna Magdalene Dantzenbecher,female
147,Henry Klemer,male
148,Anna Maria Klemer,female
149,John Christian Birkenbeil,male
150,Maria Elizabeth Birkenbeil,female
151,Ulrich Mischler,male
152,Elenor Miehler,female
153,Christian Lentz,male
154,Barbara Lentz,female
155,Henry Bayer,male
156,Catharina Reiss,female
157,Henry Glenz,male
158,Susanna Glenz,female
159,John Meininger,male
160,Anna Maria Meininger,female
161,John Friederich,male
162,Susanna Neig,female
163,John Haselvang,male
164,Anna Maria Schmied,female
165,Simon Pilanus,male
166,Catharina Pilanus,female
167,Jacob Weidman,male
168,Catharina Fayfard,female
169,John Moses Ganty,male
170,Margaret Baldrick,female
171,John Michael Hartman,male
172,Wilhelmina Sophia Kisewetter,female
173,Frederick Maus,male
174,Susanna Margaret Weber,female
175,Andrew Gempeler,male
176,Susanna Maria Olabacher,female
177,Henry Weinheimer,male
178,Anna Maria Kuentz,female
179,John Peter Magold,male
180,Elizabeth Stern,female
181,John Grieder,male
182,Elizabeth Nuesli,female
183,Christian Matthew Gobeler,male
184,Anna Margaret Leutspach,female
185,John Waal,male
186,Anna Margaret Greininger,female
187,John William Weber,male
188,Christian Baechlein,male
189,Catharina Froelich,female
190,Frederick Haan,male
191,Susanna Fischer,female
192,Nicholas Leiser,male
193,Anna Catherine Leiser,female
194,John Rudy,male
195,Regina Naef,female
196,Jacob Remy,male
197,Margaret Strohauer,female
198,John Michael Schwob,male
199,Catharina Christine Volz,female
200,Conrad Geidlinger,male
201,Apollonia Geidlinger,female
202,Jacob Waisner,male
203,Anna Buser Waisner,female
204,Jacob Sched,male
205,Anna Margaret Sched,female
206,Maria Slieman,female
207,Christian Van Erden,male
208,Maria Catherine Boleman,female
209,Jacob Reuthlinger,male
210,Wife Of Jacob Reuthlinger,unknown
211,Albert Lutz,male
212,Wife Of Albert Lutz,unknown
213,John Jacob Sisler,male
214,Gartner Gartner,unknown
215,Wife Of Gartner,unknown
216,Thomas Bruch,male
217,Dorothea Seen,female
218,Anna Elizabeth Schneider,female
219,John Meggendorfer,male
220,Dorothea Meggendorfer,female
221,Dorothea Neig,female
222,George Brunner,male
223,Anna Maria Tritt,female
224,Philip Satler,male
225,Anna Barbara Bekker,female
226,Rudolph Ramp,male
227,Wife Of Rudolph Ramp,unknown
228,Mattheus Abel,unknown
229,Anna Margaret Wilt,female
230,Etienne Consul,male
231,Anna Van Den Berger,female
232,Jacob Walter,male
233,Catharina Walter,female
234,Robert Robert,male
235,Wife Of Robert,unknown
236,Mattheus Stitwohl,unknown
237,Maria Magdalene Schafer,female
238,Peter Wilhelm,male
239,Dorothea Wilhelm,female
240,Sebastian Faeh,male
241,Sophia Heckman,female
242,John Henry Seidensticker,male
243,Anna Catherine Seidensticker,female
244,John Ernest Kraemer,male
245,Anna Of Theiss,female
246,Michael Rumel,male
247,Magdalena Erhard,female
248,John Martin Obersteg,male
249,Catharina Of Obersteg,female
250,Barbara Scheidegger,female
251,Caspar Klockner,male
252,Susanna Berger,female
253,John Graf,male
254,John George Kraemer,male
255,Barbara Krebs,female
256,John Jacob Hill,male
257,Anna Maria Paul,female
258,Peter Haan,male
259,Anna Margaret Smith,female
260,Balthazar Kern,unknown
261,Johanna Lorman,female
262,Peter Schweighard,male
263,Elizabeth Wiedmer,female
264,Jacob Prank,male
265,Margaret Wohlsläger,female
266,Anna Catherine Kern,female
267,Maria Elizabeth Magold,female
268,John Huth,male
269,Wife Of John Huth,unknown
270,Henry Zuder,male
271,Elizabeth Mann,female
272,Mattheus Kolb,unknown
273,Maria Bayer,female
274,Valentyn Schmied,male
275,Elizabeth Schmied,female
276,John Peter Steigenberger,male
277,Thomas Rothaar,male
278,Susanna Ulrich,female
279,John Peter Obersteg,male
280,Anna Maria Regelsperger,female
281,Philip Weinheimer,male
282,Wife Of Philip Weinheimer,unknown
283,Maria Elizabeth Diel,female
284,Mattheus Schrott,unknown
285,Adelhait Hoffman,unknown
286,John Grebil,male
287,Elizabeth Prank,female
288,Christian Gelliger,male
289,Elizabeth Bartholomae,female
290,Henry Schiffler,male
291,Catharina Hoffman,female
292,Abraham Ab Der Halden,male
293,Elizabeth Scherer,female
294,Jacob Roth,male
295,Maria Clara Roth,female
296,John Christian Sisler,male
297,Elizabeth Sisler,female
298,John Jacob Seelbach,male
299,Anna Maria Seelbach,female
300,John George Miltenberger,male
301,Anna Margaret Christman,female
302,Frederick David Schakar,male
303,Elizabeth Sar,female
304,John Prank,male
305,Maria Christine Roland,female
306,John Rudolf Forer,male
307,Salome Haller,female
308,Elizabeth Gobeler,female
309,John Hoffman,male
310,Sara Paul,female
311,Magdalena Hoffman,female
312,Margaret Grieder,female
313,Philip Haller,male
314,Anna Crellius,female
315,John Ruebsamen,male
316,Anna Frauenfelder,female
317,Jacob Reinhold,male
318,Elizabeth Catherine Knies,female
319,Jacob Bleikenstorffer,male
320,Ursula Rudy,female
321,Christian Lutz,male
322,Anna Maria Koch,female
323,Michael Kress,male
324,Anna Elizabeth Unbehand,female
325,Ludwig Schroeder,male
326,Schroeder Schroeder,unknown
327,Sirach Tschudy,unknown
328,Barbara Madoeri,female
329,Peter Karg,male
330,Anna Barbara Karg,female
331,Arnold Kraemer,male
332,Anna Kunigunda Wagener,female
333,Martin Weissenbach,male
334,Eva Elizabeth Weissenbach,female
335,Abraham Reinhard,male
336,Eva Maria Galli,female
337,John Wuergler,male
338,Verena Mann,female
339,Jacob Huser,male
340,Anna Sorber,female
341,Henry Brunner,male
342,Barbara Meschinger,female
343,Jacob Saehly,male
344,Barbara Businger,female
345,Carl Ludwig Weiss,male
346,Elizabeth Heid,female
347,John Schlatter,male
348,Verena Naef,female
349,John Piere Rolief,male
350,Margaret Bosset,female
351,Jacob Stamm,male
352,Sabina Tines,female
353,John Ludwig Hess,male
354,Anna Maria Hess,female
355,John Spaeth,male
356,Anna Sophia Spaeth,female
357,Joseph Funk,male
358,Anna Magdalene Froelich,female
359,Isaac Burgund,male
360,Elizabeth Nicolaus,female
361,John George Drescher,male
362,Anna Maria Swalb,female
363,Henry Rieg,male
364,John Rudolf Ruebsamen,male
365,Valentyn Hoffman,male
366,Anna Maria Prank,female
367,Joost Miehler,male
368,Catharina Beisser,female
369,Wife Maria Schleydorn,unknown
370,Daniel Baechlein,male
371,Catharina Kleyn,female
372,John Schrick,male
373,Henry Bachman,male
374,Bachman Bachman,unknown
375,Jacob Kress,male
376,Margaret Paul,female
377,Conrad Schlemer,male
378,Catharina Eleonora Swed,female
379,Maria Magdalene Bekker,female
380,Isaac Lefeber,male
381,Magdalena Seiffert,female
382,Abraham Sewitz,male
383,David Jurnal,male
384,Maria Frey,female
385,Peter Magold,male
386,Maria Elizabeth Stern,female
387,Balthazar Selzer,unknown
388,Maria Selzer,female
389,Carl Gaemperli,male
390,Maria Magdalene Steinmetz,female
391,John George Kramp,male
392,Sophia Kramp,female
393,Philip Elgard,male
394,Anna Catherine Elgard,female
395,Margaret Gobeler,female
396,Anna Margaret Bayer,female
397,Conrad Maag,male
398,Elizabeth Maag,female
399,William Klampfert,male
400,Elizabeth Klampfert,female
401,Daniel Reiss,male
402,Anna Reiss,female
403,Martin Waal,male
404,Anna Sibylla Waal,female
405,Rudolph Huber,male
406,Elizabeth Huber,female
407,Andrew Hill,male
408,Elizabeth Hill,female
409,Jacob Kloeti,male
410,Anna Maria Kloeti,female
411,Andrew Oberdorf,male
412,Maria Esther Oberdorf,female
413,Regina Rudy,female
414,Elizabeth Smith,female
415,Martin Weisbach,male
416,Eva Elizabeth Weisbach,female
417,John Schreiber,male
418,Elizabeth Schreiber,female
419,Jacob Ruegy,male
420,Barbara Ruegy,female
421,Caspar Scherer,male
422,Barbara Scherer,female
423,John Loehr,male
424,Elizabeth Loehr,female
425,John Just Orlop,male
426,Elizabeth Orlop,female
427,Jacob Bayer,male
428,Verena Bayer,female
429,Conrad Smith,male
430,Catharina Smith,female
431,Jacob Waespi,male
432,Wife Of Jacob Waespi,unknown
433,Peter Diel,male
434,Susanna Diel,female
435,John Jacob Mitschet,male
436,Catharina Mitschet,female
437,Michael Weber,male
438,Catharina Weber,female
439,Rosina Bindschaedler,female
440,John Jacob,male
441,Maria Catherine Jacob,female
442,John Bernard Haan,male
443,Anna Maria Haan,female
444,George Wacke,male
445,Anna Elizabeth Wacke,female
446,Philip Sulzbach,male
447,Catharina Sulzbach,female
448,John Bigonet,male
449,Catharina Bigonet,female
450,Nicholas Hess,male
451,Wilhelmina Hess,female
452,Catharina Leiser,female
453,Philip Bum,male
454,Anna Maria Bum,female
455,Gertrud Beltz,female
456,John Frederick Schitt,male
457,Barbara Schitt,female
458,Jacob Renot,male
459,Catharina Renot,female
460,Albrecht Eschelman,male
461,Anna Eschelman,female
462,George Nonius,male
463,Barbara Nonius,female
464,John Peter Loehr,male
465,Anna Catherine Loehr,female
466,John Brandt,male
467,Rosina Brandt,female
468,Eva Weyn,female
469,Peter Du Corbier,male
470,Maria Corbier,female
471,George Weyn,male
472,Margaret Weyn,female
473,Abraham Eschelman,male
474,Susanna Eschelman,female
475,George Fanz,male
476,Elizabeth Fanz,female
477,Mattheus Hill,unknown
478,Magdalena Hill,female
479,Jacob Hill,male
480,Anna Maria Hill,female
481,Victoria Charlotte Muentz,female
482,Christian Gugger,male
483,Elizabeth Gugger,female
484,John Seibold,male
485,Elizabeth Seibold,female
486,Jacob Weyn,male
487,Anna Elizabeth Weyn,female
488,Henry Maag,male
489,Wife Of Henry Maag,unknown
490,Bernard Iserlo,male
491,Barbara Iserlo,female
492,Ulrich Jaegli,male
493,Wife Of Ulrich Jaegli,unknown
494,Mattheus Graf,unknown
495,Anna Barbara Graf,female
496,Peter Clauser,male
497,Elizabeth Clauser,female
498,Joseph Tschop,male
499,Anna Maria Christina Tschop,female
500,Andrew Hertzog,male
501,Barbara Hertzog,female
502,Philip Bekker,male
503,Anna Maria Bekker,female
504,Frederick Lutz,male
505,Maria Lutz,female
506,John Peter Paris,male
507,Maria Magdalene Paris,female
508,Henry Seibel,male
509,Charlotte Seibel,female
510,Henry Rothaar,male
511,Anna Maria Rothaar,female
512,Leonard Melchert,male
513,Anna Maria Melchert,female
514,George Schaaf,male
515,Anna Maria Schaaf,female
516,Paulus Hochstrasser,male
517,Elizabeth Hochstrasser,female
518,Carl Zuder,male
519,Catharina Zuder,female
520,William Strembeck,male
521,Anna Juliana Strembeck,female
522,Mattheus Assen,unknown
523,Elizabeth Assen,female
524,Jacob Schreiber,male
525,Dorothea Schreiber,female
526,Peter Walter,male
527,Susanna Maria Rieg,female
528,John Ulrich Klezel,male
529,Anna Klezel,female
530,John George Strohauer,male
531,Catharina Strohauer,female
532,Peter Lutz,male
533,Louisa Lutz,female
534,John Sisler,male
535,Catharina Sisler,female
536,Frederick Heimer,male
537,Catharina Heimer,female
538,Adam Stryker,male
539,Elizabeth Stryker,female
540,Henry Schettel,male
541,Barbara Schettel,female
542,Philip Werns,male
543,Magdalena Werns,female
544,Elizabeth Grieder,female
545,George Bender,male
546,Barbara Bender,female
547,Ludwig Karcher,male
548,Mariana Catherine Karcher,female
549,Adam Erhard,male
550,Catharina Erhard,female
551,Daniel Scheller,male
552,Johanna Scheller,female
553,Jacob Kopp,male
554,Maria Elizabeth Kopp,female
555,Anna Margaret Roschon,female
556,Caspar Vetter,male
557,Rachel Vetter,female
558,John Steinmetz,male
559,Maria Steinmetz,female
560,Caspar Henrich,male
561,Margaret Henrich,female
562,Philip Doringer,male
563,Susanna Doringer,female
564,George Casper Heist,male
565,Maria Johanna Heist,female
566,Catharina Baechlein,female
567,Michael Miehler,male
568,Maria Ursula Miehler,female
569,John William Miehler,male
570,Maria Elizabeth Miehler,female
571,Michael Stigel Remy,male
572,Maria Elizabeth Remy,female
573,Christopher Foot,male
574,Catharina Foot,female
575,George Bouton,male
576,Elizabeth Bouton,female
577,John Hess,male
578,Elizabeth Margaret Hess,female
579,John Conrad Smith,male
580,Maria Rosina Smith,female
581,Anna Margaret Abel,female
582,Samuel Neitlinger,male
583,Maria Elizabeth Neitlinger,female
584,Dilman Beck,unknown
585,Elizabeth Catherine Beck,female
586,Magdalena Rumel,female
587,Ludwig Hess,male
588,Catharina Hess,female
589,Conrad Dups,male
590,Esther Dups,female
591,Henry Doquenet,male
592,Maria Doquenet,female
593,John Jacob Stucki,male
594,Maria Catherine Stucki,female
595,Daniel Erhard,male
596,Margaret Erhard,female
597,Maria Magdalene Zuder,female
598,David Weidman,male
599,Sara Weidman,female
600,Henry Gampert,male
601,Maria Magdalene Gampert,female
602,William Lomay,male
603,Eva Lomay,female
604,Rudolph Naef,male
605,Anna Naef,female
606,Jacob Naef,male
607,Elizabeth Magold,female
608,Henry Mixenel,male
609,Wife Of Henry Mixenel,unknown
610,John Gerlach,male
611,Anna Maria Gerlach,female
612,George Wirth,male
613,Salome Wirth,female
614,Elizabeth Bum,female
615,William Kner,male
616,Gertrud Kner,female
617,Joseph Nagle,male
618,Maria Barbara Nagle,female
619,George Michael Gampert,male
620,Elizabeth Gampert,female
621,Michael Stahl,male
622,Maria Stahl,female
623,Albrecht Hilligass,male
624,Catharina Hilligass,female
625,Edward Williams,male
626,Wife Of Edward Williams,unknown
627,Jacob Mohr,male
628,Elizabeth Mohr,female
629,Christopher Graefli,male
630,Catharina Graefli,female
631,Christian Ritz,male
632,Philippina Ritz,unknown
633,George Krauskopf,male
634,Wife Of George Krauskopf,unknown
635,Peter Iserlo,male
636,Louisa Iserlo,female
637,Jacob Keyser,male
638,Catharina Keyser,female
639,Sebastian Wildfang,male
640,Maria Christine Wildfang,female
641,George Mercker,male
642,Anna Maria Mercker,female
643,Philip Stein,male
644,Margaret Stein,female
645,Philip Seibold,male
646,Maria Seibold,female
647,Wilbert Lutz,male
648,Catharina Lutz,female
649,Jacob Schaub,male
650,Elizabeth Schaub,female
651,Philip Moser,male
652,Sophia Moser,female
653,Margaret Sisler,female
654,Tobias Ecken,male
655,Elizabeth Ecken,female
656,Henry Gramlich,male
657,Wife Of Henry Gramlich,unknown
658,Christina Haan,female
659,Philip Schneider,male
660,Philip Lukas,male
661,Sophia Lukas,female
662,John Frederick Bekker,male
663,Maria Christine Bekker,female
664,John Mohr,male
665,Juliana Mohr,female
666,Michael Feeman,male
667,Maria Catherine Feeman,female
668,John Casper Klockner,male
669,Susanna Klockner,female
670,John Hug,male
671,David Festinger,male
672,Anna Maria Festinger,female
673,Philip Allberger,male
674,Margaret Berger,female
675,Henry Grob,male
676,Catharina Grob,female
677,Frederick Riemer,male
678,Christina Riemer,female
679,Margaret Kress,female
680,Henry Schueman,male
681,Catharina Schueman,female
682,Christina Loehr,female
683,George Nomins,male
684,Barbara Nomins,female
685,George Flecke,male
686,Catharina Flecke,female
687,John Valentine Kern,male
688,Anna Margaret Kern,female
689,William Lorentz,male
690,Anna Elizabeth Lorentz,female
691,Conrad Weiss,male
692,Christina Weiss,female
693,Henry Ernd,male
694,Elizabeth Ernd,female
695,Jacob Brandt,male
696,Elizabeth Brandt,female
697,Anna Maria Jurnal,female
698,Adam Lutz,male
699,Maria Rucht,female
700,Henry Eyerli,male
701,Margaret Eyerli,female
702,Nicholas Schreiber,male
703,Anna Maria Gamber,female
704,Peter Fiess,male
705,Anna Maria Fiess,female
706,John George Hoffman,male
707,Elizabeth Hoffman,female
708,John Schie,male
709,Anna Margaret Schie,female
710,Jacob Utrich,male
711,Wilhelmina Utrich,female
712,Martin Fischer,male
713,Anna Fischer,female
714,Frederick Weinhold,male
715,Catharina Weinhold,female
716,John George Kram,male
717,Susanna Kram,female
718,David Zimmerman,male
719,Anna Maria Zimmerman,female
720,John Peter Blumer,male
721,Anna Magdalene Blumer,female
722,George Prank,male
723,Catharina Prank,female
724,Adam Miehler,male
725,Anna Maria Miehler,female
726,Robert Cober,male
727,Marethe Juncker,unknown
728,Martin Reichart,male
729,Maria Sara Reichart,female
730,Philip Flecke,male
731,Gertrud Flecke,female
732,Sophia Spaeth,female
733,John Rehrig,male
734,Maria Catherine Rehrig,female
735,Anna Brunner,female
736,Nicholas Bender,male
737,Margaret Bender,female
738,Christian Fiess,male
739,John George Knoch,male
740,Anna Margaret Knoch,female
741,Elizabeth Schrick,female
742,Conrad Schneider,male
743,Philippina Schneider,unknown
744,William Loescher,male
745,Regina Loescher,female
746,John Mesmer,male
747,Catharina Mesmer,female
748,Frederick Scherer,male
749,Maria Scherer,female
750,John Henry Junt,male
751,Elizabeth Junt,female
752,Daniel Weber,male
753,John Carl Chagard,male
754,Maria Barbara Chagard,female
755,Margaret Scheibler,female
756,George Thomas Heimberger,male
757,Anna Margaret Heimberger,female
758,Richard Hoffman,male
759,Anna Margaret Hoffman,female
760,Philip Burckhard,male
761,Margaret Burckhard,female
762,George Justus,male
763,Anna Margaret Justus,female
764,Jacob Werns,male
765,Catharina Werns,female
766,Frederick Tauber,male
767,Anna Barbara Tauber,female
768,Daniel Ott,male
769,Maria Magdalene Ott,female
770,John Adam Schwob,male
771,Margaret Schwob,female
772,Anna Elizabeth Roth,female
773,John Seen,male
774,Mattheus Butterfass,unknown
775,Maria Magdalene Butterfass,female
776,Bernard Lauberschweiler,male
777,Maria Lauberschweiler,female
778,Henry Smith,male
779,Charlotte Smith,female
780,Wife Of John Ruebsamen,unknown
781,Kiliaan Wolff,unknown
782,Magdalena Wolff,female
783,Daniel Utre,male
784,Wife Of Daniel Utre,unknown
785,Mattheus Sisler,unknown
786,Anna Maria Sisler,female
787,William Burckhard,male
788,Anna Catherine Burckhard,female
789,Christian Roth,male
790,Elizabeth Roth,female
791,Mattheus Fackert,unknown
792,Anna Margaret Fackert,female
793,Vincent Kuehn,male
794,Magdalena Heims,female
795,John Ludwig Keiler,male
796,Catharina Keiler,female
797,Philip Schlatter,male
798,Veronica Schlatter,female
799,Anna Maria Smith,female
800,Daniel Hug,male
801,Henry Miehler,male
802,Catharina Eleonora Schlemer,female
803,Henry Steltz,male
804,Anna Margaret Steltz,female
805,Kiliaan Rupp,unknown
806,Catharina Rupp,female
807,Peter Wolff,male
808,Barbara Wolff,female
809,Peter Stein,male
810,Elizabeth Stein,female
811,John Pfister,male
812,Barbara Pfister,female
813,Peter Staud,male
814,Maria Catherine Staud,female
815,William Strempel,male
816,Christina Strempel,female
817,William Knipp,male
818,Anna Knipp,female
819,Reinhard Kammer,male
820,Wife Of Reinhard Kammer,unknown
821,John Strupp,male
822,Anna Catherine Strupp,female
823,William Kuehn,male
824,Gertrud Kuehn,female
825,James Cleland,male
826,Hannah Mcullough,female
827,Christopher Geller,male
828,Anna Maria Geller,female
829,Jacob Van Rudy,male
830,Margaret Rudy,female
831,Peter Paris,male
832,Magdalena Paris,female
833,John Licht,male
834,Agnes Licht,female
835,John Ottmansdorf,male
836,Barbara Ottmansdorf,female
837,Eva Zuder,female
838,Joost Feith,male
839,Maria Magdalene Feith,female
840,Antoine Daeschler,male
841,Wife Of Anthony Daeschler,unknown
842,John Albert,male
843,Margaret Albert,female
844,Andrew Teis,male
845,Catharina Teis,female
846,Jacob Sorber,male
847,Michael Hassler,male
848,Bernard Haan,male
849,Maria Haan,female
850,Bernard Bekker,male
851,Anna Elizabeth Bekker,female
852,Ulrich Freyhofer,male
853,Magdalena Freyhofer,female
854,Wendel Kraemer,male
855,Catharina Kraemer,female
856,Frederick Schitt,male
857,Maria Barbara Schitt,female
858,Henry Leutold,male
859,Anna Maria Leutold,female
860,William Staud,male
861,Margaret Staud,female
862,Henry Schitt,male
863,Christina Schitt,female
864,John Philip De Hess,male
865,Elenor Hess,female
866,Francis Schafner,male
867,Anna Catherine Schafner,female
868,Solomon Saehly,male
869,Sophia Saehly,female
870,Maria Louisa Lutz,female
871,Anna Magdalene Funk,female
872,Barbara Mohr,female
873,Jacob Aachen,male
874,Maria Of Aachen,female
875,Michael Peter,male
876,Margaret Elizabeth Peter,female
877,Abraham Peter,male
878,Magdalena Peter,female
879,Michael Steitz,male
880,Anna Maria Steitz,female
881,Conrad Schweitzer,male
882,Maria Magdalene Schweitzer,female
883,Michael Butterfass,male
884,Maria Erden,female
885,Michael Orner,male
886,Anna Maria Orner,female
887,John Frack,male
888,Gertrud Frack,female
889,Frederick Knies,male
890,Maria Margaret Knies,female
891,John Fanz,male
892,Margaret Fanz,female
893,Christian Birckenmeyer,male
894,Maria Elizabeth Birckenmeyer,female
895,Mattheus Aersen,unknown
896,Elizabeth Aersen,female
897,Mattheus Schuetz,unknown
898,Catharina Schuetz,female
899,Lorentz Walter,male
900,Anna Margaret Walter,female
901,John Morris,male
902,Anna Elizabeth Morris,female
903,Berenice Bayer,female
904,John Philipse Alberger,male
905,Margaret Alberger,female
906,Frederick Heiner,male
907,Catharina Heiner,female
908,Christian Smith,male
909,Anna Smith,female
910,Samuel Leyens,male
911,Charlotte Leyens,female
912,Dorst Schaub,unknown
913,Maria Christine Schaub,female
914,John Daniel Hug,male
915,John George Euler,male
916,Anna Euler,female
917,John Mann,male
918,Anna Catherine Mann,female
919,Hartman Fritz,male
920,Anna Catherine Fritz,female
921,Daniel Schuster,male
922,Maria Elizabeth Schuster,female
923,Frederick Schneider,male
924,Barbara Schneider,female
925,John Foret,male
926,Margaret Foret,female
927,Philip Sensfelder,male
928,Anna Maria Sensfelder,female
929,John Mattheus,male
930,Anna Mattheus,female
931,William Emsen,male
932,Juliana Emsen,female
933,Johanna Brandt,female
934,Nicholas Rupp,male
935,Magdalena Rupp,female
936,Wife Of Daniel Heid,unknown
937,Adam Hill,male
938,Hannah Hill,female
939,Rachel Loescher,female
940,Simon Hagelgans,male
941,Margaret Hagelgans,female
942,Rudolph Mohr,male
943,Anna Catherine Schueman,female
944,John Kopp,male
945,Wife Of John Kopp,unknown
946,John Clark,male
947,Catharina Siling,female
948,Henry Fanz,male
949,Maria Veronica Schneider,female
950,John Philipse Burckhard,male
951,Margaret Seidenbinn,female
952,Christian Allenbach,male
953,Maria Sara Harnisch,female
954,Elizabeth Zeiner,female
955,Leonard Werntz,male
956,Maria Magdalene Goetz,female
957,Sophia Brotzmann,female
958,John Harrer,male
959,Maria Engel,female
960,Frederick Chagard,male
961,Anna Elizabeth Sar,female
962,Peter Dischung,male
963,Maria Dischung,female
964,Catharina Koenig,female
965,Peter Laurier,male
966,Christina Leuwe,female
967,Martin Reinhard,male
968,Maria Sara Diel,female
969,Catharina Schitt,female
970,Anna Margaret Hill,female
971,Peter Muth,male
972,Anna Catherine Deucker,female
973,Christian Galli,male
974,Margaret Braunsman,female
975,Anna Maria Moser,female
976,John Pelss,male
977,Gertrud Kehr,female
978,Elizabeth Richter,female
979,Philip Klumberg,male
980,Christina Enck,female
981,Frederick Vogel,male
982,Barbara Ludwig,female
983,Philip Jacob Wacke,male
984,Magdalena Schneider,female
985,Catharina Flinth,female
986,Maria Catherine Streder,female
987,Elizabeth Koch,female
988,Jacob Forer,male
989,Anna Keiler,female
990,George Kastnitz,male
991,Maria Christine Kastnitz,female
992,Lorentz Werntz,male
993,Elizabeth Genissen,female
994,Conrad Alster,male
995,Anna Maria Froelich,female
996,Maria Wilt,female
997,John Peter Strupp,male
998,Magdalena Maria Strupp,female
999,Jacob Wollenweider,male
1000,Barbara Wollenweider,female
1001,John Michael Weber,male
1002,Elizabeth Machemer,female
1003,Susanna Kramp,female
1004,Frederick Christian Bekker,male
1005,Wife Of Frederick Christian Bekker,unknown
1006,Martin Kleyn,male
1007,Barbara Kleyn,female
1008,Jacob Bekker,male
1009,Catharina Mertz,female
1010,John Peter,male
1011,Dorothea Peter,female
1012,John George Flecke,male
1013,Anna Margaret Flecke,female
1014,Jacob Van Roth,male
1015,Margaret Roth,female
1016,John Kuentz,male
1017,Marethe Kuentz,unknown
1018,Anna Margaret Kress,female
1019,Paulus Beck,male
1020,Magdalena Beck,female
1021,Henry Schmied,male
1022,Charlotte Schmied,female
1023,[noname] Schettel,unknown
1024,Wife Of [noname] Schettel,unknown
1025,Melinda Zerfass,female
1026,Philip Scherer,male
1027,Eva Margaret Schie,female
1028,Philip Maus,male
1029,Francis Maus,male
1030,Jacob Hentschi,male
1031,Anna Maria Stocker,female
1032,John Henry Miehler,male
1033,John Roerich,male
1034,Maria Catherine Roerich,female
1035,John Jacob Faeh,male
1036,Anna Catherine Faeh,female
1037,Carl Chamberlein,male
1038,Christopher Feith,male
1039,Catharina Rosina,female
1040,[noname] Getschi,unknown
1041,Wife Of [noname] Kutsch,unknown
1042,Philip Busch,male
1043,Wife Of Philip Busch,unknown
1044,Elizabeth Funk,female
1045,Peter Reiss,male
1046,Sara Elizabeth Reiss,female
1047,Jacob Steinmetz,male
1048,Dorothea Steinmetz,female
1049,Rudolph Keiler,male
1050,Johanna Keiler,female
1051,John Christian Froelich,male
1052,Elizabeth Froelich,female
1053,Peter Kammer,male
1054,Elizabeth Kammer,female
1055,John Jacob Werntz,male
1056,Catharina Werntz,female
1057,John Frederick Mielefeld,male
1058,Wife Of John Frederick Mielefeld,unknown
1059,Andrew Theiss,male
1060,Rosina Theiss,female
1061,Conrad Tippo,male
1062,Catharina Tippo,female
1063,John Peter Bekker,male
1064,Wife Of John Peter Bekker,unknown
1065,Adam Stucki,male
1066,Wife Of Adam Stucki,unknown
1067,Abel Weltz,male
1068,Wife Of Abel Weltz,unknown
1069,Maria Sara Reinhard,female
1070,John Frons,male
1071,Wife Of John Frons,unknown
1072,Christian Keiler,male
1073,Wife Of Christian Keiler,unknown
1074,John Halberstadt,male
1075,Catharina Halberstadt,female
1076,Maria Elizabeth Bekker,female
1077,Henry Winckeler,male
1078,Anna Catherine Winckeler,female
1079,John Bigerne,male
1080,Catharina Elizabeth Bigerne,female
1081,Christian Van Erdte,male
1082,Maria Catherine Erdte,female
1083,Maria Levan,female
1084,Levan Levan,male
1085,John George Bouton,male
1086,Oswald Von Der Halt,male
1087,Anna Maria Funk,female
1088,Jacob Ruebsamen,male
1089,Cleopha Ruebsamen,unknown
1090,Henry Friedstadt,male
1091,Logis Friedstadt,unknown
1092,John George Wilki,male
1093,Anna Maria Wilki,female
1094,Jacob Aman,male
1095,Maria Aman,female
1096,John Mellen,male
1097,Catharina Mellen,female
1098,Nicholas Penther,male
1099,Margaret Penther,female
1100,David Domminick,male
1101,Maria Domminick,female
1102,Mattheus Stimmen,unknown
1103,Christina Stimmen,female
1104,Elizabeth Beck,female
1105,John Michael Panwart,male
1106,Eva Panwart,female
1107,Conrad Schaus,male
1108,Johanna Maria Magdalene Schaus,female
1109,Philip Mintel,male
1110,Margaret Mintel,female
1111,William Campfer,male
1112,Elizabeth Campfer,female
1113,Philip Friel,male
1114,Magdalena Friel,female
1115,Jacob Eteborn,male
1116,Elizabeth Eteborn,female
1117,Joseph Braun,male
1118,Maria Braun,female
1119,George Diel,male
1120,Elizabeth Diel,female
1121,Maria Elizabeth Loehr,female
1122,John Pieterse,male
1123,Dorothea Pieterse,female
1124,John Pistor,male
1125,Barbara Pistor,female
1126,Elizabeth Gramlich,female
1127,Frederick David Jacquart,male
1128,Anna Elizabeth Jacquart,female
1129,Ludwig Keiner,male
1130,Catharina Keiner,female
1131,Regula Rudy,female
1132,Hannah Fischer,female
1133,[noname] Rumel,unknown
1134,Wife Of [noname] Rumel,unknown
1135,George Schmied,male
1136,Anna Elizabeth Stryker,female
1137,John Christian Rauch,male
1138,Rosina Rauch,female
1139,John Mechlachling,male
1140,Margaret Mechlachling,female
1141,William Miehler,male
1142,Maria Susanna Miehler,female
1143,Catharina Fritz,female
1144,Jacob Faeh,male
1145,Hannah Faeh,female
1146,George Penther,male
1147,Barbara Penther,female
1148,Frederick Bekker,male
1149,Wife Of Frederick Bekker,unknown
1150,William Ludwig Miehler,male
1151,Anna Catherine Miehler,female
1152,Anna Catherine Hess,female
1153,George William Friederich,male
1154,Anna Catherine Friederich,female
1155,Jacob Schafer,male
1156,Maria Schafer,female
1157,Elizabeth Schafner,female
1158,Elizabeth Walter,female
1159,Christian Houtzel,male
1160,Anna Elizabeth Houtzel,female
1161,John Diel,male
1162,Catharina Diel,female
1163,Christina Klumberg,female
1164,John Reinhard Kammer,male
1165,Maria Kammer,female
1166,Philip Waal,male
1167,Charlotte Waal,female
1168,John Philipse Schrott,male
1169,Wife Of John Philip Schrott,unknown
1170,Elizabeth Werntz,female
1171,Philip Werntz,male
1172,Magdalena Werntz,female
1173,Caspar Zuder,male
1174,Wilhelmina Zuder,female
1175,George Walter,male
1176,Walter Walter,male
1177,Johanna Mohr,female
1178,John George Scherer,male
1179,Margaret Flecke,female
1180,Christian Haan,male
1181,Hannah Haan,female
1182,John Knies,male
1183,Margaret Knies,female
1184,Peter Detz,male
1185,Sigismunda Detz,unknown
1186,Frederick Fuchs,male
1187,Anna Maria Fuchs,female
1188,Peter Strupp,male
1189,Wife Of Peter Strupp,unknown
1190,John Murphy,male
1191,Susanna Murphy,female
1192,Peter Lauterbach,male
1193,Elizabeth Lauterbach,female
1194,John Pierre Du Corbier,male
1195,Anna Margaret Pommarede,female
1196,Christian Birkenbeil,male
1197,John Henry Flecke,male
1198,Maria Catherine Flecke,female
1199,Christian Altburger,male
1200,Christina Altburger,female
1201,George Michael Campfer,male
1202,Samuel Graf,male
1203,Justina Graf,female
1204,Nicholas Haan,male
1205,Elizabeth Margaret Haan,female
1206,Valentyn Stillwagen,male
1207,Elizabeth Stillwagen,female
1208,Peter Stey,male
1209,Elizabeth Stey,female
1210,Elenor Schlemer,female
1211,Benjamin Bertzer,male
1212,Johanna Bertzer,female
1213,John Carl Jacquart,male
1214,Maria Barbara Jacquart,female
1215,Peter Heins,male
1216,Elizabeth Heins,female
1217,William Rothaar,male
1218,Sophia Rothaar,female
1219,Christian Schneider,male
1220,Elizabeth Schneider,female
1221,Caspar Rudy,male
1222,Charlotte Rudy,female
1223,Justus Eckhardt,male
1224,Anna Elizabeth Eckhardt,female
1225,Margaret Huser,female
1226,Ludwig Kuehn,male
1227,Louisa Kuehn,female
1228,Daniel Kehr,male
1229,Magdalena Kehr,female
1230,Christian Froelich,male
1231,Dilman Kritelbach,unknown
1232,Elizabeth Kritelbach,female
1233,Anna Cleopha Ruebsamen,female
1234,Jacob Dorsheimer,male
1235,Clara Dorsheimer,female
1236,John Peter Ceppenfeld,male
1237,Anna Catherine Ceppenfeld,female
1238,John Ochs,male
1239,Anna Margaret Ochs,female
1240,Philip Altburger,male
1241,Margaret Altburger,female
1242,Maria Barbara Knies,female
1243,Michael Conrad,male
1244,Wife Of Michael Conrad,unknown
1245,Peter Marckhart,male
1246,Anna Maria Marckhart,female
1247,Rudolph Schafner,male
1248,Anna Schafner,female
1249,Conrad Jost,male
1250,Wife Of Conrad Jost,unknown
1251,Anna Ruebsamen,female
1252,Frederick Schinckel,male
1253,Susanna Schinckel,female
1254,William Waal,male
1255,Barbara Waal,female
1256,Adam Altburger,male
1257,Sophia Altburger,female
1258,John Tonnes Kram,male
1259,Anna Catherine Kram,female
1260,John Wagener,male
1261,Hannah Wagener,female
1262,John Jacob Weber,male
1263,Martin Ryan,male
1264,Barbara Ryan,female
1265,Frederick Schwartz,male
1266,Abigail Schwartz,female
1267,Christian Schmied,male
1268,Maria Schmied,female
1269,Joseph Keyser,male
1270,Anna Keyser,female
1271,Jacob Enck,male
1272,Catharina Enck,female
1273,Henry Krebs,male
1274,Veronica Krebs,female
1275,Philip Clauser,male
1276,[noname] Stock,unknown
1277,Maria Stucki,female
1278,John Henry Campfer,male
1279,Anna Maria Campfer,female
1280,George Blum,male
1281,Anna Philippina Blum,female
1282,Wigant Specker,unknown
1283,Wife Of Wigant Specker,unknown
1284,Michael Terri,male
1285,Anna Maria Terri,female
1286,John Miehler,male
1287,Maria Miehler,female
1288,John Tauenheimer,male
1289,Maria Magdalene Tauenheimer,female
1290,Samuel Mason,male
1291,Catharina Mason,female
1292,John Mannen,male
1293,Catharina Mannen,female
1294,Maria Barbara Reinhard,female
1295,John Philipse Reiss,male
1296,Henry Grotjan,male
1297,Catharina Grotjan,female
1298,Jacob Bischoffberger,male
1299,Catharina Bischoffberger,female
1300,William Tauber,male
1301,Maria Margaret Tauber,female
1302,William Lohman,male
1303,Anna Of Lohman,female
1304,Abraham Schwing,male
1305,Anna Margaret Schwing,female
1306,John Ludwig Schweitzer,male
1307,Anna Catherine Schweitzer,female
1308,Catharina Burckhard,female
1309,Conrad Scheller,male
1310,Elizabeth Scheller,female
1311,Martin Harnisch,male
1312,Catharina Harnisch,female
1313,Anna Maria Grob,female
1314,Margaret Vogel,female
1315,Adam Laeng,male
1316,Catharina Laeng,female
1317,Anna Margaret Henrich,female
1318,Henry Pieterse,male
1319,Elizabeth Pieterse,female
1320,Philippina Miehler,unknown
1321,Conrad Schmied,male
1322,Peter Braun,male
1323,Philip Casper Eulert,male
1324,Susanna Eulert,female
1325,Joseph Miehler,male
1326,Anna Miehler,female
1327,Daniel Tappen,male
1328,Maria Christine Tappen,female
1329,Susanna Maria Miehler,female
1330,Conrad Moenich,male
1331,Eva Margaret Moenich,female
1332,Antoine Birkenbeil,male
1333,Barbara Birkenbeil,female
1334,Conrad Waal,male
1335,Maria Catherine Waal,female
1336,Jacob Prattler,male
1337,Catharina Prattler,female
1338,Caspar Diederich Weyberg,male
1339,Maria Isabella Weyberg,female
1340,Anna Magdalene Pfister,female
1341,Anna Catherine Sisler,female
1342,John Gerlach Widerstein,male
1343,Elizabeth Widerstein,female
1344,John Staud,male
1345,Emanuel Popi,male
1346,Sybil Popi,female
1347,Peter Kleyn,male
1348,Anna Kleyn,female
1349,Mattheus Stimmel,unknown
1350,Christina Stimmel,female
1351,Adam Eckhardt,male
1352,Catharina Eckhardt,female
1353,John Febereit,male
1354,Margaret Febereit,female
1355,Charles Chamberlein,male
1356,Maria Margaret Chamberlein,female
1357,John Carl Schakar,male
1358,Maria Barbara Schakar,female
1359,Jacob Weitz,male
1360,Gertrud Weitz,female
1361,Antoine Kram,male
1362,Jacob Stucki,male
1363,John Bigonne,male
1364,Catharina Bigonne,female
1365,Jacob Sinck,male
1366,Catharina Sinck,female
1367,Anna Margaret Krauskopf,female
1368,Peter Rasber,male
1369,Catharina Rasber,female
1370,Carl Steltz,male
1371,Margaret Steltz,female
1372,John Peter Blum,male
1373,Anna Magdalene Blum,female
1374,Christopher Paris,male
1375,Dorothea Paris,female
1376,Jacob Garle,male
1377,Maria Garle,female
1378,John George Ernstdorf,male
1379,Elizabeth Ernstdorf,female
1380,Jacob Wacke,male
1381,Magdalena Wacke,female
1382,Ludwig Keiler,male
1383,Anna Catherine Keiler,female
1384,John Christian Abel,male
1385,Philip Wirth,male
1386,Rieth Rieth,unknown
1387,George Reichwein,male
1388,Wife Of George Reichwein,unknown
1389,John Bergman,male
1390,Anna Catherine Bergman,female
1391,Thomas Wind,male
1392,Hannah Wind,female
1393,Peter Conver,male
1394,Catharina Conver,female
1395,John Peter Stockman,male
1396,Christina Stockman,female
1397,Rudolph Haubern,male
1398,Elizabeth Haubern,female
1399,Henry Lutz,male
1400,Anna Catherine Lutz,female
1401,John Gottfried Mohr,male
1402,Anna Margaret Mohr,female
1403,George Hoerner,male
1404,Margaret Hoerner,female
1405,Balthazar Rabanos,unknown
1406,Elizabeth Rabanos,female
1407,Elizabeth Weiss,female
1408,Joost Eberth,male
1409,Catharina Eberth,female
1410,Michael Grieder,male
1411,Catharina Grieder,female
1412,Abraham Gobeler,male
1413,Sophia Gobeler,female
1414,Frederick Domminick,male
1415,Barbara Domminick,female
1416,Abel Wells,male
1417,Wife Of Abel Wells,unknown
1418,Maria Rosina Mohr,female
1419,Henry Hemsing,male
1420,Christina Hemsing,female
1421,Margaret Grob,female
1422,Maria Bekker,female
1423,Anna Maria Ruebsamen,female
1424,Frederick Schakar,male
1425,Elizabeth Schakar,female
1426,Jacob Braun,male
1427,Magdalena Braun,female
1428,John Darny,male
1429,Sara Darny,female
1430,Christopher Keiler,male
1431,Anna Maria Keiler,female
1432,Caspar Diel,male
1433,Juliana Diel,female
1434,Maria Clara Bayer,female
1435,John Philipse Schmick,male
1436,Magdalena Elizabeth Schmick,female
1437,Nicholas Bekker,male
1438,Anna Margaret Bekker,female
1439,John Orfgen,male
1440,Catharina Orfgen,female
1441,Michael Gamber,male
1442,Elizabeth Gamber,female
1443,Maria Kress,female
1444,George Hund,male
1445,Catharina Hund,female
1446,Daniel Waal,male
1447,Janiola Waal,unknown
1448,Christopher Hartman,male
1449,Maria Susanna Hartman,female
1450,Christina Diel,female
1451,Veronica Fanz,female
1452,John Henry Enck,male
1453,Elizabeth Enck,female
1454,Anna Catherine Schuetz,female
1455,Philip Stoadtinger,male
1456,Maria Stoadtinger,female
1457,Jacob Kehr,male
1458,Anna Elizabeth Kehr,female
1459,Frederick Bohmer,male
1460,Catharina Elizabeth Bohmer,female
1461,Maria Catherine Enck,female
1462,Catharina Strupp,female
1463,Anna Wagener,female
1464,John Peter Schreiber,male
1465,Maria Magdalene Schreiber,female
1466,Henry Peter,male
1467,Elizabeth Peter,female
1468,John Gerlach Drauth,male
1469,Maria Catherine Drauth,female
1470,Christian Haushalter,male
1471,Anna Barbara Haushalter,female
1472,Caspar Weyberg,male
1473,Harmen Orner,male
1474,Anna Margaret Orner,female
1475,Henry Sched,male
1476,Christina Sched,female
1477,Catharina Justus,female
1478,[noname] Masi,unknown
1479,Wife Of [noname] Maus,unknown
1480,Christian Mintel,male
1481,Maria Mintel,female
1482,Esther Oberdorf,female
1483,Magdalena Knies,female
1484,Veronica Lohman,female
1485,John Ernest Diel,male
1486,Anna Catherine Diel,female
1487,Philip Reiss,male
1488,John Conrad Stein,male
1489,Magdalena Stein,female
1490,Francis Schafer,male
1491,Elizabeth Schafer,female
1492,Magdalena Lefeber,female
1493,Jacob Fanz,male
1494,Catharina Fanz,female
1495,Ludwig Pfistler,male
1496,Margaret Pfistler,female
1497,John Koch,male
1498,Anna Barbara Koch,female
1499,Barbara Vogel,female
1500,Frederick Locher,male
1501,Maria Barbara Locher,female
1502,Frederick Faselong,male
1503,Anna Margaret Faselong,female
1504,Carl Chagard,male
1505,John Henry Scheider,male
1506,Maria Juliana Scheider,female
1507,Ulrich Ranger,male
1508,Christina Ranger,female
1509,Elizabeth Keyser,female
1510,George Eulert,male
1511,Wife Of George Eulert,unknown
1512,Maria Ottenheimer,female
1513,Maria Anna Pfister,female
1514,John Frantz Schafner,male
1515,Elizabeth Magdalene Schafner,female
1516,[noname] Buchert,unknown
1517,Maria Margaret Buchert,female
1518,Julius Korper,male
1519,Catharina Korper,female
1520,George Bachofen,male
1521,Sara Bachofen,female
1522,Maria Elizabeth Scheller,female
1523,Ludwig Roth,male
1524,Anna Margaret Waespi,female
1525,John Mervin,male
1526,Wife Of John Mervin,unknown
1527,Conrad Steltz,male
1528,Catharina Steltz,female
1529,George Wilki,male
1530,Daniel Tielman,male
1531,Christina Tielman,female
1532,John Fiscus,male
1533,Catharina Fiscus,female
1534,John Heins,male
1535,Christian Joung,male
1536,Maria Magdalene Joung,female
1537,Gustaviana Graf,unknown
1538,Christina Maria Miehler,female
1539,Anna Catherine Hoffman,female
1540,Frederick Arnbach,male
1541,Wife Of Frederick Arnbach,unknown
1542,William Wolff,male
1543,Giny Jenny Abel,unknown
1544,Caspar Coelling,male
1545,Catharina Coelling,female
1546,Carl Gambestein,male
1547,Michael Forner,male
1548,Maria Forner,female
1549,Abraham Huser,male
1550,Christina Huser,female
1551,Ludwig Mohr,male
1552,Maria Mohr,female
1553,John Widerstein,male
1554,Barbara Tauber,female
1555,Simon Schellenberger,male
1556,Elizabeth Schellenberger,female
1557,Maria Catherine Rori,female
1558,John Walter,male
1559,Maria Walter,female
1560,John George Krauskopf,male
1561,Catharina Sibylla Popi,female
1562,John Peter Frey,male
1563,Barbara Frey,female
1564,Jacob Ryan,male
1565,Catharina Ryan,female
1566,Philip Schreiber,male
1567,Elizabeth Schrott,female
1568,George Sisler,male
1569,Maria Sisler,female
1570,Elizabeth Grebil,female
1571,Ludwig Pfister,male
1572,Margaret Pfister,female
1573,George Jacob Hausmann,male
1574,Wife Of George Jacob Hausmann,unknown
1575,John Adam Bruchhauser,male
1576,Anna Maria Bruchhauser,female
1577,John Haan,male
1578,Elizabeth Haan,female
1579,Daniel Haan,male
1580,Wife Of Daniel Haan,unknown
1581,Michael Planckenhahn,male
1582,Magdalena Planckenhahn,female
1583,Anna Maria Alster,female
1584,Caspar Wacke,male
1585,John George Schaub,male
1586,Anna Elizabeth Schaub,female
1587,John Christian Haan,male
1588,Hannah Margaret Haan,female
1589,Peter Schreiber,male
1590,Bernard Kehr,male
1591,Catharina Kehr,female
1592,Anna Maria Schafer,female
1593,Philip Tippo,male
1594,Elizabeth Tippo,female
1595,Jacob Wollenschleger,male
1596,Hannah Wollenschleger,female
1597,Henry Flecke,male
1598,Frederick Paul,male
1599,Elizabeth Paul,female
1600,John Jacob Enck,male
1601,Andrew Bengel,male
1602,Anna Elizabeth Bengel,female
1603,John Christian Schneider,male
1604,Maria Elizabeth Schneider,female
1605,Christian Hartman,male
1606,Susanna Hartman,female
1607,Michael Thor,male
1608,Hannah Thor,female
1609,John Frederick Allenbach,male
1610,Anna Maria Allenbach,female
1611,Samuel Layon,male
1612,Charlotte Layon,female
1613,George Stadler,male
1614,Anna Elizabeth Stadler,female
1615,John Philipse Jacob,male
1616,Catharina Marckhart,female
1617,Abraham Tippo,male
1618,Maria Tippo,female
1619,John Ludwig Schmick,male
1620,Rachel Schmick,female
1621,Maria Pfister,female
1622,John Sprauth,male
1623,Hannah Sprauth,female
1624,Frederick Simon,male
1625,Wife Of Frederick Simon,unknown
1626,Jacob Wever,male
1627,Elizabeth Wever,female
1628,Rosina Mohr,female
1629,Valentyn Braun,male
1630,Regina Braun,female
1631,Christian Jauch,male
1632,Maria Magdalene Jauch,female
1633,Elizabeth Bekker,female
1634,John Pfau,male
1635,Anna Elizabeth Pfau,female
1636,John Jacob Roth,male
1637,Wife Of John Jacob Roth,unknown
1638,George Gangewer,male
1639,Magdalena Gangewer,female
1640,William Beltz,male
1641,Catharina Beltz,female
1642,George Zeissiger,male
1643,Anna Maria Margaret Zeissiger,female
1644,Rosina Foot,female
1645,John Gerlach Kern,male
1646,Barbara Kern,female
1647,Philip Casper Euler,male
1648,Susanna Euler,female
1649,Anna Catherine Schmied,female
1650,Henry Borcki,male
1651,Maria Magdalene Borcki,female
1652,Christian Kehr,male
1653,Elizabeth Kehr,female
1654,Henry Strohman,male
1655,Elizabeth Strohman,female
1656,Anna Margaret Galli,female
1657,Catharina Haan,female
1658,Johanna Waal,female
1659,Michael Fanz,male
1660,Rebecca Fanz,female
1661,Gustava Johanna Graf,female
1662,Daniel Kelman,male
1663,Christina Kelman,female
1664,Thomas Schie,male
1665,Sally Brunner,female
1666,Timothe Silowen,unknown
1667,Anna Margaret Reiman,female
1668,Barbara Haushalter,female
1669,Peter Bekker,male
1670,Maria Weyberg,female
1671,Philip Schrott,male
1672,John Michael Prattler,male
1673,Christina Prattler,female
1674,John Just Wind,male
1675,Anna Elizabeth Wind,female
1676,John Peter Aman,male
1677,Anna Maria Aman,female
1678,Maria Kehr,female
1679,Philip Sisler,male
1680,Henry Hamerich,male
1681,Barbara Hamerich,female
1682,Anna Catherine Strohauer,female
1683,[noname] Eschelman,unknown
1684,Catharina Eschelman,female
1685,Jacob Werntz,male
1686,Rebecca Grieder,female
1687,John George Penther,male
1688,William Runckel,male
1689,Catharina Runckel,female
1690,Ulrich Ronner,male
1691,Christina Ronner,female
1692,Thomas Zeiner,male
1693,Anna Maria Zeiner,female
1694,Tibi Tabitha Stryker,unknown
1695,John Jacob Jud,male
1696,Eva Catherine Jud,female
1697,Abraham Wilt,male
1698,Elizabeth Wilt,female
1699,Michael Kammer,male
1700,Eva Salome Kammer,female
1701,Veronica Bayer,female
1702,Felix Fenner,male
1703,Maria Of Fenner,female
1704,Rory Rori,male
1705,Wife Of Rori,unknown
1706,Francisca Maus,female
1707,Jacob Penther,male
1708,Hannah Penther,female
1709,William Torner,male
1710,Susanna Torner,female
1711,John Schneider,male
1712,Maria Sophia Schneider,female
1713,Henry Domminick,male
1714,Elenor Domminick,female
1715,Frederick Allenbach,male
1716,Maria Allenbach,female
1717,Peter Reusch,male
1718,Anna Margaret Reusch,female
1719,John Warmer,male
1720,John Kuehn,male
1721,Anna Catherine Schuehlin,female
1722,Caspar Schuessler,male
1723,Regina Schuessler,female
1724,John Roscher,male
1725,Magdalena Roscher,female
1726,John Jacob Behringer,male
1727,Anna Behringer,female
1728,Peter Cober,male
1729,Catharina Cober,female
1730,Henry Widerstein,male
1731,Anna Widerstein,female
1732,John Sinck,male
1733,Elizabeth Sinck,female
1734,Margaret Sinck,female
1735,Peter Osius,male
1736,Magdalena Osius,female
1737,George Philipse Stoadtinger,male
1738,Magdalena Stoadtinger,female
1739,William Rupp,male
1740,Anna Magdalene Tauenheimer,female
1741,Philippina Blum,unknown
1742,Frederick Daniel Locher,male
1743,Barbara Locher,female
1744,John Adam Alberger,male
1745,Maria Elizabeth Alberger,female
1746,Balthazar Ravener,unknown
1747,Elizabeth Ravener,female
1748,Paulus Schneider,male
1749,Helena Schneider,female
1750,Maria Catherine Mesmer,female
1751,Jacob Ehbregt,male
1752,Wife Of Jacob Ehbregt,unknown
1753,John Armbruster,male
1754,Catharina Armbruster,female
1755,Michael Blanckenagel,male
1756,Magdalena Blanckenagel,female
1757,Henry Pollbach,male
1758,Wife Of Henry Pollbach,unknown
1759,Martin Thoma,male
1760,Anna Thoma,female
1761,Anna Wollenschleger,female
1762,George [noname],male
1763,Wife Of George,unknown
1764,Frederick Mielefeld,male
1765,Margaret Mielefeld,female
1766,Liberta Kuehn,unknown
1767,Margaret Jotz,female
1768,John Ahrs,male
1769,Anna Margaret Gerret,female
1770,Maria Magdalene Kehr,female
1771,Peter Bart,male
1772,Magdalena Bart,female
1773,Rosina Teis,female
1774,John Pollebacher,male
1775,Catharina Pollebacher,female
1776,Ludwig Schmick,male
1777,Anna Waal,female
1778,Jacob Kommerer,male
1779,Maria Kommerer,female
1780,Elenor Haan,female
1781,John Kramp,male
1782,Dorothea Kramp,female
1783,Harmanus Leck,unknown
1784,Maria Magdalene Leck,female
1785,Wendel Zerban,male
1786,Catharina Zerban,female
1787,Magdalena Borcki,female
1788,John George Schaaf,male
1789,Anna Elizabeth Schaaf,female
1790,Jacob Schallus,male
1791,Wife Of Jacob Schallus,unknown
1792,Jacob Bligestorfer,male
1793,Ursula Bligestorfer,female
1794,Jacob Wolff,male
1795,Louisa Wolff,female
1796,Philip Kreutzweis,male
1797,Catharina Kreutzweis,female
1798,Isaac Wetzstein,male
1799,Margaret Wetzstein,female
1800,Philip Worn,male
1801,Maria Worn,female
1802,Jacob Ehringer,male
1803,Anna Ehringer,female
1804,Andrew Schneider,male
1805,Anna Maria Schneider,female
1806,John Conrad Spangenberg,male
1807,Maria Alster,female
1808,Christian Jentzer,male
1809,Susanna Jentzer,female
1810,Zacharias Endres,male
1811,Anna Maria Endres,female
1812,Samuel Popi,male
1813,Alexander Mohr,male
1814,Carpenter Warden,unknown
1815,Johanna Kern,female
1816,Maria Magdalene Rupp,female
1817,Gottfried Gobeler,male
1818,Anna Catherine Gobeler,female
1819,Maria Justus,female
1820,Philip Jacob Tippo,male
1821,George Wever,male
1822,Catharina Wever,female
1823,George Pfau,male
1824,Anna Pfau,female
1825,Carl Hoegst,male
1826,Anna Hoegst,female
1827,Jacob Brunner,male
1828,Elizabeth Brunner,female
1829,Hannah Terri,female
1830,John Peter Nannetter,male
1831,Elizabeth Nannetter,female
1832,Maria Oberdorf,female
1833,John Froelich,male
1834,Christina Froelich,female
1835,Elizabeth Stadler,female
1836,Harmen Johnston,male
1837,Wife Of Herman Johnston,unknown
1838,John Peter Miltenberger,male
1839,Susanna Miltenberger,female
1840,Margaret Galli,female
1841,Carl Rudy,male
1842,Maria Charlotte Rudy,female
1843,John Reusch,male
1844,Maria Reusch,female
1845,Michael Farmer,male
1846,Maria Farmer,female
1847,Philip Jacob Birckenmeyer,male
1848,Catharina Birckenmeyer,female
1849,Andrew Miehler,male
1850,Apollonia Miehler,female
1851,William Paul,male
1852,Ludwig Teis,male
1853,Anna Of Teis,female
1854,William Stoadtinger,male
1855,Nicholas Reusch,male
1856,Juliana Reusch,female
1857,George Michael Gamber,male
1858,Caspar Silvius,male
1859,Dorothea Silvius,female
1860,William Rau,male
1861,Maria Elizabeth Rau,female
1862,Edward Eyerli,male
1863,Margaret Schneider,female
1864,John Michael Stetzenbach,male
1865,Margaret Stetzenbach,female
1866,Jacob Pieterse,male
1867,Johanna Pieterse,female
1868,Henry Schreiber,male
1869,Catharina Schreiber,female
1870,Anna Wind,female
1871,Jacob Bender,male
1872,Hannah Bender,female
1873,Salome Bachofen,female
1874,John Peter Eschman,male
1875,Anna Maria Eschman,female
1876,Jacob Warden,male
1877,Christina Roth,female
1878,Frederick Seen,male
1879,Maria Seen,female
1880,[noname] Gangewer,unknown
1881,Charles Hunter,male
1882,Catharina Hunter,female
1883,Peter Haern,male
1884,John Kretz,male
1885,Maria Margaret Kretz,female
1886,Michael Prattler,male
1887,John Henry Kram,male
1888,Anna Magdalene Kram,female
1889,George Thor,male
1890,Maria Thor,female
1891,William Reusch,male
1892,Catharina Reusch,female
1893,John Vlenieken,male
1894,Margaret Vlenieken,female
1895,John Ulrich Riemer,male
1896,Anna Christine Riemer,female
1897,George Schneider,male
1898,Hannah Abel,female
1899,Jacob Maag,male
1900,Maria Maag,female
1901,Gottfried Schuessler,male
1902,Elizabeth Schuessler,female
1903,Adam Mohr,male
1904,Frederick Haller,male
1905,Catharina Wilhelmina Haller,female
1906,Leonard Rupp,male
1907,Susanna Rupp,female
1908,Adam Schuetz,male
1909,Wife Of Adam Schuetz,unknown
1910,Maria Wetzstein,female
1911,Jacob Mills,male
1912,Anna Mills,female
1913,John Just Schmied,male
1914,Magdalena Tippo,female
1915,John Wilson,male
1916,Ottilia Wilson,female
1917,Jacob Cliver,male
1918,Maria Cliver,female
1919,Ludwig Reinick,male
1920,Maria Elizabeth Reinick,female
1921,Bernard Kaerth,male
1922,Catharina Kaerth,female
1923,Adam Terri,male
1924,Catharina Terri,female
1925,Elizabeth Altburger,female
1926,Maria Orner,female
1927,Harmen Leck,male
1928,Margaret Mercker,female
1929,Elizabeth Reiss,female
1930,John Conrad Steinmetz,male
1931,Magdalena Steinmetz,female
1932,Anna Maria Seen,female
1933,Jacob Maerkli,male
1934,Martin [noname],male
1935,Michael Dietrich,male
1936,Philip Jacob Beidenman,male
1937,John Williger,male
1938,Frederick Wagener,male
1939,John Voegle,male
1940,John Weber,male
1941,Conrad Pitschen,male
1942,Abraham Pollebacher,male
1943,John Fuchs,male
1944,Henry Steinmetz,male
1945,William Hufnagel,male
1946,Frederick Schuetz,male
