id,name
0,Jacob Kern
1,Catharina Schneider
2,John Bekker
3,Catharina Bekker
4,William Gerhard
5,Maria Catherine Gugger
6,Adam Herwitt
7,Margaret Schmied
8,John Schweindt
9,Anna Elizabeth Schweindt
10,Jacob Bum
11,Maria Elizabeth Bum
12,Jacob Hausmann
13,Maria Barbara Smith
14,Michael Haan
15,Maria Catherine Haan
16,Peter Nygh
17,Catharina Wykop
18,Valentyn Leonhardt
19,Elizabeth Wallacher
20,John George Brunner
21,Maria Brunner
22,Philip Andre
23,Magdalena Andre
24,David Ivens
25,Elizabeth Conrad
26,Richard Meigs
27,Catharina Heims
28,Christopher Scheibler
29,Barbara Margaret Meininger
30,Ludwig German
31,Catharina German
32,Henry Rohrer
33,Margaret Rohrer
34,George Theobald Hoffstetler
35,Anna Maria Hoffstetler
36,Michael Schlatter
37,Maria Schleydorn
38,John Philipse Weinheimer
39,Anna Barbara Jantzen
40,John Henry Klemer
41,Anna Klemer
42,Caspar Bindschaedler
43,Catharina Fischer
44,John Peter Mohr
45,Margaret Mohr
46,Conrad Bekker
47,Martin Grieder
48,Adelhait Hoffman Saehly
49,Michael Bekker
50,Anna Margaret Kleyn
51,John Beisser
52,Anna Maria Slieman
53,George Bekker
54,Margaret Bekker
55,John Peter Pfeiffer
56,Anna Maria Pfeiffer
57,John Jacob Walter
58,Anna Catherine Gultin
59,Mattheus Sehrot
60,Anna Maria Braun
61,Peter Wegelin
62,Anna Margaret Wegelin
63,Peter Tauber
64,Anna Maria Tauber
65,John Bernard Lauberschweiler
66,Jacob Utre
67,John Steigenberger
68,Margaret Wiedmer
69,Valentyn Smith
70,Elizabeth Hug
71,Philip Peter Walter
72,Anna Maria Walter
73,Nicholas Riebel
74,Susanna Maria Riebel
75,Ulrich Seibel
76,Susanna Seibel
77,John Peter Haan
78,Anna Margaret Haan
79,John Jacob Rau
80,Anna Maria Rau
81,Christian Zuder
82,Magdalena Zuder
83,John Jacob Fisler
84,Sophia Kleyn
85,Theobald Diel
86,Anna Barbara Diel
87,John Wolff
88,Anna Utre
89,Frederick Thor
90,Sybil Thor
91,Antoine Herb
92,Eva Grobheuter
93,John Conrad
94,Rachel Wegman
95,Andrew Klemer
96,Catharina Dietrich
97,John George Bender
98,Sophia Bender
99,Leonard Melchior
100,Anna Maria Kleyn
101,John Stryker
102,Anna Wernem
103,Daniel Steinmetz
104,Anna Maria Scherer
105,Jacob Hess
106,Elizabeth Lomay
107,Jacob Daubendistel
108,Barbara Daubendistel
109,Jacob Frack
110,Susanna Frack
111,Rudolph Buchy
112,Catharina Egg
113,Caspar Weidman
114,Johanna Job
115,Valentyn Trop
116,Catharina Deling
117,Caspar Bossart
118,Deborah Jokom
119,Anna Barbara Weinheimer
120,John Beltz
121,Anna Gertrude Kern
122,Wilhelmina Bouton
123,Valentyn Bayer
124,Wife Of Valentine Bayer
125,Samuel Zuder
126,Elizabeth Faricht
127,John George Schneider
128,Verena Haeffelfinger
129,Alexander Satler
130,Elizabeth Satler
131,Jacob Pfister
132,Magdalena Unbehand
133,Adam Schneider
134,Nicholas Jost
135,Catharina Class
136,Francis Jay
137,Anna Elizabeth Leineweber
138,Adam Keck
139,Anna Margaret Keck
140,John Dewald
141,Anna Maria Dewald
142,Anna Maria Galli
143,John Gerhard Schneider
144,Maria Catherine Stamm
145,John Joseph Blacher
146,Anna Magdalene Dantzenbecher
147,Henry Klemer
148,Anna Maria Klemer
149,John Christian Birkenbeil
150,Maria Elizabeth Birkenbeil
151,Ulrich Mischler
152,Elenor Miehler
153,Christian Lentz
154,Barbara Lentz
155,Henry Bayer
156,Catharina Reiss
157,Henry Glenz
158,Susanna Glenz
159,John Meininger
160,Anna Maria Meininger
161,John Friederich
162,Susanna Neig
163,John Haselvang
164,Anna Maria Schmied
165,Simon Pilanus
166,Catharina Pilanus
167,Jacob Weidman
168,Catharina Fayfard
169,John Moses Ganty
170,Margaret Baldrick
171,John Michael Hartman
172,Wilhelmina Sophia Kisewetter
173,Frederick Maus
174,Susanna Margaret Weber
175,Andrew Gempeler
176,Susanna Maria Olabacher
177,Henry Weinheimer
178,Anna Maria Kuentz
179,John Peter Magold
180,Elizabeth Stern
181,John Grieder
182,Elizabeth Nuesli
183,Christian Matthew Gobeler
184,Anna Margaret Leutspach
185,John Waal
186,Anna Margaret Greininger
187,John William Weber
188,Christian Baechlein
189,Catharina Froelich
190,Frederick Haan
191,Susanna Fischer
192,Nicholas Leiser
193,Anna Catherine Leiser
194,John Rudy
195,Regina Naef
196,Jacob Remy
197,Margaret Strohauer
198,John Michael Schwob
199,Catharina Christine Volz
200,Conrad Geidlinger
201,Apollonia Geidlinger
202,Jacob Waisner
203,Anna Buser Waisner
204,Jacob Sched
205,Anna Margaret Sched
206,Maria Slieman
207,Christian Van Erden
208,Maria Catherine Boleman
209,Jacob Reuthlinger
210,Wife Of Jacob Reuthlinger
211,Albert Lutz
212,Wife Of Albert Lutz
213,John Jacob Sisler
214,Gartner Gartner
215,Wife Of Gartner
216,Thomas Bruch
217,Dorothea Seen
218,Anna Elizabeth Schneider
219,John Meggendorfer
220,Dorothea Meggendorfer
221,Dorothea Neig
222,George Brunner
223,Anna Maria Tritt
224,Philip Satler
225,Anna Barbara Bekker
226,Rudolph Ramp
227,Wife Of Rudolph Ramp
228,Mattheus Abel
229,Anna Margaret Wilt
230,Etienne Consul
231,Anna Van Den Berger
232,Jacob Walter
233,Catharina Walter
234,Robert Robert
235,Wife Of Robert
236,Mattheus Stitwohl
237,Maria Magdalene Schafer
238,Peter Wilhelm
239,Dorothea Wilhelm
240,Sebastian Faeh
241,Sophia Heckman
242,John Henry Seidensticker
243,Anna Catherine Seidensticker
244,John Ernest Kraemer
245,Anna Of Theiss
246,Michael Rumel
247,Magdalena Erhard
248,John Martin Obersteg
249,Catharina Of Obersteg
250,Barbara Scheidegger
251,Caspar Klockner
252,Susanna Berger
253,John Graf
254,John George Kraemer
255,Barbara Krebs
256,John Jacob Hill
257,Anna Maria Paul
258,Peter Haan
259,Anna Margaret Smith
260,Balthazar Kern
261,Johanna Lorman
262,Peter Schweighard
263,Elizabeth Wiedmer
264,Jacob Prank
265,Margaret Wohlsläger
266,Anna Catherine Kern
267,Maria Elizabeth Magold
268,John Huth
269,Wife Of John Huth
270,Henry Zuder
271,Elizabeth Mann
272,Mattheus Kolb
273,Maria Bayer
274,Valentyn Schmied
275,Elizabeth Schmied
276,John Peter Steigenberger
277,Thomas Rothaar
278,Susanna Ulrich
279,John Peter Obersteg
280,Anna Maria Regelsperger
281,Philip Weinheimer
282,Wife Of Philip Weinheimer
283,Maria Elizabeth Diel
284,Mattheus Schrott
285,Adelhait Hoffman
286,John Grebil
287,Elizabeth Prank
288,Christian Gelliger
289,Elizabeth Bartholomae
290,Henry Schiffler
291,Catharina Hoffman
292,Abraham Ab Der Halden
293,Elizabeth Scherer
294,Jacob Roth
295,Maria Clara Roth
296,John Christian Sisler
297,Elizabeth Sisler
298,John Jacob Seelbach
299,Anna Maria Seelbach
300,John George Miltenberger
301,Anna Margaret Christman
302,Frederick David Schakar
303,Elizabeth Sar
304,John Prank
305,Maria Christine Roland
306,John Rudolf Forer
307,Salome Haller
308,Elizabeth Gobeler
309,John Hoffman
310,Sara Paul
311,Magdalena Hoffman
312,Margaret Grieder
313,Philip Haller
314,Anna Crellius
315,John Ruebsamen
316,Anna Frauenfelder
317,Jacob Reinhold
318,Elizabeth Catherine Knies
319,Jacob Bleikenstorffer
320,Ursula Rudy
321,Christian Lutz
322,Anna Maria Koch
323,Michael Kress
324,Anna Elizabeth Unbehand
325,Ludwig Schroeder
326,Schroeder Schroeder
327,Sirach Tschudy
328,Barbara Madoeri
329,Peter Karg
330,Anna Barbara Karg
331,Arnold Kraemer
332,Anna Kunigunda Wagener
333,Martin Weissenbach
334,Eva Elizabeth Weissenbach
335,Abraham Reinhard
336,Eva Maria Galli
337,John Wuergler
338,Verena Mann
339,Jacob Huser
340,Anna Sorber
341,Henry Brunner
342,Barbara Meschinger
343,Jacob Saehly
344,Barbara Businger
345,Carl Ludwig Weiss
346,Elizabeth Heid
347,John Schlatter
348,Verena Naef
349,John Piere Rolief
350,Margaret Bosset
351,Jacob Stamm
352,Sabina Tines
353,John Ludwig Hess
354,Anna Maria Hess
355,John Spaeth
356,Anna Sophia Spaeth
357,Joseph Funk
358,Anna Magdalene Froelich
359,Isaac Burgund
360,Elizabeth Nicolaus
361,John George Drescher
362,Anna Maria Swalb
363,Henry Rieg
364,John Rudolf Ruebsamen
365,Valentyn Hoffman
366,Anna Maria Prank
367,Joost Miehler
368,Catharina Beisser
369,Wife Maria Schleydorn
370,Daniel Baechlein
371,Catharina Kleyn
372,John Schrick
373,Henry Bachman
374,Bachman Bachman
375,Jacob Kress
376,Margaret Paul
377,Conrad Schlemer
378,Catharina Eleonora Swed
379,Maria Magdalene Bekker
380,Isaac Lefeber
381,Magdalena Seiffert
382,Abraham Sewitz
383,David Jurnal
384,Maria Frey
385,Peter Magold
386,Maria Elizabeth Stern
387,Balthazar Selzer
388,Maria Selzer
389,Carl Gaemperli
390,Maria Magdalene Steinmetz
391,John George Kramp
392,Sophia Kramp
393,Philip Elgard
394,Anna Catherine Elgard
395,Margaret Gobeler
396,Anna Margaret Bayer
397,Conrad Maag
398,Elizabeth Maag
399,William Klampfert
400,Elizabeth Klampfert
401,Daniel Reiss
402,Anna Reiss
403,Martin Waal
404,Anna Sibylla Waal
405,Rudolph Huber
406,Elizabeth Huber
407,Andrew Hill
408,Elizabeth Hill
409,Jacob Kloeti
410,Anna Maria Kloeti
411,Andrew Oberdorf
412,Maria Esther Oberdorf
413,Regina Rudy
414,Elizabeth Smith
415,Martin Weisbach
416,Eva Elizabeth Weisbach
417,John Schreiber
418,Elizabeth Schreiber
419,Jacob Ruegy
420,Barbara Ruegy
421,Caspar Scherer
422,Barbara Scherer
423,John Loehr
424,Elizabeth Loehr
425,John Just Orlop
426,Elizabeth Orlop
427,Jacob Bayer
428,Verena Bayer
429,Conrad Smith
430,Catharina Smith
431,Jacob Waespi
432,Wife Of Jacob Waespi
433,Peter Diel
434,Susanna Diel
435,John Jacob Mitschet
436,Catharina Mitschet
437,Michael Weber
438,Catharina Weber
439,Rosina Bindschaedler
440,John Jacob
441,Maria Catherine Jacob
442,John Bernard Haan
443,Anna Maria Haan
444,George Wacke
445,Anna Elizabeth Wacke
446,Philip Sulzbach
447,Catharina Sulzbach
448,John Bigonet
449,Catharina Bigonet
450,Nicholas Hess
451,Wilhelmina Hess
452,Catharina Leiser
453,Philip Bum
454,Anna Maria Bum
455,Gertrud Beltz
456,John Frederick Schitt
457,Barbara Schitt
458,Jacob Renot
459,Catharina Renot
460,Albrecht Eschelman
461,Anna Eschelman
462,George Nonius
463,Barbara Nonius
464,John Peter Loehr
465,Anna Catherine Loehr
466,John Brandt
467,Rosina Brandt
468,Eva Weyn
469,Peter Du Corbier
470,Maria Corbier
471,George Weyn
472,Margaret Weyn
473,Abraham Eschelman
474,Susanna Eschelman
475,George Fanz
476,Elizabeth Fanz
477,Mattheus Hill
478,Magdalena Hill
479,Jacob Hill
480,Anna Maria Hill
481,Victoria Charlotte Muentz
482,Christian Gugger
483,Elizabeth Gugger
484,John Seibold
485,Elizabeth Seibold
486,Jacob Weyn
487,Anna Elizabeth Weyn
488,Henry Maag
489,Wife Of Henry Maag
490,Bernard Iserlo
491,Barbara Iserlo
492,Ulrich Jaegli
493,Wife Of Ulrich Jaegli
494,Mattheus Graf
495,Anna Barbara Graf
496,Peter Clauser
497,Elizabeth Clauser
498,Joseph Tschop
499,Anna Maria Christina Tschop
500,Andrew Hertzog
501,Barbara Hertzog
502,Philip Bekker
503,Anna Maria Bekker
504,Frederick Lutz
505,Maria Lutz
506,John Peter Paris
507,Maria Magdalene Paris
508,Henry Seibel
509,Charlotte Seibel
510,Henry Rothaar
511,Anna Maria Rothaar
512,Leonard Melchert
513,Anna Maria Melchert
514,George Schaaf
515,Anna Maria Schaaf
516,Paulus Hochstrasser
517,Elizabeth Hochstrasser
518,Carl Zuder
519,Catharina Zuder
520,William Strembeck
521,Anna Juliana Strembeck
522,Mattheus Assen
523,Elizabeth Assen
524,Jacob Schreiber
525,Dorothea Schreiber
526,Peter Walter
527,Susanna Maria Rieg
528,John Ulrich Klezel
529,Anna Klezel
530,John George Strohauer
531,Catharina Strohauer
532,Peter Lutz
533,Louisa Lutz
534,John Sisler
535,Catharina Sisler
536,Frederick Heimer
537,Catharina Heimer
538,Adam Stryker
539,Elizabeth Stryker
540,Henry Schettel
541,Barbara Schettel
542,Philip Werns
543,Magdalena Werns
544,Elizabeth Grieder
545,George Bender
546,Barbara Bender
547,Ludwig Karcher
548,Mariana Catherine Karcher
549,Adam Erhard
550,Catharina Erhard
551,Daniel Scheller
552,Johanna Scheller
553,Jacob Kopp
554,Maria Elizabeth Kopp
555,Anna Margaret Roschon
556,Caspar Vetter
557,Rachel Vetter
558,John Steinmetz
559,Maria Steinmetz
560,Caspar Henrich
561,Margaret Henrich
562,Philip Doringer
563,Susanna Doringer
564,George Casper Heist
565,Maria Johanna Heist
566,Catharina Baechlein
567,Michael Miehler
568,Maria Ursula Miehler
569,John William Miehler
570,Maria Elizabeth Miehler
571,Michael Stigel Remy
572,Maria Elizabeth Remy
573,Christopher Foot
574,Catharina Foot
575,George Bouton
576,Elizabeth Bouton
577,John Hess
578,Elizabeth Margaret Hess
579,John Conrad Smith
580,Maria Rosina Smith
581,Anna Margaret Abel
582,Samuel Neitlinger
583,Maria Elizabeth Neitlinger
584,Dilman Beck
585,Elizabeth Catherine Beck
586,Magdalena Rumel
587,Ludwig Hess
588,Catharina Hess
589,Conrad Dups
590,Esther Dups
591,Henry Doquenet
592,Maria Doquenet
593,John Jacob Stucki
594,Maria Catherine Stucki
595,Daniel Erhard
596,Margaret Erhard
597,Maria Magdalene Zuder
598,David Weidman
599,Sara Weidman
600,Henry Gampert
601,Maria Magdalene Gampert
602,William Lomay
603,Eva Lomay
604,Rudolph Naef
605,Anna Naef
606,Jacob Naef
607,Elizabeth Magold
608,Henry Mixenel
609,Wife Of Henry Mixenel
610,John Gerlach
611,Anna Maria Gerlach
612,George Wirth
613,Salome Wirth
614,Elizabeth Bum
615,William Kner
616,Gertrud Kner
617,Joseph Nagle
618,Maria Barbara Nagle
619,George Michael Gampert
620,Elizabeth Gampert
621,Michael Stahl
622,Maria Stahl
623,Albrecht Hilligass
624,Catharina Hilligass
625,Edward Williams
626,Wife Of Edward Williams
627,Jacob Mohr
628,Elizabeth Mohr
629,Christopher Graefli
630,Catharina Graefli
631,Christian Ritz
632,Philippina Ritz
633,George Krauskopf
634,Wife Of George Krauskopf
635,Peter Iserlo
636,Louisa Iserlo
637,Jacob Keyser
638,Catharina Keyser
639,Sebastian Wildfang
640,Maria Christine Wildfang
641,George Mercker
642,Anna Maria Mercker
643,Philip Stein
644,Margaret Stein
645,Philip Seibold
646,Maria Seibold
647,Wilbert Lutz
648,Catharina Lutz
649,Jacob Schaub
650,Elizabeth Schaub
651,Philip Moser
652,Sophia Moser
653,Margaret Sisler
654,Tobias Ecken
655,Elizabeth Ecken
656,Henry Gramlich
657,Wife Of Henry Gramlich
658,Christina Haan
659,Philip Schneider
660,Philip Lukas
661,Sophia Lukas
662,John Frederick Bekker
663,Maria Christine Bekker
664,John Mohr
665,Juliana Mohr
666,Michael Feeman
667,Maria Catherine Feeman
668,John Casper Klockner
669,Susanna Klockner
670,John Hug
671,David Festinger
672,Anna Maria Festinger
673,Philip Allberger
674,Margaret Berger
675,Henry Grob
676,Catharina Grob
677,Frederick Riemer
678,Christina Riemer
679,Margaret Kress
680,Henry Schueman
681,Catharina Schueman
682,Christina Loehr
683,George Nomins
684,Barbara Nomins
685,George Flecke
686,Catharina Flecke
687,John Valentine Kern
688,Anna Margaret Kern
689,William Lorentz
690,Anna Elizabeth Lorentz
691,Conrad Weiss
692,Christina Weiss
693,Henry Ernd
694,Elizabeth Ernd
695,Jacob Brandt
696,Elizabeth Brandt
697,Anna Maria Jurnal
698,Adam Lutz
699,Maria Rucht
700,Henry Eyerli
701,Margaret Eyerli
702,Nicholas Schreiber
703,Anna Maria Gamber
704,Peter Fiess
705,Anna Maria Fiess
706,John George Hoffman
707,Elizabeth Hoffman
708,John Schie
709,Anna Margaret Schie
710,Jacob Utrich
711,Wilhelmina Utrich
712,Martin Fischer
713,Anna Fischer
714,Frederick Weinhold
715,Catharina Weinhold
716,John George Kram
717,Susanna Kram
718,David Zimmerman
719,Anna Maria Zimmerman
720,John Peter Blumer
721,Anna Magdalene Blumer
722,George Prank
723,Catharina Prank
724,Adam Miehler
725,Anna Maria Miehler
726,Robert Cober
727,Marethe Juncker
728,Martin Reichart
729,Maria Sara Reichart
730,Philip Flecke
731,Gertrud Flecke
732,Sophia Spaeth
733,John Rehrig
734,Maria Catherine Rehrig
735,Anna Brunner
736,Nicholas Bender
737,Margaret Bender
738,Christian Fiess
739,John George Knoch
740,Anna Margaret Knoch
741,Elizabeth Schrick
742,Conrad Schneider
743,Philippina Schneider
744,William Loescher
745,Regina Loescher
746,John Mesmer
747,Catharina Mesmer
748,Frederick Scherer
749,Maria Scherer
750,John Henry Junt
751,Elizabeth Junt
752,Daniel Weber
753,John Carl Chagard
754,Maria Barbara Chagard
755,Margaret Scheibler
756,George Thomas Heimberger
757,Anna Margaret Heimberger
758,Richard Hoffman
759,Anna Margaret Hoffman
760,Philip Burckhard
761,Margaret Burckhard
762,George Justus
763,Anna Margaret Justus
764,Jacob Werns
765,Catharina Werns
766,Frederick Tauber
767,Anna Barbara Tauber
768,Daniel Ott
769,Maria Magdalene Ott
770,John Adam Schwob
771,Margaret Schwob
772,Anna Elizabeth Roth
773,John Seen
774,Mattheus Butterfass
775,Maria Magdalene Butterfass
776,Bernard Lauberschweiler
777,Maria Lauberschweiler
778,Henry Smith
779,Charlotte Smith
780,Wife Of John Ruebsamen
781,Kiliaan Wolff
782,Magdalena Wolff
783,Daniel Utre
784,Wife Of Daniel Utre
785,Mattheus Sisler
786,Anna Maria Sisler
787,William Burckhard
788,Anna Catherine Burckhard
789,Christian Roth
790,Elizabeth Roth
791,Mattheus Fackert
792,Anna Margaret Fackert
793,Vincent Kuehn
794,Magdalena Heims
795,John Ludwig Keiler
796,Catharina Keiler
797,Philip Schlatter
798,Veronica Schlatter
799,Anna Maria Smith
800,Daniel Hug
801,Henry Miehler
802,Catharina Eleonora Schlemer
803,Henry Steltz
804,Anna Margaret Steltz
805,Kiliaan Rupp
806,Catharina Rupp
807,Peter Wolff
808,Barbara Wolff
809,Peter Stein
810,Elizabeth Stein
811,John Pfister
812,Barbara Pfister
813,Peter Staud
814,Maria Catherine Staud
815,William Strempel
816,Christina Strempel
817,William Knipp
818,Anna Knipp
819,Reinhard Kammer
820,Wife Of Reinhard Kammer
821,John Strupp
822,Anna Catherine Strupp
823,William Kuehn
824,Gertrud Kuehn
825,James Cleland
826,Hannah Mcullough
827,Christopher Geller
828,Anna Maria Geller
829,Jacob Van Rudy
830,Margaret Rudy
831,Peter Paris
832,Magdalena Paris
833,John Licht
834,Agnes Licht
835,John Ottmansdorf
836,Barbara Ottmansdorf
837,Eva Zuder
838,Joost Feith
839,Maria Magdalene Feith
840,Antoine Daeschler
841,Wife Of Anthony Daeschler
842,John Albert
843,Margaret Albert
844,Andrew Teis
845,Catharina Teis
846,Jacob Sorber
847,Michael Hassler
848,Bernard Haan
849,Maria Haan
850,Bernard Bekker
851,Anna Elizabeth Bekker
852,Ulrich Freyhofer
853,Magdalena Freyhofer
854,Wendel Kraemer
855,Catharina Kraemer
856,Frederick Schitt
857,Maria Barbara Schitt
858,Henry Leutold
859,Anna Maria Leutold
860,William Staud
861,Margaret Staud
862,Henry Schitt
863,Christina Schitt
864,John Philip De Hess
865,Elenor Hess
866,Francis Schafner
867,Anna Catherine Schafner
868,Solomon Saehly
869,Sophia Saehly
870,Maria Louisa Lutz
871,Anna Magdalene Funk
872,Barbara Mohr
873,Jacob Aachen
874,Maria Of Aachen
875,Michael Peter
876,Margaret Elizabeth Peter
877,Abraham Peter
878,Magdalena Peter
879,Michael Steitz
880,Anna Maria Steitz
881,Conrad Schweitzer
882,Maria Magdalene Schweitzer
883,Michael Butterfass
884,Maria Erden
885,Michael Orner
886,Anna Maria Orner
887,John Frack
888,Gertrud Frack
889,Frederick Knies
890,Maria Margaret Knies
891,John Fanz
892,Margaret Fanz
893,Christian Birckenmeyer
894,Maria Elizabeth Birckenmeyer
895,Mattheus Aersen
896,Elizabeth Aersen
897,Mattheus Schuetz
898,Catharina Schuetz
899,Lorentz Walter
900,Anna Margaret Walter
901,John Morris
902,Anna Elizabeth Morris
903,Berenice Bayer
904,John Philipse Alberger
905,Margaret Alberger
906,Frederick Heiner
907,Catharina Heiner
908,Christian Smith
909,Anna Smith
910,Samuel Leyens
911,Charlotte Leyens
912,Dorst Schaub
913,Maria Christine Schaub
914,John Daniel Hug
915,John George Euler
916,Anna Euler
917,John Mann
918,Anna Catherine Mann
919,Hartman Fritz
920,Anna Catherine Fritz
921,Daniel Schuster
922,Maria Elizabeth Schuster
923,Frederick Schneider
924,Barbara Schneider
925,John Foret
926,Margaret Foret
927,Philip Sensfelder
928,Anna Maria Sensfelder
929,John Mattheus
930,Anna Mattheus
931,William Emsen
932,Juliana Emsen
933,Johanna Brandt
934,Nicholas Rupp
935,Magdalena Rupp
936,Wife Of Daniel Heid
937,Adam Hill
938,Hannah Hill
939,Rachel Loescher
940,Simon Hagelgans
941,Margaret Hagelgans
942,Rudolph Mohr
943,Anna Catherine Schueman
944,John Kopp
945,Wife Of John Kopp
946,John Clark
947,Catharina Siling
948,Henry Fanz
949,Maria Veronica Schneider
950,John Philipse Burckhard
951,Margaret Seidenbinn
952,Christian Allenbach
953,Maria Sara Harnisch
954,Elizabeth Zeiner
955,Leonard Werntz
956,Maria Magdalene Goetz
957,Sophia Brotzmann
958,John Harrer
959,Maria Engel
960,Frederick Chagard
961,Anna Elizabeth Sar
962,Peter Dischung
963,Maria Dischung
964,Catharina Koenig
965,Peter Laurier
966,Christina Leuwe
967,Martin Reinhard
968,Maria Sara Diel
969,Catharina Schitt
970,Anna Margaret Hill
971,Peter Muth
972,Anna Catherine Deucker
973,Christian Galli
974,Margaret Braunsman
975,Anna Maria Moser
976,John Pelss
977,Gertrud Kehr
978,Elizabeth Richter
979,Philip Klumberg
980,Christina Enck
981,Frederick Vogel
982,Barbara Ludwig
983,Philip Jacob Wacke
984,Magdalena Schneider
985,Catharina Flinth
986,Maria Catherine Streder
987,Elizabeth Koch
988,Jacob Forer
989,Anna Keiler
990,George Kastnitz
991,Maria Christine Kastnitz
992,Lorentz Werntz
993,Elizabeth Genissen
994,Conrad Alster
995,Anna Maria Froelich
996,Maria Wilt
997,John Peter Strupp
998,Magdalena Maria Strupp
999,Jacob Wollenweider
1000,Barbara Wollenweider
1001,John Michael Weber
1002,Elizabeth Machemer
1003,Susanna Kramp
1004,Frederick Christian Bekker
1005,Wife Of Frederick Christian Bekker
1006,Martin Kleyn
1007,Barbara Kleyn
1008,Jacob Bekker
1009,Catharina Mertz
1010,John Peter
1011,Dorothea Peter
1012,John George Flecke
1013,Anna Margaret Flecke
1014,Jacob Van Roth
1015,Margaret Roth
1016,John Kuentz
1017,Marethe Kuentz
1018,Anna Margaret Kress
1019,Paulus Beck
1020,Magdalena Beck
1021,Henry Schmied
1022,Charlotte Schmied
1023,[noname] Schettel
1024,Wife Of [noname] Schettel
1025,Melinda Zerfass
1026,Philip Scherer
1027,Eva Margaret Schie
1028,Philip Maus
1029,Francis Maus
1030,Jacob Hentschi
1031,Anna Maria Stocker
1032,John Henry Miehler
1033,John Roerich
1034,Maria Catherine Roerich
1035,John Jacob Faeh
1036,Anna Catherine Faeh
1037,Carl Chamberlein
1038,Christopher Feith
1039,Catharina Rosina
1040,[noname] Getschi
1041,Wife Of [noname] Kutsch
1042,Philip Busch
1043,Wife Of Philip Busch
1044,Elizabeth Funk
1045,Peter Reiss
1046,Sara Elizabeth Reiss
1047,Jacob Steinmetz
1048,Dorothea Steinmetz
1049,Rudolph Keiler
1050,Johanna Keiler
1051,John Christian Froelich
1052,Elizabeth Froelich
1053,Peter Kammer
1054,Elizabeth Kammer
1055,John Jacob Werntz
1056,Catharina Werntz
1057,John Frederick Mielefeld
1058,Wife Of John Frederick Mielefeld
1059,Andrew Theiss
1060,Rosina Theiss
1061,Conrad Tippo
1062,Catharina Tippo
1063,John Peter Bekker
1064,Wife Of John Peter Bekker
1065,Adam Stucki
1066,Wife Of Adam Stucki
1067,Abel Weltz
1068,Wife Of Abel Weltz
1069,Maria Sara Reinhard
1070,John Frons
1071,Wife Of John Frons
1072,Christian Keiler
1073,Wife Of Christian Keiler
1074,John Halberstadt
1075,Catharina Halberstadt
1076,Maria Elizabeth Bekker
1077,Henry Winckeler
1078,Anna Catherine Winckeler
1079,John Bigerne
1080,Catharina Elizabeth Bigerne
1081,Christian Van Erdte
1082,Maria Catherine Erdte
1083,Maria Levan
1084,Levan Levan
1085,John George Bouton
1086,Oswald Von Der Halt
1087,Anna Maria Funk
1088,Jacob Ruebsamen
1089,Cleopha Ruebsamen
1090,Henry Friedstadt
1091,Logis Friedstadt
1092,John George Wilki
1093,Anna Maria Wilki
1094,Jacob Aman
1095,Maria Aman
1096,John Mellen
1097,Catharina Mellen
1098,Nicholas Penther
1099,Margaret Penther
1100,David Domminick
1101,Maria Domminick
1102,Mattheus Stimmen
1103,Christina Stimmen
1104,Elizabeth Beck
1105,John Michael Panwart
1106,Eva Panwart
1107,Conrad Schaus
1108,Johanna Maria Magdalene Schaus
1109,Philip Mintel
1110,Margaret Mintel
1111,William Campfer
1112,Elizabeth Campfer
1113,Philip Friel
1114,Magdalena Friel
1115,Jacob Eteborn
1116,Elizabeth Eteborn
1117,Joseph Braun
1118,Maria Braun
1119,George Diel
1120,Elizabeth Diel
1121,Maria Elizabeth Loehr
1122,John Pieterse
1123,Dorothea Pieterse
1124,John Pistor
1125,Barbara Pistor
1126,Elizabeth Gramlich
1127,Frederick David Jacquart
1128,Anna Elizabeth Jacquart
1129,Ludwig Keiner
1130,Catharina Keiner
1131,Regula Rudy
1132,Hannah Fischer
1133,[noname] Rumel
1134,Wife Of [noname] Rumel
1135,George Schmied
1136,Anna Elizabeth Stryker
1137,John Christian Rauch
1138,Rosina Rauch
1139,John Mechlachling
1140,Margaret Mechlachling
1141,William Miehler
1142,Maria Susanna Miehler
1143,Catharina Fritz
1144,Jacob Faeh
1145,Hannah Faeh
1146,George Penther
1147,Barbara Penther
1148,Frederick Bekker
1149,Wife Of Frederick Bekker
1150,William Ludwig Miehler
1151,Anna Catherine Miehler
1152,Anna Catherine Hess
1153,George William Friederich
1154,Anna Catherine Friederich
1155,Jacob Schafer
1156,Maria Schafer
1157,Elizabeth Schafner
1158,Elizabeth Walter
1159,Christian Houtzel
1160,Anna Elizabeth Houtzel
1161,John Diel
1162,Catharina Diel
1163,Christina Klumberg
1164,John Reinhard Kammer
1165,Maria Kammer
1166,Philip Waal
1167,Charlotte Waal
1168,John Philipse Schrott
1169,Wife Of John Philip Schrott
1170,Elizabeth Werntz
1171,Philip Werntz
1172,Magdalena Werntz
1173,Caspar Zuder
1174,Wilhelmina Zuder
1175,George Walter
1176,Walter Walter
1177,Johanna Mohr
1178,John George Scherer
1179,Margaret Flecke
1180,Christian Haan
1181,Hannah Haan
1182,John Knies
1183,Margaret Knies
1184,Peter Detz
1185,Sigismunda Detz
1186,Frederick Fuchs
1187,Anna Maria Fuchs
1188,Peter Strupp
1189,Wife Of Peter Strupp
1190,John Murphy
1191,Susanna Murphy
1192,Peter Lauterbach
1193,Elizabeth Lauterbach
1194,John Pierre Du Corbier
1195,Anna Margaret Pommarede
1196,Christian Birkenbeil
1197,John Henry Flecke
1198,Maria Catherine Flecke
1199,Christian Altburger
1200,Christina Altburger
1201,George Michael Campfer
1202,Samuel Graf
1203,Justina Graf
1204,Nicholas Haan
1205,Elizabeth Margaret Haan
1206,Valentyn Stillwagen
1207,Elizabeth Stillwagen
1208,Peter Stey
1209,Elizabeth Stey
1210,Elenor Schlemer
1211,Benjamin Bertzer
1212,Johanna Bertzer
1213,John Carl Jacquart
1214,Maria Barbara Jacquart
1215,Peter Heins
1216,Elizabeth Heins
1217,William Rothaar
1218,Sophia Rothaar
1219,Christian Schneider
1220,Elizabeth Schneider
1221,Caspar Rudy
1222,Charlotte Rudy
1223,Justus Eckhardt
1224,Anna Elizabeth Eckhardt
1225,Margaret Huser
1226,Ludwig Kuehn
1227,Louisa Kuehn
1228,Daniel Kehr
1229,Magdalena Kehr
1230,Christian Froelich
1231,Dilman Kritelbach
1232,Elizabeth Kritelbach
1233,Anna Cleopha Ruebsamen
1234,Jacob Dorsheimer
1235,Clara Dorsheimer
1236,John Peter Ceppenfeld
1237,Anna Catherine Ceppenfeld
1238,John Ochs
1239,Anna Margaret Ochs
1240,Philip Altburger
1241,Margaret Altburger
1242,Maria Barbara Knies
1243,Michael Conrad
1244,Wife Of Michael Conrad
1245,Peter Marckhart
1246,Anna Maria Marckhart
1247,Rudolph Schafner
1248,Anna Schafner
1249,Conrad Jost
1250,Wife Of Conrad Jost
1251,Anna Ruebsamen
1252,Frederick Schinckel
1253,Susanna Schinckel
1254,William Waal
1255,Barbara Waal
1256,Adam Altburger
1257,Sophia Altburger
1258,John Tonnes Kram
1259,Anna Catherine Kram
1260,John Wagener
1261,Hannah Wagener
1262,John Jacob Weber
1263,Martin Ryan
1264,Barbara Ryan
1265,Frederick Schwartz
1266,Abigail Schwartz
1267,Christian Schmied
1268,Maria Schmied
1269,Joseph Keyser
1270,Anna Keyser
1271,Jacob Enck
1272,Catharina Enck
1273,Henry Krebs
1274,Veronica Krebs
1275,Philip Clauser
1276,[noname] Stock
1277,Maria Stucki
1278,John Henry Campfer
1279,Anna Maria Campfer
1280,George Blum
1281,Anna Philippina Blum
1282,Wigant Specker
1283,Wife Of Wigant Specker
1284,Michael Terri
1285,Anna Maria Terri
1286,John Miehler
1287,Maria Miehler
1288,John Tauenheimer
1289,Maria Magdalene Tauenheimer
1290,Samuel Mason
1291,Catharina Mason
1292,John Mannen
1293,Catharina Mannen
1294,Maria Barbara Reinhard
1295,John Philipse Reiss
1296,Henry Grotjan
1297,Catharina Grotjan
1298,Jacob Bischoffberger
1299,Catharina Bischoffberger
1300,William Tauber
1301,Maria Margaret Tauber
1302,William Lohman
1303,Anna Of Lohman
1304,Abraham Schwing
1305,Anna Margaret Schwing
1306,John Ludwig Schweitzer
1307,Anna Catherine Schweitzer
1308,Catharina Burckhard
1309,Conrad Scheller
1310,Elizabeth Scheller
1311,Martin Harnisch
1312,Catharina Harnisch
1313,Anna Maria Grob
1314,Margaret Vogel
1315,Adam Laeng
1316,Catharina Laeng
1317,Anna Margaret Henrich
1318,Henry Pieterse
1319,Elizabeth Pieterse
1320,Philippina Miehler
1321,Conrad Schmied
1322,Peter Braun
1323,Philip Casper Eulert
1324,Susanna Eulert
1325,Joseph Miehler
1326,Anna Miehler
1327,Daniel Tappen
1328,Maria Christine Tappen
1329,Susanna Maria Miehler
1330,Conrad Moenich
1331,Eva Margaret Moenich
1332,Antoine Birkenbeil
1333,Barbara Birkenbeil
1334,Conrad Waal
1335,Maria Catherine Waal
1336,Jacob Prattler
1337,Catharina Prattler
1338,Caspar Diederich Weyberg
1339,Maria Isabella Weyberg
1340,Anna Magdalene Pfister
1341,Anna Catherine Sisler
1342,John Gerlach Widerstein
1343,Elizabeth Widerstein
1344,John Staud
1345,Emanuel Popi
1346,Sybil Popi
1347,Peter Kleyn
1348,Anna Kleyn
1349,Mattheus Stimmel
1350,Christina Stimmel
1351,Adam Eckhardt
1352,Catharina Eckhardt
1353,John Febereit
1354,Margaret Febereit
1355,Charles Chamberlein
1356,Maria Margaret Chamberlein
1357,John Carl Schakar
1358,Maria Barbara Schakar
1359,Jacob Weitz
1360,Gertrud Weitz
1361,Antoine Kram
1362,Jacob Stucki
1363,John Bigonne
1364,Catharina Bigonne
1365,Jacob Sinck
1366,Catharina Sinck
1367,Anna Margaret Krauskopf
1368,Peter Rasber
1369,Catharina Rasber
1370,Carl Steltz
1371,Margaret Steltz
1372,John Peter Blum
1373,Anna Magdalene Blum
1374,Christopher Paris
1375,Dorothea Paris
1376,Jacob Garle
1377,Maria Garle
1378,John George Ernstdorf
1379,Elizabeth Ernstdorf
1380,Jacob Wacke
1381,Magdalena Wacke
1382,Ludwig Keiler
1383,Anna Catherine Keiler
1384,John Christian Abel
1385,Philip Wirth
1386,Rieth Rieth
1387,George Reichwein
1388,Wife Of George Reichwein
1389,John Bergman
1390,Anna Catherine Bergman
1391,Thomas Wind
1392,Hannah Wind
1393,Peter Conver
1394,Catharina Conver
1395,John Peter Stockman
1396,Christina Stockman
1397,Rudolph Haubern
1398,Elizabeth Haubern
1399,Henry Lutz
1400,Anna Catherine Lutz
1401,John Gottfried Mohr
1402,Anna Margaret Mohr
1403,George Hoerner
1404,Margaret Hoerner
1405,Balthazar Rabanos
1406,Elizabeth Rabanos
1407,Elizabeth Weiss
1408,Joost Eberth
1409,Catharina Eberth
1410,Michael Grieder
1411,Catharina Grieder
1412,Abraham Gobeler
1413,Sophia Gobeler
1414,Frederick Domminick
1415,Barbara Domminick
1416,Abel Wells
1417,Wife Of Abel Wells
1418,Maria Rosina Mohr
1419,Henry Hemsing
1420,Christina Hemsing
1421,Margaret Grob
1422,Maria Bekker
1423,Anna Maria Ruebsamen
1424,Frederick Schakar
1425,Elizabeth Schakar
1426,Jacob Braun
1427,Magdalena Braun
1428,John Darny
1429,Sara Darny
1430,Christopher Keiler
1431,Anna Maria Keiler
1432,Caspar Diel
1433,Juliana Diel
1434,Maria Clara Bayer
1435,John Philipse Schmick
1436,Magdalena Elizabeth Schmick
1437,Nicholas Bekker
1438,Anna Margaret Bekker
1439,John Orfgen
1440,Catharina Orfgen
1441,Michael Gamber
1442,Elizabeth Gamber
1443,Maria Kress
1444,George Hund
1445,Catharina Hund
1446,Daniel Waal
1447,Janiola Waal
1448,Christopher Hartman
1449,Maria Susanna Hartman
1450,Christina Diel
1451,Veronica Fanz
1452,John Henry Enck
1453,Elizabeth Enck
1454,Anna Catherine Schuetz
1455,Philip Stoadtinger
1456,Maria Stoadtinger
1457,Jacob Kehr
1458,Anna Elizabeth Kehr
1459,Frederick Bohmer
1460,Catharina Elizabeth Bohmer
1461,Maria Catherine Enck
1462,Catharina Strupp
1463,Anna Wagener
1464,John Peter Schreiber
1465,Maria Magdalene Schreiber
1466,Henry Peter
1467,Elizabeth Peter
1468,John Gerlach Drauth
1469,Maria Catherine Drauth
1470,Christian Haushalter
1471,Anna Barbara Haushalter
1472,Caspar Weyberg
1473,Harmen Orner
1474,Anna Margaret Orner
1475,Henry Sched
1476,Christina Sched
1477,Catharina Justus
1478,[noname] Masi
1479,Wife Of [noname] Maus
1480,Christian Mintel
1481,Maria Mintel
1482,Esther Oberdorf
1483,Magdalena Knies
1484,Veronica Lohman
1485,John Ernest Diel
1486,Anna Catherine Diel
1487,Philip Reiss
1488,John Conrad Stein
1489,Magdalena Stein
1490,Francis Schafer
1491,Elizabeth Schafer
1492,Magdalena Lefeber
1493,Jacob Fanz
1494,Catharina Fanz
1495,Ludwig Pfistler
1496,Margaret Pfistler
1497,John Koch
1498,Anna Barbara Koch
1499,Barbara Vogel
1500,Frederick Locher
1501,Maria Barbara Locher
1502,Frederick Faselong
1503,Anna Margaret Faselong
1504,Carl Chagard
1505,John Henry Scheider
1506,Maria Juliana Scheider
1507,Ulrich Ranger
1508,Christina Ranger
1509,Elizabeth Keyser
1510,George Eulert
1511,Wife Of George Eulert
1512,Maria Ottenheimer
1513,Maria Anna Pfister
1514,John Frantz Schafner
1515,Elizabeth Magdalene Schafner
1516,[noname] Buchert
1517,Maria Margaret Buchert
1518,Julius Korper
1519,Catharina Korper
1520,George Bachofen
1521,Sara Bachofen
1522,Maria Elizabeth Scheller
1523,Ludwig Roth
1524,Anna Margaret Waespi
1525,John Mervin
1526,Wife Of John Mervin
1527,Conrad Steltz
1528,Catharina Steltz
1529,George Wilki
1530,Daniel Tielman
1531,Christina Tielman
1532,John Fiscus
1533,Catharina Fiscus
1534,John Heins
1535,Christian Joung
1536,Maria Magdalene Joung
1537,Gustaviana Graf
1538,Christina Maria Miehler
1539,Anna Catherine Hoffman
1540,Frederick Arnbach
1541,Wife Of Frederick Arnbach
1542,William Wolff
1543,Giny Jenny Abel
1544,Caspar Coelling
1545,Catharina Coelling
1546,Carl Gambestein
1547,Michael Forner
1548,Maria Forner
1549,Abraham Huser
1550,Christina Huser
1551,Ludwig Mohr
1552,Maria Mohr
1553,John Widerstein
1554,Barbara Tauber
1555,Simon Schellenberger
1556,Elizabeth Schellenberger
1557,Maria Catherine Rori
1558,John Walter
1559,Maria Walter
1560,John George Krauskopf
1561,Catharina Sibylla Popi
1562,John Peter Frey
1563,Barbara Frey
1564,Jacob Ryan
1565,Catharina Ryan
1566,Philip Schreiber
1567,Elizabeth Schrott
1568,George Sisler
1569,Maria Sisler
1570,Elizabeth Grebil
1571,Ludwig Pfister
1572,Margaret Pfister
1573,George Jacob Hausmann
1574,Wife Of George Jacob Hausmann
1575,John Adam Bruchhauser
1576,Anna Maria Bruchhauser
1577,John Haan
1578,Elizabeth Haan
1579,Daniel Haan
1580,Wife Of Daniel Haan
1581,Michael Planckenhahn
1582,Magdalena Planckenhahn
1583,Anna Maria Alster
1584,Caspar Wacke
1585,John George Schaub
1586,Anna Elizabeth Schaub
1587,John Christian Haan
1588,Hannah Margaret Haan
1589,Peter Schreiber
1590,Bernard Kehr
1591,Catharina Kehr
1592,Anna Maria Schafer
1593,Philip Tippo
1594,Elizabeth Tippo
1595,Jacob Wollenschleger
1596,Hannah Wollenschleger
1597,Henry Flecke
1598,Frederick Paul
1599,Elizabeth Paul
1600,John Jacob Enck
1601,Andrew Bengel
1602,Anna Elizabeth Bengel
1603,John Christian Schneider
1604,Maria Elizabeth Schneider
1605,Christian Hartman
1606,Susanna Hartman
1607,Michael Thor
1608,Hannah Thor
1609,John Frederick Allenbach
1610,Anna Maria Allenbach
1611,Samuel Layon
1612,Charlotte Layon
1613,George Stadler
1614,Anna Elizabeth Stadler
1615,John Philipse Jacob
1616,Catharina Marckhart
1617,Abraham Tippo
1618,Maria Tippo
1619,John Ludwig Schmick
1620,Rachel Schmick
1621,Maria Pfister
1622,John Sprauth
1623,Hannah Sprauth
1624,Frederick Simon
1625,Wife Of Frederick Simon
1626,Jacob Wever
1627,Elizabeth Wever
1628,Rosina Mohr
1629,Valentyn Braun
1630,Regina Braun
1631,Christian Jauch
1632,Maria Magdalene Jauch
1633,Elizabeth Bekker
1634,John Pfau
1635,Anna Elizabeth Pfau
1636,John Jacob Roth
1637,Wife Of John Jacob Roth
1638,George Gangewer
1639,Magdalena Gangewer
1640,William Beltz
1641,Catharina Beltz
1642,George Zeissiger
1643,Anna Maria Margaret Zeissiger
1644,Rosina Foot
1645,John Gerlach Kern
1646,Barbara Kern
1647,Philip Casper Euler
1648,Susanna Euler
1649,Anna Catherine Schmied
1650,Henry Borcki
1651,Maria Magdalene Borcki
1652,Christian Kehr
1653,Elizabeth Kehr
1654,Henry Strohman
1655,Elizabeth Strohman
1656,Anna Margaret Galli
1657,Catharina Haan
1658,Johanna Waal
1659,Michael Fanz
1660,Rebecca Fanz
1661,Gustava Johanna Graf
1662,Daniel Kelman
1663,Christina Kelman
1664,Thomas Schie
1665,Sally Brunner
1666,Timothe Silowen
1667,Anna Margaret Reiman
1668,Barbara Haushalter
1669,Peter Bekker
1670,Maria Weyberg
1671,Philip Schrott
1672,John Michael Prattler
1673,Christina Prattler
1674,John Just Wind
1675,Anna Elizabeth Wind
1676,John Peter Aman
1677,Anna Maria Aman
1678,Maria Kehr
1679,Philip Sisler
1680,Henry Hamerich
1681,Barbara Hamerich
1682,Anna Catherine Strohauer
1683,[noname] Eschelman
1684,Catharina Eschelman
1685,Jacob Werntz
1686,Rebecca Grieder
1687,John George Penther
1688,William Runckel
1689,Catharina Runckel
1690,Ulrich Ronner
1691,Christina Ronner
1692,Thomas Zeiner
1693,Anna Maria Zeiner
1694,Tibi Tabitha Stryker
1695,John Jacob Jud
1696,Eva Catherine Jud
1697,Abraham Wilt
1698,Elizabeth Wilt
1699,Michael Kammer
1700,Eva Salome Kammer
1701,Veronica Bayer
1702,Felix Fenner
1703,Maria Of Fenner
1704,Rory Rori
1705,Wife Of Rori
1706,Francisca Maus
1707,Jacob Penther
1708,Hannah Penther
1709,William Torner
1710,Susanna Torner
1711,John Schneider
1712,Maria Sophia Schneider
1713,Henry Domminick
1714,Elenor Domminick
1715,Frederick Allenbach
1716,Maria Allenbach
1717,Peter Reusch
1718,Anna Margaret Reusch
1719,John Warmer
1720,John Kuehn
1721,Anna Catherine Schuehlin
1722,Caspar Schuessler
1723,Regina Schuessler
1724,John Roscher
1725,Magdalena Roscher
1726,John Jacob Behringer
1727,Anna Behringer
1728,Peter Cober
1729,Catharina Cober
1730,Henry Widerstein
1731,Anna Widerstein
1732,John Sinck
1733,Elizabeth Sinck
1734,Margaret Sinck
1735,Peter Osius
1736,Magdalena Osius
1737,George Philipse Stoadtinger
1738,Magdalena Stoadtinger
1739,William Rupp
1740,Anna Magdalene Tauenheimer
1741,Philippina Blum
1742,Frederick Daniel Locher
1743,Barbara Locher
1744,John Adam Alberger
1745,Maria Elizabeth Alberger
1746,Balthazar Ravener
1747,Elizabeth Ravener
1748,Paulus Schneider
1749,Helena Schneider
1750,Maria Catherine Mesmer
1751,Jacob Ehbregt
1752,Wife Of Jacob Ehbregt
1753,John Armbruster
1754,Catharina Armbruster
1755,Michael Blanckenagel
1756,Magdalena Blanckenagel
1757,Henry Pollbach
1758,Wife Of Henry Pollbach
1759,Martin Thoma
1760,Anna Thoma
1761,Anna Wollenschleger
1762,George [noname]
1763,Wife Of George
1764,Frederick Mielefeld
1765,Margaret Mielefeld
1766,Liberta Kuehn
1767,Margaret Jotz
1768,John Ahrs
1769,Anna Margaret Gerret
1770,Maria Magdalene Kehr
1771,Peter Bart
1772,Magdalena Bart
1773,Rosina Teis
1774,John Pollebacher
1775,Catharina Pollebacher
1776,Ludwig Schmick
1777,Anna Waal
1778,Jacob Kommerer
1779,Maria Kommerer
1780,Elenor Haan
1781,John Kramp
1782,Dorothea Kramp
1783,Harmanus Leck
1784,Maria Magdalene Leck
1785,Wendel Zerban
1786,Catharina Zerban
1787,Magdalena Borcki
1788,John George Schaaf
1789,Anna Elizabeth Schaaf
1790,Jacob Schallus
1791,Wife Of Jacob Schallus
1792,Jacob Bligestorfer
1793,Ursula Bligestorfer
1794,Jacob Wolff
1795,Louisa Wolff
1796,Philip Kreutzweis
1797,Catharina Kreutzweis
1798,Isaac Wetzstein
1799,Margaret Wetzstein
1800,Philip Worn
1801,Maria Worn
1802,Jacob Ehringer
1803,Anna Ehringer
1804,Andrew Schneider
1805,Anna Maria Schneider
1806,John Conrad Spangenberg
1807,Maria Alster
1808,Christian Jentzer
1809,Susanna Jentzer
1810,Zacharias Endres
1811,Anna Maria Endres
1812,Samuel Popi
1813,Alexander Mohr
1814,Carpenter Warden
1815,Johanna Kern
1816,Maria Magdalene Rupp
1817,Gottfried Gobeler
1818,Anna Catherine Gobeler
1819,Maria Justus
1820,Philip Jacob Tippo
1821,George Wever
1822,Catharina Wever
1823,George Pfau
1824,Anna Pfau
1825,Carl Hoegst
1826,Anna Hoegst
1827,Jacob Brunner
1828,Elizabeth Brunner
1829,Hannah Terri
1830,John Peter Nannetter
1831,Elizabeth Nannetter
1832,Maria Oberdorf
1833,John Froelich
1834,Christina Froelich
1835,Elizabeth Stadler
1836,Harmen Johnston
1837,Wife Of Herman Johnston
1838,John Peter Miltenberger
1839,Susanna Miltenberger
1840,Margaret Galli
1841,Carl Rudy
1842,Maria Charlotte Rudy
1843,John Reusch
1844,Maria Reusch
1845,Michael Farmer
1846,Maria Farmer
1847,Philip Jacob Birckenmeyer
1848,Catharina Birckenmeyer
1849,Andrew Miehler
1850,Apollonia Miehler
1851,William Paul
1852,Ludwig Teis
1853,Anna Of Teis
1854,William Stoadtinger
1855,Nicholas Reusch
1856,Juliana Reusch
1857,George Michael Gamber
1858,Caspar Silvius
1859,Dorothea Silvius
1860,William Rau
1861,Maria Elizabeth Rau
1862,Edward Eyerli
1863,Margaret Schneider
1864,John Michael Stetzenbach
1865,Margaret Stetzenbach
1866,Jacob Pieterse
1867,Johanna Pieterse
1868,Henry Schreiber
1869,Catharina Schreiber
1870,Anna Wind
1871,Jacob Bender
1872,Hannah Bender
1873,Salome Bachofen
1874,John Peter Eschman
1875,Anna Maria Eschman
1876,Jacob Warden
1877,Christina Roth
1878,Frederick Seen
1879,Maria Seen
1880,[noname] Gangewer
1881,Charles Hunter
1882,Catharina Hunter
1883,Peter Haern
1884,John Kretz
1885,Maria Margaret Kretz
1886,Michael Prattler
1887,John Henry Kram
1888,Anna Magdalene Kram
1889,George Thor
1890,Maria Thor
1891,William Reusch
1892,Catharina Reusch
1893,John Vlenieken
1894,Margaret Vlenieken
1895,John Ulrich Riemer
1896,Anna Christine Riemer
1897,George Schneider
1898,Hannah Abel
1899,Jacob Maag
1900,Maria Maag
1901,Gottfried Schuessler
1902,Elizabeth Schuessler
1903,Adam Mohr
1904,Frederick Haller
1905,Catharina Wilhelmina Haller
1906,Leonard Rupp
1907,Susanna Rupp
1908,Adam Schuetz
1909,Wife Of Adam Schuetz
1910,Maria Wetzstein
1911,Jacob Mills
1912,Anna Mills
1913,John Just Schmied
1914,Magdalena Tippo
1915,John Wilson
1916,Ottilia Wilson
1917,Jacob Cliver
1918,Maria Cliver
1919,Ludwig Reinick
1920,Maria Elizabeth Reinick
1921,Bernard Kaerth
1922,Catharina Kaerth
1923,Adam Terri
1924,Catharina Terri
1925,Elizabeth Altburger
1926,Maria Orner
1927,Harmen Leck
1928,Margaret Mercker
1929,Elizabeth Reiss
1930,John Conrad Steinmetz
1931,Magdalena Steinmetz
1932,Anna Maria Seen
1933,Jacob Maerkli
1934,Martin [noname]
1935,Michael Dietrich
1936,Philip Jacob Beidenman
1937,John Williger
1938,Frederick Wagener
1939,John Voegle
1940,John Weber
1941,Conrad Pitschen
1942,Abraham Pollebacher
1943,John Fuchs
1944,Henry Steinmetz
1945,William Hufnagel
1946,Frederick Schuetz
