{
  "directed": false,
  "graph": {},
  "links": [
    {
      "end": "1777",
      "source": 1633,
      "start": 1771,
      "target": 53
    },
    {
      "end": "1777",
      "source": 1633,
      "start": 1770,
      "target": 850
    },
    {
      "end": "1777",
      "source": 2,
      "start": 1767,
      "target": 3
    },
    {
      "end": 1770,
      "source": 2,
      "start": 1750,
      "target": 250
    },
    {
      "end": "1777",
      "source": 2,
      "start": 1766,
      "target": 379
    },
    {
      "end": "1777",
      "source": 2,
      "start": 1773,
      "target": 54
    },
    {
      "end": 1768,
      "source": 3,
      "start": 1748,
      "target": 46
    },
    {
      "end": "1777",
      "source": 3,
      "start": 1764,
      "target": 1008
    },
    {
      "end": "1777",
      "source": 503,
      "start": 1759,
      "target": 502
    },
    {
      "end": "1777",
      "source": 503,
      "start": 1771,
      "target": 1008
    },
    {
      "end": "1777",
      "source": 1669,
      "start": 1772,
      "target": 379
    },
    {
      "end": "1777",
      "source": 1669,
      "start": 1768,
      "target": 1943
    },
    {
      "end": "1777",
      "source": 46,
      "start": 1765,
      "target": 1076
    },
    {
      "end": "1777",
      "source": 46,
      "start": 1772,
      "target": 1422
    },
    {
      "end": "1777",
      "source": 1008,
      "start": 1762,
      "target": 1009
    },
    {
      "end": "1777",
      "source": 850,
      "start": 1761,
      "target": 851
    },
    {
      "end": 1768,
      "source": 53,
      "start": 1748,
      "target": 54
    }
  ],
  "multigraph": false,
  "nodes": [
    {
      "between_1748": 0,
      "between_1749": 0,
      "between_1750": 0,
      "between_1751": 0,
      "between_1752": 0,
      "between_1753": 0,
      "between_1754": 0,
      "between_1755": 0,
      "between_1756": 0,
      "between_1757": 0,
      "between_1758": 0,
      "between_1759": 0,
      "between_1760": 0,
      "between_1761": 0,
      "between_1762": 0,
      "between_1763": 0,
      "between_1764": 0,
      "between_1765": 0,
      "between_1766": 0,
      "between_1767": 0,
      "between_1768": 0,
      "between_1769": 0,
      "between_1770": 0,
      "between_1771": 0,
      "between_1772": 0,
      "between_1773": 0,
      "between_1774": 0,
      "between_1775": 0,
      "between_1776": 0,
      "between_1777": 0,
      "between_1778": 0,
      "betweenness": 0,
      "bridge": "female_bridge",
      "degree": 2,
      "degree_1748": 0,
      "degree_1749": 0,
      "degree_1750": 0,
      "degree_1751": 0,
      "degree_1752": 0,
      "degree_1753": 0,
      "degree_1754": 0,
      "degree_1755": 0,
      "degree_1756": 0,
      "degree_1757": 0,
      "degree_1758": 0,
      "degree_1759": 0,
      "degree_1760": 0,
      "degree_1761": 0,
      "degree_1762": 0,
      "degree_1763": 0,
      "degree_1764": 0,
      "degree_1765": 0,
      "degree_1766": 0,
      "degree_1767": 0,
      "degree_1768": 0,
      "degree_1769": 0,
      "degree_1770": 1,
      "degree_1771": 2,
      "degree_1772": 2,
      "degree_1773": 2,
      "degree_1774": 2,
      "degree_1775": 2,
      "degree_1776": 2,
      "degree_1777": 2,
      "degree_1778": 2,
      "end": 1777,
      "gender": "female",
      "id": 1633,
      "modularity": 0,
      "name": "Elizabeth Bekker",
      "race": "white",
      "start": 1770
    },
    {
      "between_1748": 0,
      "between_1749": 0,
      "between_1750": 0,
      "between_1751": 0,
      "between_1752": 0,
      "between_1753": 0,
      "between_1754": 0,
      "between_1755": 0,
      "between_1756": 0,
      "between_1757": 0,
      "between_1758": 0,
      "between_1759": 0,
      "between_1760": 0,
      "between_1761": 0,
      "between_1762": 0,
      "between_1763": 0,
      "between_1764": 0,
      "between_1765": 0,
      "between_1766": 0,
      "between_1767": 0,
      "between_1768": 0,
      "between_1769": 0,
      "between_1770": 0,
      "between_1771": 0,
      "between_1772": 0,
      "between_1773": 0,
      "between_1774": 0,
      "between_1775": 0,
      "between_1776": 0,
      "between_1777": 0,
      "between_1778": 0,
      "betweenness": 0,
      "bridge": "male_bridge",
      "degree": 4,
      "degree_1748": 0,
      "degree_1749": 0,
      "degree_1750": 1,
      "degree_1751": 1,
      "degree_1752": 1,
      "degree_1753": 1,
      "degree_1754": 1,
      "degree_1755": 1,
      "degree_1756": 1,
      "degree_1757": 1,
      "degree_1758": 1,
      "degree_1759": 1,
      "degree_1760": 1,
      "degree_1761": 1,
      "degree_1762": 1,
      "degree_1763": 1,
      "degree_1764": 1,
      "degree_1765": 1,
      "degree_1766": 2,
      "degree_1767": 3,
      "degree_1768": 3,
      "degree_1769": 3,
      "degree_1770": 3,
      "degree_1771": 2,
      "degree_1772": 2,
      "degree_1773": 3,
      "degree_1774": 3,
      "degree_1775": 3,
      "degree_1776": 3,
      "degree_1777": 3,
      "degree_1778": 3,
      "end": 1777,
      "gender": "male",
      "id": 2,
      "modularity": 1,
      "name": "John Bekker",
      "race": "white",
      "start": 1750
    },
    {
      "between_1748": 0,
      "between_1749": 0,
      "between_1750": 0,
      "between_1751": 0,
      "between_1752": 0,
      "between_1753": 0,
      "between_1754": 0,
      "between_1755": 0,
      "between_1756": 0,
      "between_1757": 0,
      "between_1758": 0,
      "between_1759": 0,
      "between_1760": 0,
      "between_1761": 0,
      "between_1762": 0,
      "between_1763": 0,
      "between_1764": 0,
      "between_1765": 0,
      "between_1766": 0,
      "between_1767": 0,
      "between_1768": 0,
      "between_1769": 0,
      "between_1770": 0,
      "between_1771": 0,
      "between_1772": 0,
      "between_1773": 0,
      "between_1774": 0,
      "between_1775": 0,
      "between_1776": 0,
      "between_1777": 0,
      "between_1778": 0,
      "betweenness": 0,
      "bridge": "female_bridge",
      "degree": 3,
      "degree_1748": 1,
      "degree_1749": 1,
      "degree_1750": 1,
      "degree_1751": 1,
      "degree_1752": 1,
      "degree_1753": 1,
      "degree_1754": 1,
      "degree_1755": 1,
      "degree_1756": 1,
      "degree_1757": 1,
      "degree_1758": 1,
      "degree_1759": 1,
      "degree_1760": 1,
      "degree_1761": 1,
      "degree_1762": 1,
      "degree_1763": 1,
      "degree_1764": 2,
      "degree_1765": 2,
      "degree_1766": 2,
      "degree_1767": 3,
      "degree_1768": 3,
      "degree_1769": 2,
      "degree_1770": 2,
      "degree_1771": 2,
      "degree_1772": 2,
      "degree_1773": 2,
      "degree_1774": 2,
      "degree_1775": 2,
      "degree_1776": 2,
      "degree_1777": 2,
      "degree_1778": 2,
      "end": 1777,
      "gender": "female",
      "id": 3,
      "modularity": 2,
      "name": "Catharina Bekker",
      "race": "white",
      "start": 1748
    },
    {
      "between_1748": 0,
      "between_1749": 0,
      "between_1750": 0,
      "between_1751": 0,
      "between_1752": 0,
      "between_1753": 0,
      "between_1754": 0,
      "between_1755": 0,
      "between_1756": 0,
      "between_1757": 0,
      "between_1758": 0,
      "between_1759": 0,
      "between_1760": 0,
      "between_1761": 0,
      "between_1762": 0,
      "between_1763": 0,
      "between_1764": 0,
      "between_1765": 0,
      "between_1766": 0,
      "between_1767": 0,
      "between_1768": 0,
      "between_1769": 0,
      "between_1770": 0,
      "between_1771": 0,
      "between_1772": 0,
      "between_1773": 0,
      "between_1774": 0,
      "between_1775": 0,
      "between_1776": 0,
      "between_1777": 0,
      "between_1778": 0,
      "betweenness": 0,
      "bridge": "female_bridge",
      "degree": 2,
      "degree_1748": 0,
      "degree_1749": 0,
      "degree_1750": 0,
      "degree_1751": 0,
      "degree_1752": 0,
      "degree_1753": 0,
      "degree_1754": 0,
      "degree_1755": 0,
      "degree_1756": 0,
      "degree_1757": 0,
      "degree_1758": 0,
      "degree_1759": 1,
      "degree_1760": 1,
      "degree_1761": 1,
      "degree_1762": 1,
      "degree_1763": 1,
      "degree_1764": 1,
      "degree_1765": 1,
      "degree_1766": 1,
      "degree_1767": 1,
      "degree_1768": 1,
      "degree_1769": 1,
      "degree_1770": 1,
      "degree_1771": 2,
      "degree_1772": 2,
      "degree_1773": 2,
      "degree_1774": 2,
      "degree_1775": 2,
      "degree_1776": 2,
      "degree_1777": 2,
      "degree_1778": 2,
      "end": 1777,
      "gender": "female",
      "id": 503,
      "modularity": 2,
      "name": "Anna Maria Bekker",
      "race": "white",
      "start": 1759
    },
    {
      "between_1748": 0,
      "between_1749": 0,
      "between_1750": 0,
      "between_1751": 0,
      "between_1752": 0,
      "between_1753": 0,
      "between_1754": 0,
      "between_1755": 0,
      "between_1756": 0,
      "between_1757": 0,
      "between_1758": 0,
      "between_1759": 0,
      "between_1760": 0,
      "between_1761": 0,
      "between_1762": 0,
      "between_1763": 0,
      "between_1764": 0,
      "between_1765": 0,
      "between_1766": 0,
      "between_1767": 0,
      "between_1768": 0,
      "between_1769": 0,
      "between_1770": 0,
      "between_1771": 0,
      "between_1772": 0,
      "between_1773": 0,
      "between_1774": 0,
      "between_1775": 0,
      "between_1776": 0,
      "between_1777": 0,
      "between_1778": 0,
      "betweenness": 0,
      "bridge": "male_bridge",
      "degree": 2,
      "degree_1748": 0,
      "degree_1749": 0,
      "degree_1750": 0,
      "degree_1751": 0,
      "degree_1752": 0,
      "degree_1753": 0,
      "degree_1754": 0,
      "degree_1755": 0,
      "degree_1756": 0,
      "degree_1757": 0,
      "degree_1758": 0,
      "degree_1759": 0,
      "degree_1760": 0,
      "degree_1761": 0,
      "degree_1762": 0,
      "degree_1763": 0,
      "degree_1764": 0,
      "degree_1765": 0,
      "degree_1766": 0,
      "degree_1767": 0,
      "degree_1768": 1,
      "degree_1769": 1,
      "degree_1770": 1,
      "degree_1771": 1,
      "degree_1772": 2,
      "degree_1773": 2,
      "degree_1774": 2,
      "degree_1775": 2,
      "degree_1776": 2,
      "degree_1777": 2,
      "degree_1778": 2,
      "end": 1777,
      "gender": "male",
      "id": 1669,
      "modularity": 1,
      "name": "Peter Bekker",
      "race": "white",
      "start": 1768
    },
    {
      "between_1748": 0,
      "between_1749": 0,
      "between_1750": 0,
      "between_1751": 0,
      "between_1752": 0,
      "between_1753": 0,
      "between_1754": 0,
      "between_1755": 0,
      "between_1756": 0,
      "between_1757": 0,
      "between_1758": 0,
      "between_1759": 0,
      "between_1760": 0,
      "between_1761": 0,
      "between_1762": 0,
      "between_1763": 0,
      "between_1764": 0,
      "between_1765": 0,
      "between_1766": 0,
      "between_1767": 0,
      "between_1768": 0,
      "between_1769": 0,
      "between_1770": 0,
      "between_1771": 0,
      "between_1772": 0,
      "between_1773": 0,
      "between_1774": 0,
      "between_1775": 0,
      "between_1776": 0,
      "between_1777": 0,
      "between_1778": 0,
      "betweenness": 0,
      "bridge": "male_bridge",
      "degree": 3,
      "degree_1748": 1,
      "degree_1749": 1,
      "degree_1750": 1,
      "degree_1751": 1,
      "degree_1752": 1,
      "degree_1753": 1,
      "degree_1754": 1,
      "degree_1755": 1,
      "degree_1756": 1,
      "degree_1757": 1,
      "degree_1758": 1,
      "degree_1759": 1,
      "degree_1760": 1,
      "degree_1761": 1,
      "degree_1762": 1,
      "degree_1763": 1,
      "degree_1764": 1,
      "degree_1765": 2,
      "degree_1766": 2,
      "degree_1767": 2,
      "degree_1768": 2,
      "degree_1769": 1,
      "degree_1770": 1,
      "degree_1771": 1,
      "degree_1772": 2,
      "degree_1773": 2,
      "degree_1774": 2,
      "degree_1775": 2,
      "degree_1776": 2,
      "degree_1777": 2,
      "degree_1778": 2,
      "end": 1777,
      "gender": "male",
      "id": 46,
      "modularity": 3,
      "name": "Conrad Bekker",
      "race": "white",
      "start": 1748
    },
    {
      "between_1748": 0,
      "between_1749": 0,
      "between_1750": 0,
      "between_1751": 0,
      "between_1752": 0,
      "between_1753": 0,
      "between_1754": 0,
      "between_1755": 0,
      "between_1756": 0,
      "between_1757": 0,
      "between_1758": 0,
      "between_1759": 0,
      "between_1760": 0,
      "between_1761": 0,
      "between_1762": 0,
      "between_1763": 0,
      "between_1764": 0,
      "between_1765": 0,
      "between_1766": 0,
      "between_1767": 0,
      "between_1768": 0,
      "between_1769": 0,
      "between_1770": 0,
      "between_1771": 0,
      "between_1772": 0,
      "between_1773": 0,
      "between_1774": 0,
      "between_1775": 0,
      "between_1776": 0,
      "between_1777": 0,
      "between_1778": 0,
      "betweenness": 0,
      "bridge": "false",
      "degree": 1,
      "degree_1748": 0,
      "degree_1749": 0,
      "degree_1750": 0,
      "degree_1751": 0,
      "degree_1752": 0,
      "degree_1753": 0,
      "degree_1754": 0,
      "degree_1755": 0,
      "degree_1756": 0,
      "degree_1757": 0,
      "degree_1758": 0,
      "degree_1759": 0,
      "degree_1760": 0,
      "degree_1761": 0,
      "degree_1762": 0,
      "degree_1763": 0,
      "degree_1764": 0,
      "degree_1765": 0,
      "degree_1766": 0,
      "degree_1767": 0,
      "degree_1768": 0,
      "degree_1769": 0,
      "degree_1770": 0,
      "degree_1771": 0,
      "degree_1772": 1,
      "degree_1773": 1,
      "degree_1774": 1,
      "degree_1775": 1,
      "degree_1776": 1,
      "degree_1777": 1,
      "degree_1778": 1,
      "end": 1777,
      "gender": "female",
      "id": 1422,
      "modularity": 3,
      "name": "Maria Bekker",
      "race": "white",
      "start": 1772
    },
    {
      "between_1748": 0,
      "between_1749": 0,
      "between_1750": 0,
      "between_1751": 0,
      "between_1752": 0,
      "between_1753": 0,
      "between_1754": 0,
      "between_1755": 0,
      "between_1756": 0,
      "between_1757": 0,
      "between_1758": 0,
      "between_1759": 0,
      "between_1760": 0,
      "between_1761": 0,
      "between_1762": 0,
      "between_1763": 0,
      "between_1764": 0,
      "between_1765": 0,
      "between_1766": 0,
      "between_1767": 0,
      "between_1768": 0,
      "between_1769": 0,
      "between_1770": 0,
      "between_1771": 0,
      "between_1772": 0,
      "between_1773": 0,
      "between_1774": 0,
      "between_1775": 0,
      "between_1776": 0,
      "between_1777": 0,
      "between_1778": 0,
      "betweenness": 0,
      "bridge": "male_bridge",
      "degree": 3,
      "degree_1748": 0,
      "degree_1749": 0,
      "degree_1750": 0,
      "degree_1751": 0,
      "degree_1752": 0,
      "degree_1753": 0,
      "degree_1754": 0,
      "degree_1755": 0,
      "degree_1756": 0,
      "degree_1757": 0,
      "degree_1758": 0,
      "degree_1759": 0,
      "degree_1760": 0,
      "degree_1761": 0,
      "degree_1762": 1,
      "degree_1763": 1,
      "degree_1764": 2,
      "degree_1765": 2,
      "degree_1766": 2,
      "degree_1767": 2,
      "degree_1768": 2,
      "degree_1769": 2,
      "degree_1770": 2,
      "degree_1771": 3,
      "degree_1772": 3,
      "degree_1773": 3,
      "degree_1774": 3,
      "degree_1775": 3,
      "degree_1776": 3,
      "degree_1777": 3,
      "degree_1778": 3,
      "end": 1777,
      "gender": "male",
      "id": 1008,
      "modularity": 2,
      "name": "Jacob Bekker",
      "race": "white",
      "start": 1762
    },
    {
      "between_1748": 0,
      "between_1749": 0,
      "between_1750": 0,
      "between_1751": 0,
      "between_1752": 0,
      "between_1753": 0,
      "between_1754": 0,
      "between_1755": 0,
      "between_1756": 0,
      "between_1757": 0,
      "between_1758": 0,
      "between_1759": 0,
      "between_1760": 0,
      "between_1761": 0,
      "between_1762": 0,
      "between_1763": 0,
      "between_1764": 0,
      "between_1765": 0,
      "between_1766": 0,
      "between_1767": 0,
      "between_1768": 0,
      "between_1769": 0,
      "between_1770": 0,
      "between_1771": 0,
      "between_1772": 0,
      "between_1773": 0,
      "between_1774": 0,
      "between_1775": 0,
      "between_1776": 0,
      "between_1777": 0,
      "between_1778": 0,
      "betweenness": 0,
      "bridge": "false",
      "degree": 1,
      "degree_1748": 0,
      "degree_1749": 0,
      "degree_1750": 0,
      "degree_1751": 0,
      "degree_1752": 0,
      "degree_1753": 0,
      "degree_1754": 0,
      "degree_1755": 0,
      "degree_1756": 0,
      "degree_1757": 0,
      "degree_1758": 0,
      "degree_1759": 0,
      "degree_1760": 0,
      "degree_1761": 0,
      "degree_1762": 1,
      "degree_1763": 1,
      "degree_1764": 1,
      "degree_1765": 1,
      "degree_1766": 1,
      "degree_1767": 1,
      "degree_1768": 1,
      "degree_1769": 1,
      "degree_1770": 1,
      "degree_1771": 1,
      "degree_1772": 1,
      "degree_1773": 1,
      "degree_1774": 1,
      "degree_1775": 1,
      "degree_1776": 1,
      "degree_1777": 1,
      "degree_1778": 1,
      "end": 1777,
      "gender": "female",
      "id": 1009,
      "modularity": 2,
      "name": "Catharina Mertz",
      "race": "white",
      "start": 1762
    },
    {
      "between_1748": 0,
      "between_1749": 0,
      "between_1750": 0,
      "between_1751": 0,
      "between_1752": 0,
      "between_1753": 0,
      "between_1754": 0,
      "between_1755": 0,
      "between_1756": 0,
      "between_1757": 0,
      "between_1758": 0,
      "between_1759": 0,
      "between_1760": 0,
      "between_1761": 0,
      "between_1762": 0,
      "between_1763": 0,
      "between_1764": 0,
      "between_1765": 0,
      "between_1766": 0,
      "between_1767": 0,
      "between_1768": 0,
      "between_1769": 0,
      "between_1770": 0,
      "between_1771": 0,
      "between_1772": 0,
      "between_1773": 0,
      "between_1774": 0,
      "between_1775": 0,
      "between_1776": 0,
      "between_1777": 0,
      "between_1778": 0,
      "betweenness": 0,
      "bridge": "male_bridge",
      "degree": 2,
      "degree_1748": 0,
      "degree_1749": 0,
      "degree_1750": 0,
      "degree_1751": 0,
      "degree_1752": 0,
      "degree_1753": 0,
      "degree_1754": 0,
      "degree_1755": 0,
      "degree_1756": 0,
      "degree_1757": 0,
      "degree_1758": 0,
      "degree_1759": 0,
      "degree_1760": 0,
      "degree_1761": 1,
      "degree_1762": 1,
      "degree_1763": 1,
      "degree_1764": 1,
      "degree_1765": 1,
      "degree_1766": 1,
      "degree_1767": 1,
      "degree_1768": 1,
      "degree_1769": 1,
      "degree_1770": 2,
      "degree_1771": 2,
      "degree_1772": 2,
      "degree_1773": 2,
      "degree_1774": 2,
      "degree_1775": 2,
      "degree_1776": 2,
      "degree_1777": 2,
      "degree_1778": 2,
      "end": 1777,
      "gender": "male",
      "id": 850,
      "modularity": 0,
      "name": "Bernard Bekker",
      "race": "white",
      "start": 1761
    },
    {
      "between_1748": 0,
      "between_1749": 0,
      "between_1750": 0,
      "between_1751": 0,
      "between_1752": 0,
      "between_1753": 0,
      "between_1754": 0,
      "between_1755": 0,
      "between_1756": 0,
      "between_1757": 0,
      "between_1758": 0,
      "between_1759": 0,
      "between_1760": 0,
      "between_1761": 0,
      "between_1762": 0,
      "between_1763": 0,
      "between_1764": 0,
      "between_1765": 0,
      "between_1766": 0,
      "between_1767": 0,
      "between_1768": 0,
      "between_1769": 0,
      "between_1770": 0,
      "between_1771": 0,
      "between_1772": 0,
      "between_1773": 0,
      "between_1774": 0,
      "between_1775": 0,
      "between_1776": 0,
      "between_1777": 0,
      "between_1778": 0,
      "betweenness": 0,
      "bridge": "false",
      "degree": 1,
      "degree_1748": 0,
      "degree_1749": 0,
      "degree_1750": 0,
      "degree_1751": 0,
      "degree_1752": 0,
      "degree_1753": 0,
      "degree_1754": 0,
      "degree_1755": 0,
      "degree_1756": 0,
      "degree_1757": 0,
      "degree_1758": 0,
      "degree_1759": 0,
      "degree_1760": 0,
      "degree_1761": 1,
      "degree_1762": 1,
      "degree_1763": 1,
      "degree_1764": 1,
      "degree_1765": 1,
      "degree_1766": 1,
      "degree_1767": 1,
      "degree_1768": 1,
      "degree_1769": 1,
      "degree_1770": 1,
      "degree_1771": 1,
      "degree_1772": 1,
      "degree_1773": 1,
      "degree_1774": 1,
      "degree_1775": 1,
      "degree_1776": 1,
      "degree_1777": 1,
      "degree_1778": 1,
      "end": 1777,
      "gender": "female",
      "id": 851,
      "modularity": 0,
      "name": "Anna Elizabeth Bekker",
      "race": "white",
      "start": 1761
    },
    {
      "between_1748": 0,
      "between_1749": 0,
      "between_1750": 0,
      "between_1751": 0,
      "between_1752": 0,
      "between_1753": 0,
      "between_1754": 0,
      "between_1755": 0,
      "between_1756": 0,
      "between_1757": 0,
      "between_1758": 0,
      "between_1759": 0,
      "between_1760": 0,
      "between_1761": 0,
      "between_1762": 0,
      "between_1763": 0,
      "between_1764": 0,
      "between_1765": 0,
      "between_1766": 0,
      "between_1767": 0,
      "between_1768": 0,
      "between_1769": 0,
      "between_1770": 0,
      "between_1771": 0,
      "between_1772": 0,
      "between_1773": 0,
      "between_1774": 0,
      "between_1775": 0,
      "between_1776": 0,
      "between_1777": 0,
      "between_1778": 0,
      "betweenness": 0,
      "bridge": "false",
      "degree": 1,
      "degree_1748": 0,
      "degree_1749": 0,
      "degree_1750": 0,
      "degree_1751": 0,
      "degree_1752": 0,
      "degree_1753": 0,
      "degree_1754": 0,
      "degree_1755": 0,
      "degree_1756": 0,
      "degree_1757": 0,
      "degree_1758": 0,
      "degree_1759": 0,
      "degree_1760": 0,
      "degree_1761": 0,
      "degree_1762": 0,
      "degree_1763": 0,
      "degree_1764": 0,
      "degree_1765": 1,
      "degree_1766": 1,
      "degree_1767": 1,
      "degree_1768": 1,
      "degree_1769": 1,
      "degree_1770": 1,
      "degree_1771": 1,
      "degree_1772": 1,
      "degree_1773": 1,
      "degree_1774": 1,
      "degree_1775": 1,
      "degree_1776": 1,
      "degree_1777": 1,
      "degree_1778": 1,
      "end": 1777,
      "gender": "female",
      "id": 1076,
      "modularity": 3,
      "name": "Maria Elizabeth Bekker",
      "race": "white",
      "start": 1765
    },
    {
      "between_1748": 0,
      "between_1749": 0,
      "between_1750": 0,
      "between_1751": 0,
      "between_1752": 0,
      "between_1753": 0,
      "between_1754": 0,
      "between_1755": 0,
      "between_1756": 0,
      "between_1757": 0,
      "between_1758": 0,
      "between_1759": 0,
      "between_1760": 0,
      "between_1761": 0,
      "between_1762": 0,
      "between_1763": 0,
      "between_1764": 0,
      "between_1765": 0,
      "between_1766": 0,
      "between_1767": 0,
      "between_1768": 0,
      "between_1769": 0,
      "between_1770": 0,
      "between_1771": 0,
      "between_1772": 0,
      "between_1773": 0,
      "between_1774": 0,
      "between_1775": 0,
      "between_1776": 0,
      "between_1777": 0,
      "between_1778": 0,
      "betweenness": 0,
      "bridge": "male_bridge",
      "degree": 2,
      "degree_1748": 1,
      "degree_1749": 1,
      "degree_1750": 1,
      "degree_1751": 1,
      "degree_1752": 1,
      "degree_1753": 1,
      "degree_1754": 1,
      "degree_1755": 1,
      "degree_1756": 1,
      "degree_1757": 1,
      "degree_1758": 1,
      "degree_1759": 1,
      "degree_1760": 1,
      "degree_1761": 1,
      "degree_1762": 1,
      "degree_1763": 1,
      "degree_1764": 1,
      "degree_1765": 1,
      "degree_1766": 1,
      "degree_1767": 1,
      "degree_1768": 1,
      "degree_1769": 0,
      "degree_1770": 0,
      "degree_1771": 1,
      "degree_1772": 1,
      "degree_1773": 1,
      "degree_1774": 1,
      "degree_1775": 1,
      "degree_1776": 1,
      "degree_1777": 1,
      "degree_1778": 1,
      "end": 1777,
      "gender": "male",
      "id": 53,
      "modularity": 0,
      "name": "George Bekker",
      "race": "white",
      "start": 1748
    },
    {
      "between_1748": 0,
      "between_1749": 0,
      "between_1750": 0,
      "between_1751": 0,
      "between_1752": 0,
      "between_1753": 0,
      "between_1754": 0,
      "between_1755": 0,
      "between_1756": 0,
      "between_1757": 0,
      "between_1758": 0,
      "between_1759": 0,
      "between_1760": 0,
      "between_1761": 0,
      "between_1762": 0,
      "between_1763": 0,
      "between_1764": 0,
      "between_1765": 0,
      "between_1766": 0,
      "between_1767": 0,
      "between_1768": 0,
      "between_1769": 0,
      "between_1770": 0,
      "between_1771": 0,
      "between_1772": 0,
      "between_1773": 0,
      "between_1774": 0,
      "between_1775": 0,
      "between_1776": 0,
      "between_1777": 0,
      "between_1778": 0,
      "betweenness": 0,
      "bridge": "female_bridge",
      "degree": 2,
      "degree_1748": 1,
      "degree_1749": 1,
      "degree_1750": 1,
      "degree_1751": 1,
      "degree_1752": 1,
      "degree_1753": 1,
      "degree_1754": 1,
      "degree_1755": 1,
      "degree_1756": 1,
      "degree_1757": 1,
      "degree_1758": 1,
      "degree_1759": 1,
      "degree_1760": 1,
      "degree_1761": 1,
      "degree_1762": 1,
      "degree_1763": 1,
      "degree_1764": 1,
      "degree_1765": 1,
      "degree_1766": 1,
      "degree_1767": 1,
      "degree_1768": 1,
      "degree_1769": 0,
      "degree_1770": 0,
      "degree_1771": 0,
      "degree_1772": 0,
      "degree_1773": 1,
      "degree_1774": 1,
      "degree_1775": 1,
      "degree_1776": 1,
      "degree_1777": 1,
      "degree_1778": 1,
      "end": 1777,
      "gender": "female",
      "id": 54,
      "modularity": 0,
      "name": "Margaret Bekker",
      "race": "white",
      "start": 1748
    },
    {
      "between_1748": 0,
      "between_1749": 0,
      "between_1750": 0,
      "between_1751": 0,
      "between_1752": 0,
      "between_1753": 0,
      "between_1754": 0,
      "between_1755": 0,
      "between_1756": 0,
      "between_1757": 0,
      "between_1758": 0,
      "between_1759": 0,
      "between_1760": 0,
      "between_1761": 0,
      "between_1762": 0,
      "between_1763": 0,
      "between_1764": 0,
      "between_1765": 0,
      "between_1766": 0,
      "between_1767": 0,
      "between_1768": 0,
      "between_1769": 0,
      "between_1770": 0,
      "between_1771": 0,
      "between_1772": 0,
      "between_1773": 0,
      "between_1774": 0,
      "between_1775": 0,
      "between_1776": 0,
      "between_1777": 0,
      "between_1778": 0,
      "betweenness": 0,
      "bridge": "false",
      "degree": 1,
      "degree_1748": 0,
      "degree_1749": 0,
      "degree_1750": 0,
      "degree_1751": 0,
      "degree_1752": 0,
      "degree_1753": 0,
      "degree_1754": 0,
      "degree_1755": 0,
      "degree_1756": 0,
      "degree_1757": 0,
      "degree_1758": 0,
      "degree_1759": 0,
      "degree_1760": 0,
      "degree_1761": 0,
      "degree_1762": 0,
      "degree_1763": 0,
      "degree_1764": 0,
      "degree_1765": 0,
      "degree_1766": 0,
      "degree_1767": 0,
      "degree_1768": 1,
      "degree_1769": 1,
      "degree_1770": 1,
      "degree_1771": 1,
      "degree_1772": 1,
      "degree_1773": 1,
      "degree_1774": 1,
      "degree_1775": 1,
      "degree_1776": 1,
      "degree_1777": 1,
      "degree_1778": 1,
      "end": 1777,
      "gender": "male",
      "id": 1943,
      "modularity": 1,
      "name": "John Fuchs",
      "race": "white",
      "start": 1768
    },
    {
      "between_1748": 0,
      "between_1749": 0,
      "between_1750": 0,
      "between_1751": 0,
      "between_1752": 0,
      "between_1753": 0,
      "between_1754": 0,
      "between_1755": 0,
      "between_1756": 0,
      "between_1757": 0,
      "between_1758": 0,
      "between_1759": 0,
      "between_1760": 0,
      "between_1761": 0,
      "between_1762": 0,
      "between_1763": 0,
      "between_1764": 0,
      "between_1765": 0,
      "between_1766": 0,
      "between_1767": 0,
      "between_1768": 0,
      "between_1769": 0,
      "between_1770": 0,
      "between_1771": 0,
      "between_1772": 0,
      "between_1773": 0,
      "between_1774": 0,
      "between_1775": 0,
      "between_1776": 0,
      "between_1777": 0,
      "between_1778": 0,
      "betweenness": 0,
      "bridge": "false",
      "degree": 1,
      "degree_1748": 0,
      "degree_1749": 0,
      "degree_1750": 0,
      "degree_1751": 0,
      "degree_1752": 0,
      "degree_1753": 0,
      "degree_1754": 0,
      "degree_1755": 0,
      "degree_1756": 0,
      "degree_1757": 0,
      "degree_1758": 0,
      "degree_1759": 1,
      "degree_1760": 1,
      "degree_1761": 1,
      "degree_1762": 1,
      "degree_1763": 1,
      "degree_1764": 1,
      "degree_1765": 1,
      "degree_1766": 1,
      "degree_1767": 1,
      "degree_1768": 1,
      "degree_1769": 1,
      "degree_1770": 1,
      "degree_1771": 1,
      "degree_1772": 1,
      "degree_1773": 1,
      "degree_1774": 1,
      "degree_1775": 1,
      "degree_1776": 1,
      "degree_1777": 1,
      "degree_1778": 1,
      "end": 1777,
      "gender": "male",
      "id": 502,
      "modularity": 2,
      "name": "Philip Bekker",
      "race": "white",
      "start": 1759
    },
    {
      "between_1748": 0,
      "between_1749": 0,
      "between_1750": 0,
      "between_1751": 0,
      "between_1752": 0,
      "between_1753": 0,
      "between_1754": 0,
      "between_1755": 0,
      "between_1756": 0,
      "between_1757": 0,
      "between_1758": 0,
      "between_1759": 0,
      "between_1760": 0,
      "between_1761": 0,
      "between_1762": 0,
      "between_1763": 0,
      "between_1764": 0,
      "between_1765": 0,
      "between_1766": 0,
      "between_1767": 0,
      "between_1768": 0,
      "between_1769": 0,
      "between_1770": 0,
      "between_1771": 0,
      "between_1772": 0,
      "between_1773": 0,
      "between_1774": 0,
      "between_1775": 0,
      "between_1776": 0,
      "between_1777": 0,
      "between_1778": 0,
      "betweenness": 0,
      "bridge": "false",
      "degree": 1,
      "degree_1748": 0,
      "degree_1749": 0,
      "degree_1750": 1,
      "degree_1751": 1,
      "degree_1752": 1,
      "degree_1753": 1,
      "degree_1754": 1,
      "degree_1755": 1,
      "degree_1756": 1,
      "degree_1757": 1,
      "degree_1758": 1,
      "degree_1759": 1,
      "degree_1760": 1,
      "degree_1761": 1,
      "degree_1762": 1,
      "degree_1763": 1,
      "degree_1764": 1,
      "degree_1765": 1,
      "degree_1766": 1,
      "degree_1767": 1,
      "degree_1768": 1,
      "degree_1769": 1,
      "degree_1770": 1,
      "degree_1771": 0,
      "degree_1772": 0,
      "degree_1773": 0,
      "degree_1774": 0,
      "degree_1775": 0,
      "degree_1776": 0,
      "degree_1777": 0,
      "degree_1778": 0,
      "end": 1770,
      "gender": "female",
      "id": 250,
      "modularity": 1,
      "name": "Barbara Scheidegger",
      "race": "white",
      "start": 1750
    },
    {
      "between_1748": 0,
      "between_1749": 0,
      "between_1750": 0,
      "between_1751": 0,
      "between_1752": 0,
      "between_1753": 0,
      "between_1754": 0,
      "between_1755": 0,
      "between_1756": 0,
      "between_1757": 0,
      "between_1758": 0,
      "between_1759": 0,
      "between_1760": 0,
      "between_1761": 0,
      "between_1762": 0,
      "between_1763": 0,
      "between_1764": 0,
      "between_1765": 0,
      "between_1766": 0,
      "between_1767": 0,
      "between_1768": 0,
      "between_1769": 0,
      "between_1770": 0,
      "between_1771": 0,
      "between_1772": 0,
      "between_1773": 0,
      "between_1774": 0,
      "between_1775": 0,
      "between_1776": 0,
      "between_1777": 0,
      "between_1778": 0,
      "betweenness": 0,
      "bridge": "female_bridge",
      "degree": 2,
      "degree_1748": 0,
      "degree_1749": 0,
      "degree_1750": 0,
      "degree_1751": 0,
      "degree_1752": 0,
      "degree_1753": 0,
      "degree_1754": 0,
      "degree_1755": 0,
      "degree_1756": 0,
      "degree_1757": 0,
      "degree_1758": 0,
      "degree_1759": 0,
      "degree_1760": 0,
      "degree_1761": 0,
      "degree_1762": 0,
      "degree_1763": 0,
      "degree_1764": 0,
      "degree_1765": 0,
      "degree_1766": 1,
      "degree_1767": 1,
      "degree_1768": 1,
      "degree_1769": 1,
      "degree_1770": 1,
      "degree_1771": 1,
      "degree_1772": 2,
      "degree_1773": 2,
      "degree_1774": 2,
      "degree_1775": 2,
      "degree_1776": 2,
      "degree_1777": 2,
      "degree_1778": 2,
      "end": 1777,
      "gender": "female",
      "id": 379,
      "modularity": 1,
      "name": "Maria Magdalene Bekker",
      "race": "white",
      "start": 1766
    }
  ]
}