id,name,gender,race
0,Jacob Kern,male,white
1,Catharina Schneider,female,white
2,John Bekker,male,white
3,Catharina Bekker,female,white
4,William Gerhard,male,white
5,Maria Catherine Gugger,female,white
6,Adam Herwitt,male,white
7,Margaret Schmied,female,white
8,John Schweindt,male,white
9,Anna Elizabeth Schweindt,female,white
10,Jacob Bum,male,white
11,Maria Elizabeth Bum,female,white
12,Jacob Hausmann,male,white
13,Maria Barbara Smith,female,white
14,Michael Haan,male,white
15,Maria Catherine Haan,female,white
16,Peter Nygh,male,white
17,Catharina Wykop,female,white
18,Valentyn Leonhardt,male,white
19,Elizabeth Wallacher,female,white
20,John George Brunner,male,white
21,Maria Brunner,female,white
22,Philip Andre,male,white
23,Magdalena Andre,female,white
24,David Ivens,male,white
25,Elizabeth Conrad,female,white
26,Richard Meigs,male,white
27,Catharina Heims,female,white
28,Christopher Scheibler,male,white
29,Barbara Margaret Meininger,female,white
30,Ludwig German,male,white
31,Catharina German,female,white
32,Henry Rohrer,male,white
33,Margaret Rohrer,female,white
34,George Theobald Hoffstetler,male,white
35,Anna Maria Hoffstetler,female,white
36,Michael Schlatter,male,white
37,Maria Schleydorn,female,white
38,John Philipse Weinheimer,male,white
39,Anna Barbara Jantzen,female,white
40,John Henry Klemer,male,white
41,Anna Klemer,female,white
42,Caspar Bindschaedler,male,white
43,Catharina Fischer,female,white
44,John Peter Mohr,male,white
45,Margaret Mohr,female,white
46,Conrad Bekker,male,white
47,Martin Grieder,male,white
48,Adelhait Hoffman Saehly,unknown,white
49,Michael Bekker,male,white
50,Anna Margaret Kleyn,female,white
51,John Beisser,male,white
52,Anna Maria Slieman,female,white
53,George Bekker,male,white
54,Margaret Bekker,female,white
55,John Peter Pfeiffer,male,white
56,Anna Maria Pfeiffer,female,white
57,John Jacob Walter,male,white
58,Anna Catherine Gultin,female,white
59,Mattheus Sehrot,male,white
60,Anna Maria Braun,female,white
61,Peter Wegelin,male,white
62,Anna Margaret Wegelin,female,white
63,Peter Tauber,male,white
64,Anna Maria Tauber,female,white
65,John Bernard Lauberschweiler,male,white
66,Jacob Utre,male,white
67,John Steigenberger,male,white
68,Margaret Wiedmer,female,white
69,Valentyn Smith,male,white
70,Elizabeth Hug,female,white
71,Philip Peter Walter,male,white
72,Anna Maria Walter,female,white
73,Nicholas Riebel,male,white
74,Susanna Maria Riebel,female,white
75,Ulrich Seibel,male,white
76,Susanna Seibel,female,white
77,John Peter Haan,male,white
78,Anna Margaret Haan,female,white
79,John Jacob Rau,male,white
80,Anna Maria Rau,female,white
81,Christian Zuder,male,white
82,Magdalena Zuder,female,white
83,John Jacob Fisler,male,white
84,Sophia Kleyn,female,white
85,Theobald Diel,male,white
86,Anna Barbara Diel,female,white
87,John Wolff,male,white
88,Anna Utre,female,white
89,Frederick Thor,male,white
90,Sybil Thor,female,white
91,Antoine Herb,male,white
92,Eva Grobheuter,female,white
93,John Conrad,male,white
94,Rachel Wegman,female,white
95,Andrew Klemer,male,white
96,Catharina Dietrich,female,white
97,John George Bender,male,white
98,Sophia Bender,female,white
99,Leonard Melchior,male,white
100,Anna Maria Kleyn,female,white
101,John Stryker,male,white
102,Anna Wernem,female,white
103,Daniel Steinmetz,male,white
104,Anna Maria Scherer,female,white
105,Jacob Hess,male,white
106,Elizabeth Lomay,female,white
107,Jacob Daubendistel,male,white
108,Barbara Daubendistel,female,white
109,Jacob Frack,male,white
110,Susanna Frack,female,white
111,Rudolph Buchy,male,white
112,Catharina Egg,female,white
113,Caspar Weidman,male,white
114,Johanna Job,female,white
115,Valentyn Trop,male,white
116,Catharina Deling,female,white
117,Caspar Bossart,male,white
118,Deborah Jokom,female,white
119,Anna Barbara Weinheimer,female,white
120,John Beltz,male,white
121,Anna Gertrude Kern,female,white
122,Wilhelmina Bouton,female,white
123,Valentyn Bayer,male,white
124,Wife Of Valentine Bayer,female,white
125,Samuel Zuder,male,white
126,Elizabeth Faricht,female,white
127,John George Schneider,male,white
128,Verena Haeffelfinger,female,white
129,Alexander Satler,male,white
130,Elizabeth Satler,female,white
131,Jacob Pfister,male,white
132,Magdalena Unbehand,female,white
133,Adam Schneider,male,white
134,Nicholas Jost,male,white
135,Catharina Class,female,white
136,Francis Jay,male,white
137,Anna Elizabeth Leineweber,female,white
138,Adam Keck,male,white
139,Anna Margaret Keck,female,white
140,John Dewald,male,white
141,Anna Maria Dewald,female,white
142,Anna Maria Galli,female,white
143,John Gerhard Schneider,male,white
144,Maria Catherine Stamm,female,white
145,John Joseph Blacher,male,white
146,Anna Magdalene Dantzenbecher,female,white
147,Henry Klemer,male,white
148,Anna Maria Klemer,female,white
149,John Christian Birkenbeil,male,white
150,Maria Elizabeth Birkenbeil,female,white
151,Ulrich Mischler,male,white
152,Elenor Miehler,female,white
153,Christian Lentz,male,white
154,Barbara Lentz,female,white
155,Henry Bayer,male,white
156,Catharina Reiss,female,white
157,Henry Glenz,male,white
158,Susanna Glenz,female,white
159,John Meininger,male,white
160,Anna Maria Meininger,female,white
161,John Friederich,male,white
162,Susanna Neig,female,white
163,John Haselvang,male,white
164,Anna Maria Schmied,female,white
165,Simon Pilanus,male,white
166,Catharina Pilanus,female,white
167,Jacob Weidman,male,white
168,Catharina Fayfard,female,white
169,John Moses Ganty,male,white
170,Margaret Baldrick,female,white
171,John Michael Hartman,male,white
172,Wilhelmina Sophia Kisewetter,female,white
173,Frederick Maus,male,white
174,Susanna Margaret Weber,female,white
175,Andrew Gempeler,male,white
176,Susanna Maria Olabacher,female,white
177,Henry Weinheimer,male,white
178,Anna Maria Kuentz,female,white
179,John Peter Magold,male,white
180,Elizabeth Stern,female,white
181,John Grieder,male,white
182,Elizabeth Nuesli,female,white
183,Christian Matthew Gobeler,male,white
184,Anna Margaret Leutspach,female,white
185,John Waal,male,white
186,Anna Margaret Greininger,female,white
187,John William Weber,male,white
188,Christian Baechlein,male,white
189,Catharina Froelich,female,white
190,Frederick Haan,male,white
191,Susanna Fischer,female,white
192,Nicholas Leiser,male,white
193,Anna Catherine Leiser,female,white
194,John Rudy,male,white
195,Regina Naef,female,white
196,Jacob Remy,male,white
197,Margaret Strohauer,female,white
198,John Michael Schwob,male,white
199,Catharina Christine Volz,female,white
200,Conrad Geidlinger,male,white
201,Apollonia Geidlinger,female,white
202,Jacob Waisner,male,white
203,Anna Buser Waisner,female,white
204,Jacob Sched,male,white
205,Anna Margaret Sched,female,white
206,Maria Slieman,female,white
207,Christian Van Erden,male,white
208,Maria Catherine Boleman,female,white
209,Jacob Reuthlinger,male,white
210,Wife Of Jacob Reuthlinger,female,white
211,Albert Lutz,male,white
212,Wife Of Albert Lutz,female,white
213,John Jacob Sisler,male,white
214,Gartner Gartner,unknown,white
215,Wife Of Gartner,female,white
216,Thomas Bruch,male,white
217,Dorothea Seen,female,white
218,Anna Elizabeth Schneider,female,white
219,John Meggendorfer,male,white
220,Dorothea Meggendorfer,female,white
221,Dorothea Neig,female,white
222,George Brunner,male,white
223,Anna Maria Tritt,female,white
224,Philip Satler,male,white
225,Anna Barbara Bekker,female,white
226,Rudolph Ramp,male,white
227,Wife Of Rudolph Ramp,female,white
228,Mattheus Abel,male,white
229,Anna Margaret Wilt,female,white
230,Etienne Consul,male,white
231,Anna Van Den Berger,female,white
232,Jacob Walter,male,white
233,Catharina Walter,female,white
234,Robert Robert,male,white
235,Wife Of Robert,female,white
236,Mattheus Stitwohl,male,white
237,Maria Magdalene Schafer,female,white
238,Peter Wilhelm,male,white
239,Dorothea Wilhelm,female,white
240,Sebastian Faeh,male,white
241,Sophia Heckman,female,white
242,John Henry Seidensticker,male,white
243,Anna Catherine Seidensticker,female,white
244,John Ernest Kraemer,male,white
245,Anna Of Theiss,female,white
246,Michael Rumel,male,white
247,Magdalena Erhard,female,white
248,John Martin Obersteg,male,white
249,Catharina Of Obersteg,female,white
250,Barbara Scheidegger,female,white
251,Caspar Klockner,male,white
252,Susanna Berger,female,white
253,John Graf,male,white
254,John George Kraemer,male,white
255,Barbara Krebs,female,white
256,John Jacob Hill,male,white
257,Anna Maria Paul,female,white
258,Peter Haan,male,white
259,Anna Margaret Smith,female,white
260,Balthazar Kern,unknown,white
261,Johanna Lorman,female,white
262,Peter Schweighard,male,white
263,Elizabeth Wiedmer,female,white
264,Jacob Prank,male,white
265,Margaret Wohlsläger,female,white
266,Anna Catherine Kern,female,white
267,Maria Elizabeth Magold,female,white
268,John Huth,male,white
269,Wife Of John Huth,female,white
270,Henry Zuder,male,white
271,Elizabeth Mann,female,white
272,Mattheus Kolb,male,white
273,Maria Bayer,female,white
274,Valentyn Schmied,male,white
275,Elizabeth Schmied,female,white
276,John Peter Steigenberger,male,white
277,Thomas Rothaar,male,white
278,Susanna Ulrich,female,white
279,John Peter Obersteg,male,white
280,Anna Maria Regelsperger,female,white
281,Philip Weinheimer,male,white
282,Wife Of Philip Weinheimer,female,white
283,Maria Elizabeth Diel,female,white
284,Mattheus Schrott,male,white
285,Adelhait Hoffman,unknown,white
286,John Grebil,male,white
287,Elizabeth Prank,female,white
288,Christian Gelliger,male,white
289,Elizabeth Bartholomae,female,white
290,Henry Schiffler,male,white
291,Catharina Hoffman,female,white
292,Abraham Ab Der Halden,male,white
293,Elizabeth Scherer,female,white
294,Jacob Roth,male,white
295,Maria Clara Roth,female,white
296,John Christian Sisler,male,white
297,Elizabeth Sisler,female,white
298,John Jacob Seelbach,male,white
299,Anna Maria Seelbach,female,white
300,John George Miltenberger,male,white
301,Anna Margaret Christman,female,white
302,Frederick David Schakar,male,white
303,Elizabeth Sar,female,white
304,John Prank,male,white
305,Maria Christine Roland,female,white
306,John Rudolf Forer,male,white
307,Salome Haller,female,white
308,Elizabeth Gobeler,female,white
309,John Hoffman,male,white
310,Sara Paul,female,white
311,Magdalena Hoffman,female,white
312,Margaret Grieder,female,white
313,Philip Haller,male,white
314,Anna Crellius,female,white
315,John Ruebsamen,male,white
316,Anna Frauenfelder,female,white
317,Jacob Reinhold,male,white
318,Elizabeth Catherine Knies,female,white
319,Jacob Bleikenstorffer,male,white
320,Ursula Rudy,female,white
321,Christian Lutz,male,white
322,Anna Maria Koch,female,white
323,Michael Kress,male,white
324,Anna Elizabeth Unbehand,female,white
325,Ludwig Schroeder,male,white
326,Schroeder Schroeder,unknown,white
327,Sirach Tschudy,male,white
328,Barbara Madoeri,female,white
329,Peter Karg,male,white
330,Anna Barbara Karg,female,white
331,Arnold Kraemer,male,white
332,Anna Kunigunda Wagener,female,white
333,Martin Weissenbach,male,white
334,Eva Elizabeth Weissenbach,female,white
335,Abraham Reinhard,male,white
336,Eva Maria Galli,female,white
337,John Wuergler,male,white
338,Verena Mann,female,white
339,Jacob Huser,male,white
340,Anna Sorber,female,white
341,Henry Brunner,male,white
342,Barbara Meschinger,female,white
343,Jacob Saehly,male,white
344,Barbara Businger,female,white
345,Carl Ludwig Weiss,male,white
346,Elizabeth Heid,female,white
347,John Schlatter,male,white
348,Verena Naef,female,white
349,John Piere Rolief,male,white
350,Margaret Bosset,female,white
351,Jacob Stamm,male,white
352,Sabina Tines,female,white
353,John Ludwig Hess,male,white
354,Anna Maria Hess,female,white
355,John Spaeth,male,white
356,Anna Sophia Spaeth,female,white
357,Joseph Funk,male,white
358,Anna Magdalene Froelich,female,white
359,Isaac Burgund,male,white
360,Elizabeth Nicolaus,female,white
361,John George Drescher,male,white
362,Anna Maria Swalb,female,white
363,Henry Rieg,male,white
364,John Rudolf Ruebsamen,male,white
365,Valentyn Hoffman,male,white
366,Anna Maria Prank,female,white
367,Joost Miehler,male,white
368,Catharina Beisser,female,white
369,Wife Maria Schleydorn,female,white
370,Daniel Baechlein,male,white
371,Catharina Kleyn,female,white
372,John Schrick,male,white
373,Henry Bachman,male,white
374,Bachman Bachman,unknown,white
375,Jacob Kress,male,white
376,Margaret Paul,female,white
377,Conrad Schlemer,male,white
378,Catharina Eleonora Swed,female,white
379,Maria Magdalene Bekker,female,white
380,Isaac Lefeber,male,white
381,Magdalena Seiffert,female,white
382,Abraham Sewitz,male,white
383,David Jurnal,male,white
384,Maria Frey,female,white
385,Peter Magold,male,white
386,Maria Elizabeth Stern,female,white
387,Balthazar Selzer,unknown,white
388,Maria Selzer,female,white
389,Carl Gaemperli,male,white
390,Maria Magdalene Steinmetz,female,white
391,John George Kramp,male,white
392,Sophia Kramp,female,white
393,Philip Elgard,male,white
394,Anna Catherine Elgard,female,white
395,Margaret Gobeler,female,white
396,Anna Margaret Bayer,female,white
397,Conrad Maag,male,white
398,Elizabeth Maag,female,white
399,William Klampfert,male,white
400,Elizabeth Klampfert,female,white
401,Daniel Reiss,male,white
402,Anna Reiss,female,white
403,Martin Waal,male,white
404,Anna Sibylla Waal,female,white
405,Rudolph Huber,male,white
406,Elizabeth Huber,female,white
407,Andrew Hill,male,white
408,Elizabeth Hill,female,white
409,Jacob Kloeti,male,white
410,Anna Maria Kloeti,female,white
411,Andrew Oberdorf,male,white
412,Maria Esther Oberdorf,female,white
413,Regina Rudy,female,white
414,Elizabeth Smith,female,white
415,Martin Weisbach,male,white
416,Eva Elizabeth Weisbach,female,white
417,John Schreiber,male,white
418,Elizabeth Schreiber,female,white
419,Jacob Ruegy,male,white
420,Barbara Ruegy,female,white
421,Caspar Scherer,male,white
422,Barbara Scherer,female,white
423,John Loehr,male,white
424,Elizabeth Loehr,female,white
425,John Just Orlop,male,white
426,Elizabeth Orlop,female,white
427,Jacob Bayer,male,white
428,Verena Bayer,female,white
429,Conrad Smith,male,white
430,Catharina Smith,female,white
431,Jacob Waespi,male,white
432,Wife Of Jacob Waespi,female,white
433,Peter Diel,male,white
434,Susanna Diel,female,white
435,John Jacob Mitschet,male,white
436,Catharina Mitschet,female,white
437,Michael Weber,male,white
438,Catharina Weber,female,white
439,Rosina Bindschaedler,female,white
440,John Jacob,male,white
441,Maria Catherine Jacob,female,white
442,John Bernard Haan,male,white
443,Anna Maria Haan,female,white
444,George Wacke,male,white
445,Anna Elizabeth Wacke,female,white
446,Philip Sulzbach,male,white
447,Catharina Sulzbach,female,white
448,John Bigonet,male,white
449,Catharina Bigonet,female,white
450,Nicholas Hess,male,white
451,Wilhelmina Hess,female,white
452,Catharina Leiser,female,white
453,Philip Bum,male,white
454,Anna Maria Bum,female,white
455,Gertrud Beltz,female,white
456,John Frederick Schitt,male,white
457,Barbara Schitt,female,white
458,Jacob Renot,male,white
459,Catharina Renot,female,white
460,Albrecht Eschelman,male,white
461,Anna Eschelman,female,white
462,George Nonius,male,white
463,Barbara Nonius,female,white
464,John Peter Loehr,male,white
465,Anna Catherine Loehr,female,white
466,John Brandt,male,white
467,Rosina Brandt,female,white
468,Eva Weyn,female,white
469,Peter Du Corbier,male,white
470,Maria Corbier,female,white
471,George Weyn,male,white
472,Margaret Weyn,female,white
473,Abraham Eschelman,male,white
474,Susanna Eschelman,female,white
475,George Fanz,male,white
476,Elizabeth Fanz,female,white
477,Mattheus Hill,male,white
478,Magdalena Hill,female,white
479,Jacob Hill,male,white
480,Anna Maria Hill,female,white
481,Victoria Charlotte Muentz,female,white
482,Christian Gugger,male,white
483,Elizabeth Gugger,female,white
484,John Seibold,male,white
485,Elizabeth Seibold,female,white
486,Jacob Weyn,male,white
487,Anna Elizabeth Weyn,female,white
488,Henry Maag,male,white
489,Wife Of Henry Maag,female,white
490,Bernard Iserlo,male,white
491,Barbara Iserlo,female,white
492,Ulrich Jaegli,male,white
493,Wife Of Ulrich Jaegli,female,white
494,Mattheus Graf,male,white
495,Anna Barbara Graf,female,white
496,Peter Clauser,male,white
497,Elizabeth Clauser,female,white
498,Joseph Tschop,male,white
499,Anna Maria Christina Tschop,female,white
500,Andrew Hertzog,male,white
501,Barbara Hertzog,female,white
502,Philip Bekker,male,white
503,Anna Maria Bekker,female,white
504,Frederick Lutz,male,white
505,Maria Lutz,female,white
506,John Peter Paris,male,white
507,Maria Magdalene Paris,female,white
508,Henry Seibel,male,white
509,Charlotte Seibel,female,white
510,Henry Rothaar,male,white
511,Anna Maria Rothaar,female,white
512,Leonard Melchert,male,white
513,Anna Maria Melchert,female,white
514,George Schaaf,male,white
515,Anna Maria Schaaf,female,white
516,Paulus Hochstrasser,male,white
517,Elizabeth Hochstrasser,female,white
518,Carl Zuder,male,white
519,Catharina Zuder,female,white
520,William Strembeck,male,white
521,Anna Juliana Strembeck,female,white
522,Mattheus Assen,male,white
523,Elizabeth Assen,female,white
524,Jacob Schreiber,male,white
525,Dorothea Schreiber,female,white
526,Peter Walter,male,white
527,Susanna Maria Rieg,female,white
528,John Ulrich Klezel,male,white
529,Anna Klezel,female,white
530,John George Strohauer,male,white
531,Catharina Strohauer,female,white
532,Peter Lutz,male,white
533,Louisa Lutz,female,white
534,John Sisler,male,white
535,Catharina Sisler,female,white
536,Frederick Heimer,male,white
537,Catharina Heimer,female,white
538,Adam Stryker,male,white
539,Elizabeth Stryker,female,white
540,Henry Schettel,male,white
541,Barbara Schettel,female,white
542,Philip Werns,male,white
543,Magdalena Werns,female,white
544,Elizabeth Grieder,female,white
545,George Bender,male,white
546,Barbara Bender,female,white
547,Ludwig Karcher,male,white
548,Mariana Catherine Karcher,female,white
549,Adam Erhard,male,white
550,Catharina Erhard,female,white
551,Daniel Scheller,male,white
552,Johanna Scheller,female,white
553,Jacob Kopp,male,white
554,Maria Elizabeth Kopp,female,white
555,Anna Margaret Roschon,female,white
556,Caspar Vetter,male,white
557,Rachel Vetter,female,white
558,John Steinmetz,male,white
559,Maria Steinmetz,female,white
560,Caspar Henrich,male,white
561,Margaret Henrich,female,white
562,Philip Doringer,male,white
563,Susanna Doringer,female,white
564,George Casper Heist,male,white
565,Maria Johanna Heist,female,white
566,Catharina Baechlein,female,white
567,Michael Miehler,male,white
568,Maria Ursula Miehler,female,white
569,John William Miehler,male,white
570,Maria Elizabeth Miehler,female,white
571,Michael Stigel Remy,male,white
572,Maria Elizabeth Remy,female,white
573,Christopher Foot,male,white
574,Catharina Foot,female,white
575,George Bouton,male,white
576,Elizabeth Bouton,female,white
577,John Hess,male,white
578,Elizabeth Margaret Hess,female,white
579,John Conrad Smith,male,white
580,Maria Rosina Smith,female,white
581,Anna Margaret Abel,female,white
582,Samuel Neitlinger,male,white
583,Maria Elizabeth Neitlinger,female,white
584,Dilman Beck,unknown,white
585,Elizabeth Catherine Beck,female,white
586,Magdalena Rumel,female,white
587,Ludwig Hess,male,white
588,Catharina Hess,female,white
589,Conrad Dups,male,white
590,Esther Dups,female,white
591,Henry Doquenet,male,white
592,Maria Doquenet,female,white
593,John Jacob Stucki,male,white
594,Maria Catherine Stucki,female,white
595,Daniel Erhard,male,white
596,Margaret Erhard,female,white
597,Maria Magdalene Zuder,female,white
598,David Weidman,male,white
599,Sara Weidman,female,white
600,Henry Gampert,male,white
601,Maria Magdalene Gampert,female,white
602,William Lomay,male,white
603,Eva Lomay,female,white
604,Rudolph Naef,male,white
605,Anna Naef,female,white
606,Jacob Naef,male,white
607,Elizabeth Magold,female,white
608,Henry Mixenel,male,white
609,Wife Of Henry Mixenel,female,white
610,John Gerlach,male,white
611,Anna Maria Gerlach,female,white
612,George Wirth,male,white
613,Salome Wirth,female,white
614,Elizabeth Bum,female,white
615,William Kner,male,white
616,Gertrud Kner,female,white
617,Joseph Nagle,male,white
618,Maria Barbara Nagle,female,white
619,George Michael Gampert,male,white
620,Elizabeth Gampert,female,white
621,Michael Stahl,male,white
622,Maria Stahl,female,white
623,Albrecht Hilligass,male,white
624,Catharina Hilligass,female,white
625,Edward Williams,male,white
626,Wife Of Edward Williams,female,white
627,Jacob Mohr,male,white
628,Elizabeth Mohr,female,white
629,Christopher Graefli,male,white
630,Catharina Graefli,female,white
631,Christian Ritz,male,white
632,Philippina Ritz,female,white
633,George Krauskopf,male,white
634,Wife Of George Krauskopf,female,white
635,Peter Iserlo,male,white
636,Louisa Iserlo,female,white
637,Jacob Keyser,male,white
638,Catharina Keyser,female,white
639,Sebastian Wildfang,male,white
640,Maria Christine Wildfang,female,white
641,George Mercker,male,white
642,Anna Maria Mercker,female,white
643,Philip Stein,male,white
644,Margaret Stein,female,white
645,Philip Seibold,male,white
646,Maria Seibold,female,white
647,Wilbert Lutz,male,white
648,Catharina Lutz,female,white
649,Jacob Schaub,male,white
650,Elizabeth Schaub,female,white
651,Philip Moser,male,white
652,Sophia Moser,female,white
653,Margaret Sisler,female,white
654,Tobias Ecken,male,white
655,Elizabeth Ecken,female,white
656,Henry Gramlich,male,white
657,Wife Of Henry Gramlich,female,white
658,Christina Haan,female,white
659,Philip Schneider,male,white
660,Philip Lukas,male,white
661,Sophia Lukas,female,white
662,John Frederick Bekker,male,white
663,Maria Christine Bekker,female,white
664,John Mohr,male,white
665,Juliana Mohr,female,white
666,Michael Feeman,male,white
667,Maria Catherine Feeman,female,white
668,John Casper Klockner,male,white
669,Susanna Klockner,female,white
670,John Hug,male,white
671,David Festinger,male,white
672,Anna Maria Festinger,female,white
673,Philip Allberger,male,white
674,Margaret Berger,female,white
675,Henry Grob,male,white
676,Catharina Grob,female,white
677,Frederick Riemer,male,white
678,Christina Riemer,female,white
679,Margaret Kress,female,white
680,Henry Schueman,male,white
681,Catharina Schueman,female,white
682,Christina Loehr,female,white
683,George Nomins,male,white
684,Barbara Nomins,female,white
685,George Flecke,male,white
686,Catharina Flecke,female,white
687,John Valentine Kern,male,white
688,Anna Margaret Kern,female,white
689,William Lorentz,male,white
690,Anna Elizabeth Lorentz,female,white
691,Conrad Weiss,male,white
692,Christina Weiss,female,white
693,Henry Ernd,male,white
694,Elizabeth Ernd,female,white
695,Jacob Brandt,male,white
696,Elizabeth Brandt,female,white
697,Anna Maria Jurnal,female,white
698,Adam Lutz,male,white
699,Maria Rucht,female,white
700,Henry Eyerli,male,white
701,Margaret Eyerli,female,white
702,Nicholas Schreiber,male,white
703,Anna Maria Gamber,female,white
704,Peter Fiess,male,white
705,Anna Maria Fiess,female,white
706,John George Hoffman,male,white
707,Elizabeth Hoffman,female,white
708,John Schie,male,white
709,Anna Margaret Schie,female,white
710,Jacob Utrich,male,white
711,Wilhelmina Utrich,female,white
712,Martin Fischer,male,white
713,Anna Fischer,female,white
714,Frederick Weinhold,male,white
715,Catharina Weinhold,female,white
716,John George Kram,male,white
717,Susanna Kram,female,white
718,David Zimmerman,male,white
719,Anna Maria Zimmerman,female,white
720,John Peter Blumer,male,white
721,Anna Magdalene Blumer,female,white
722,George Prank,male,white
723,Catharina Prank,female,white
724,Adam Miehler,male,white
725,Anna Maria Miehler,female,white
726,Robert Cober,male,white
727,Marethe Juncker,unknown,white
728,Martin Reichart,male,white
729,Maria Sara Reichart,female,white
730,Philip Flecke,male,white
731,Gertrud Flecke,female,white
732,Sophia Spaeth,female,white
733,John Rehrig,male,white
734,Maria Catherine Rehrig,female,white
735,Anna Brunner,female,white
736,Nicholas Bender,male,white
737,Margaret Bender,female,white
738,Christian Fiess,male,white
739,John George Knoch,male,white
740,Anna Margaret Knoch,female,white
741,Elizabeth Schrick,female,white
742,Conrad Schneider,male,white
743,Philippina Schneider,female,white
744,William Loescher,male,white
745,Regina Loescher,female,white
746,John Mesmer,male,white
747,Catharina Mesmer,female,white
748,Frederick Scherer,male,white
749,Maria Scherer,female,white
750,John Henry Junt,male,white
751,Elizabeth Junt,female,white
752,Daniel Weber,male,white
753,John Carl Chagard,male,white
754,Maria Barbara Chagard,female,white
755,Margaret Scheibler,female,white
756,George Thomas Heimberger,male,white
757,Anna Margaret Heimberger,female,white
758,Richard Hoffman,male,white
759,Anna Margaret Hoffman,female,white
760,Philip Burckhard,male,white
761,Margaret Burckhard,female,white
762,George Justus,male,white
763,Anna Margaret Justus,female,white
764,Jacob Werns,male,white
765,Catharina Werns,female,white
766,Frederick Tauber,male,white
767,Anna Barbara Tauber,female,white
768,Daniel Ott,male,white
769,Maria Magdalene Ott,female,white
770,John Adam Schwob,male,white
771,Margaret Schwob,female,white
772,Anna Elizabeth Roth,female,white
773,John Seen,male,white
774,Mattheus Butterfass,male,white
775,Maria Magdalene Butterfass,female,white
776,Bernard Lauberschweiler,male,white
777,Maria Lauberschweiler,female,white
778,Henry Smith,male,white
779,Charlotte Smith,female,white
780,Wife Of John Ruebsamen,female,white
781,Kiliaan Wolff,male,white
782,Magdalena Wolff,female,white
783,Daniel Utre,male,white
784,Wife Of Daniel Utre,female,white
785,Mattheus Sisler,male,white
786,Anna Maria Sisler,female,white
787,William Burckhard,male,white
788,Anna Catherine Burckhard,female,white
789,Christian Roth,male,white
790,Elizabeth Roth,female,white
791,Mattheus Fackert,male,white
792,Anna Margaret Fackert,female,white
793,Vincent Kuehn,male,white
794,Magdalena Heims,female,white
795,John Ludwig Keiler,male,white
796,Catharina Keiler,female,white
797,Philip Schlatter,male,white
798,Veronica Schlatter,female,white
799,Anna Maria Smith,female,white
800,Daniel Hug,male,white
801,Henry Miehler,male,white
802,Catharina Eleonora Schlemer,female,white
803,Henry Steltz,male,white
804,Anna Margaret Steltz,female,white
805,Kiliaan Rupp,male,white
806,Catharina Rupp,female,white
807,Peter Wolff,male,white
808,Barbara Wolff,female,white
809,Peter Stein,male,white
810,Elizabeth Stein,female,white
811,John Pfister,male,white
812,Barbara Pfister,female,white
813,Peter Staud,male,white
814,Maria Catherine Staud,female,white
815,William Strempel,male,white
816,Christina Strempel,female,white
817,William Knipp,male,white
818,Anna Knipp,female,white
819,Reinhard Kammer,male,white
820,Wife Of Reinhard Kammer,female,white
821,John Strupp,male,white
822,Anna Catherine Strupp,female,white
823,William Kuehn,male,white
824,Gertrud Kuehn,female,white
825,James Cleland,male,white
826,Hannah Mcullough,female,white
827,Christopher Geller,male,white
828,Anna Maria Geller,female,white
829,Jacob Van Rudy,male,white
830,Margaret Rudy,female,white
831,Peter Paris,male,white
832,Magdalena Paris,female,white
833,John Licht,male,white
834,Agnes Licht,female,white
835,John Ottmansdorf,male,white
836,Barbara Ottmansdorf,female,white
837,Eva Zuder,female,white
838,Joost Feith,male,white
839,Maria Magdalene Feith,female,white
840,Antoine Daeschler,male,white
841,Wife Of Anthony Daeschler,female,white
842,John Albert,male,white
843,Margaret Albert,female,white
844,Andrew Teis,male,white
845,Catharina Teis,female,white
846,Jacob Sorber,male,white
847,Michael Hassler,male,white
848,Bernard Haan,male,white
849,Maria Haan,female,white
850,Bernard Bekker,male,white
851,Anna Elizabeth Bekker,female,white
852,Ulrich Freyhofer,male,white
853,Magdalena Freyhofer,female,white
854,Wendel Kraemer,male,white
855,Catharina Kraemer,female,white
856,Frederick Schitt,male,white
857,Maria Barbara Schitt,female,white
858,Henry Leutold,male,white
859,Anna Maria Leutold,female,white
860,William Staud,male,white
861,Margaret Staud,female,white
862,Henry Schitt,male,white
863,Christina Schitt,female,white
864,John Philip De Hess,male,white
865,Elenor Hess,female,white
866,Francis Schafner,male,white
867,Anna Catherine Schafner,female,white
868,Solomon Saehly,male,white
869,Sophia Saehly,female,white
870,Maria Louisa Lutz,female,white
871,Anna Magdalene Funk,female,white
872,Barbara Mohr,female,white
873,Jacob Aachen,male,white
874,Maria Of Aachen,female,white
875,Michael Peter,male,white
876,Margaret Elizabeth Peter,female,white
877,Abraham Peter,male,white
878,Magdalena Peter,female,white
879,Michael Steitz,male,white
880,Anna Maria Steitz,female,white
881,Conrad Schweitzer,male,white
882,Maria Magdalene Schweitzer,female,white
883,Michael Butterfass,male,white
884,Maria Erden,female,white
885,Michael Orner,male,white
886,Anna Maria Orner,female,white
887,John Frack,male,white
888,Gertrud Frack,female,white
889,Frederick Knies,male,white
890,Maria Margaret Knies,female,white
891,John Fanz,male,white
892,Margaret Fanz,female,white
893,Christian Birckenmeyer,male,white
894,Maria Elizabeth Birckenmeyer,female,white
895,Mattheus Aersen,male,white
896,Elizabeth Aersen,female,white
897,Mattheus Schuetz,male,white
898,Catharina Schuetz,female,white
899,Lorentz Walter,male,white
900,Anna Margaret Walter,female,white
901,John Morris,male,white
902,Anna Elizabeth Morris,female,white
903,Berenice Bayer,female,white
904,John Philipse Alberger,male,white
905,Margaret Alberger,female,white
906,Frederick Heiner,male,white
907,Catharina Heiner,female,white
908,Christian Smith,male,white
909,Anna Smith,female,white
910,Samuel Leyens,male,white
911,Charlotte Leyens,female,white
912,Dorst Schaub,unknown,white
913,Maria Christine Schaub,female,white
914,John Daniel Hug,male,white
915,John George Euler,male,white
916,Anna Euler,female,white
917,John Mann,male,white
918,Anna Catherine Mann,female,white
919,Hartman Fritz,male,white
920,Anna Catherine Fritz,female,white
921,Daniel Schuster,male,white
922,Maria Elizabeth Schuster,female,white
923,Frederick Schneider,male,white
924,Barbara Schneider,female,white
925,John Foret,male,white
926,Margaret Foret,female,white
927,Philip Sensfelder,male,white
928,Anna Maria Sensfelder,female,white
929,John Mattheus,male,white
930,Anna Mattheus,female,white
931,William Emsen,male,white
932,Juliana Emsen,female,white
933,Johanna Brandt,female,white
934,Nicholas Rupp,male,white
935,Magdalena Rupp,female,white
936,Wife Of Daniel Heid,female,white
937,Adam Hill,male,white
938,Hannah Hill,female,white
939,Rachel Loescher,female,white
940,Simon Hagelgans,male,white
941,Margaret Hagelgans,female,white
942,Rudolph Mohr,male,white
943,Anna Catherine Schueman,female,white
944,John Kopp,male,white
945,Wife Of John Kopp,female,white
946,John Clark,male,white
947,Catharina Siling,female,white
948,Henry Fanz,male,white
949,Maria Veronica Schneider,female,white
950,John Philipse Burckhard,male,white
951,Margaret Seidenbinn,female,white
952,Christian Allenbach,male,white
953,Maria Sara Harnisch,female,white
954,Elizabeth Zeiner,female,white
955,Leonard Werntz,male,white
956,Maria Magdalene Goetz,female,white
957,Sophia Brotzmann,female,white
958,John Harrer,male,white
959,Maria Engel,female,white
960,Frederick Chagard,male,white
961,Anna Elizabeth Sar,female,white
962,Peter Dischung,male,white
963,Maria Dischung,female,white
964,Catharina Koenig,female,white
965,Peter Laurier,male,white
966,Christina Leuwe,female,white
967,Martin Reinhard,male,white
968,Maria Sara Diel,female,white
969,Catharina Schitt,female,white
970,Anna Margaret Hill,female,white
971,Peter Muth,male,white
972,Anna Catherine Deucker,female,white
973,Christian Galli,male,white
974,Margaret Braunsman,female,white
975,Anna Maria Moser,female,white
976,John Pelss,male,white
977,Gertrud Kehr,female,white
978,Elizabeth Richter,female,white
979,Philip Klumberg,male,white
980,Christina Enck,female,white
981,Frederick Vogel,male,white
982,Barbara Ludwig,female,white
983,Philip Jacob Wacke,male,white
984,Magdalena Schneider,female,white
985,Catharina Flinth,female,white
986,Maria Catherine Streder,female,white
987,Elizabeth Koch,female,white
988,Jacob Forer,male,white
989,Anna Keiler,female,white
990,George Kastnitz,male,white
991,Maria Christine Kastnitz,female,white
992,Lorentz Werntz,male,white
993,Elizabeth Genissen,female,white
994,Conrad Alster,male,white
995,Anna Maria Froelich,female,white
996,Maria Wilt,female,white
997,John Peter Strupp,male,white
998,Magdalena Maria Strupp,female,white
999,Jacob Wollenweider,male,white
1000,Barbara Wollenweider,female,white
1001,John Michael Weber,male,white
1002,Elizabeth Machemer,female,white
1003,Susanna Kramp,female,white
1004,Frederick Christian Bekker,male,white
1005,Wife Of Frederick Christian Bekker,female,white
1006,Martin Kleyn,male,white
1007,Barbara Kleyn,female,white
1008,Jacob Bekker,male,white
1009,Catharina Mertz,female,white
1010,John Peter,male,white
1011,Dorothea Peter,female,white
1012,John George Flecke,male,white
1013,Anna Margaret Flecke,female,white
1014,Jacob Van Roth,male,white
1015,Margaret Roth,female,white
1016,John Kuentz,male,white
1017,Marethe Kuentz,unknown,white
1018,Anna Margaret Kress,female,white
1019,Paulus Beck,male,white
1020,Magdalena Beck,female,white
1021,Henry Schmied,male,white
1022,Charlotte Schmied,female,white
1023,[noname] Schettel,unknown,white
1024,Wife Of [noname] Schettel,female,white
1025,Melinda Zerfass,female,white
1026,Philip Scherer,male,white
1027,Eva Margaret Schie,female,white
1028,Philip Maus,male,white
1029,Francis Maus,male,white
1030,Jacob Hentschi,male,white
1031,Anna Maria Stocker,female,white
1032,John Henry Miehler,male,white
1033,John Roerich,male,white
1034,Maria Catherine Roerich,female,white
1035,John Jacob Faeh,male,white
1036,Anna Catherine Faeh,female,white
1037,Carl Chamberlein,male,white
1038,Christopher Feith,male,white
1039,Catharina Rosina,female,white
1040,[noname] Getschi,unknown,white
1041,Wife Of [noname] Kutsch,female,white
1042,Philip Busch,male,white
1043,Wife Of Philip Busch,female,white
1044,Elizabeth Funk,female,white
1045,Peter Reiss,male,white
1046,Sara Elizabeth Reiss,female,white
1047,Jacob Steinmetz,male,white
1048,Dorothea Steinmetz,female,white
1049,Rudolph Keiler,male,white
1050,Johanna Keiler,female,white
1051,John Christian Froelich,male,white
1052,Elizabeth Froelich,female,white
1053,Peter Kammer,male,white
1054,Elizabeth Kammer,female,white
1055,John Jacob Werntz,male,white
1056,Catharina Werntz,female,white
1057,John Frederick Mielefeld,male,white
1058,Wife Of John Frederick Mielefeld,female,white
1059,Andrew Theiss,male,white
1060,Rosina Theiss,female,white
1061,Conrad Tippo,male,white
1062,Catharina Tippo,female,white
1063,John Peter Bekker,male,white
1064,Wife Of John Peter Bekker,female,white
1065,Adam Stucki,male,white
1066,Wife Of Adam Stucki,female,white
1067,Abel Weltz,male,white
1068,Wife Of Abel Weltz,female,white
1069,Maria Sara Reinhard,female,white
1070,John Frons,male,white
1071,Wife Of John Frons,female,white
1072,Christian Keiler,male,white
1073,Wife Of Christian Keiler,female,white
1074,John Halberstadt,male,white
1075,Catharina Halberstadt,female,white
1076,Maria Elizabeth Bekker,female,white
1077,Henry Winckeler,male,white
1078,Anna Catherine Winckeler,female,white
1079,John Bigerne,male,white
1080,Catharina Elizabeth Bigerne,female,white
1081,Christian Van Erdte,male,white
1082,Maria Catherine Erdte,female,white
1083,Maria Levan,female,white
1084,Levan Levan,male,white
1085,John George Bouton,male,white
1086,Oswald Von Der Halt,male,white
1087,Anna Maria Funk,female,white
1088,Jacob Ruebsamen,male,white
1089,Cleopha Ruebsamen,unknown,white
1090,Henry Friedstadt,male,white
1091,Logis Friedstadt,unknown,white
1092,John George Wilki,male,white
1093,Anna Maria Wilki,female,white
1094,Jacob Aman,male,white
1095,Maria Aman,female,white
1096,John Mellen,male,white
1097,Catharina Mellen,female,white
1098,Nicholas Penther,male,white
1099,Margaret Penther,female,white
1100,David Domminick,male,white
1101,Maria Domminick,female,white
1102,Mattheus Stimmen,male,white
1103,Christina Stimmen,female,white
1104,Elizabeth Beck,female,white
1105,John Michael Panwart,male,white
1106,Eva Panwart,female,white
1107,Conrad Schaus,male,white
1108,Johanna Maria Magdalene Schaus,female,white
1109,Philip Mintel,male,white
1110,Margaret Mintel,female,white
1111,William Campfer,male,white
1112,Elizabeth Campfer,female,white
1113,Philip Friel,male,white
1114,Magdalena Friel,female,white
1115,Jacob Eteborn,male,white
1116,Elizabeth Eteborn,female,white
1117,Joseph Braun,male,white
1118,Maria Braun,female,white
1119,George Diel,male,white
1120,Elizabeth Diel,female,white
1121,Maria Elizabeth Loehr,female,white
1122,John Pieterse,male,white
1123,Dorothea Pieterse,female,white
1124,John Pistor,male,white
1125,Barbara Pistor,female,white
1126,Elizabeth Gramlich,female,white
1127,Frederick David Jacquart,male,white
1128,Anna Elizabeth Jacquart,female,white
1129,Ludwig Keiner,male,white
1130,Catharina Keiner,female,white
1131,Regula Rudy,female,white
1132,Hannah Fischer,female,white
1133,[noname] Rumel,unknown,white
1134,Wife Of [noname] Rumel,female,white
1135,George Schmied,male,white
1136,Anna Elizabeth Stryker,female,white
1137,John Christian Rauch,male,white
1138,Rosina Rauch,female,white
1139,John Mechlachling,male,white
1140,Margaret Mechlachling,female,white
1141,William Miehler,male,white
1142,Maria Susanna Miehler,female,white
1143,Catharina Fritz,female,white
1144,Jacob Faeh,male,white
1145,Hannah Faeh,female,white
1146,George Penther,male,white
1147,Barbara Penther,female,white
1148,Frederick Bekker,male,white
1149,Wife Of Frederick Bekker,female,white
1150,William Ludwig Miehler,male,white
1151,Anna Catherine Miehler,female,white
1152,Anna Catherine Hess,female,white
1153,George William Friederich,male,white
1154,Anna Catherine Friederich,female,white
1155,Jacob Schafer,male,white
1156,Maria Schafer,female,white
1157,Elizabeth Schafner,female,white
1158,Elizabeth Walter,female,white
1159,Christian Houtzel,male,white
1160,Anna Elizabeth Houtzel,female,white
1161,John Diel,male,white
1162,Catharina Diel,female,white
1163,Christina Klumberg,female,white
1164,John Reinhard Kammer,male,white
1165,Maria Kammer,female,white
1166,Philip Waal,male,white
1167,Charlotte Waal,female,white
1168,John Philipse Schrott,male,white
1169,Wife Of John Philip Schrott,female,white
1170,Elizabeth Werntz,female,white
1171,Philip Werntz,male,white
1172,Magdalena Werntz,female,white
1173,Caspar Zuder,male,white
1174,Wilhelmina Zuder,female,white
1175,George Walter,male,white
1176,Walter Walter,male,white
1177,Johanna Mohr,female,white
1178,John George Scherer,male,white
1179,Margaret Flecke,female,white
1180,Christian Haan,male,white
1181,Hannah Haan,female,white
1182,John Knies,male,white
1183,Margaret Knies,female,white
1184,Peter Detz,male,white
1185,Sigismunda Detz,unknown,white
1186,Frederick Fuchs,male,white
1187,Anna Maria Fuchs,female,white
1188,Peter Strupp,male,white
1189,Wife Of Peter Strupp,female,white
1190,John Murphy,male,white
1191,Susanna Murphy,female,white
1192,Peter Lauterbach,male,white
1193,Elizabeth Lauterbach,female,white
1194,John Pierre Du Corbier,male,white
1195,Anna Margaret Pommarede,female,white
1196,Christian Birkenbeil,male,white
1197,John Henry Flecke,male,white
1198,Maria Catherine Flecke,female,white
1199,Christian Altburger,male,white
1200,Christina Altburger,female,white
1201,George Michael Campfer,male,white
1202,Samuel Graf,male,white
1203,Justina Graf,female,white
1204,Nicholas Haan,male,white
1205,Elizabeth Margaret Haan,female,white
1206,Valentyn Stillwagen,male,white
1207,Elizabeth Stillwagen,female,white
1208,Peter Stey,male,white
1209,Elizabeth Stey,female,white
1210,Elenor Schlemer,female,white
1211,Benjamin Bertzer,male,white
1212,Johanna Bertzer,female,white
1213,John Carl Jacquart,male,white
1214,Maria Barbara Jacquart,female,white
1215,Peter Heins,male,white
1216,Elizabeth Heins,female,white
1217,William Rothaar,male,white
1218,Sophia Rothaar,female,white
1219,Christian Schneider,male,white
1220,Elizabeth Schneider,female,white
1221,Caspar Rudy,male,white
1222,Charlotte Rudy,female,white
1223,Justus Eckhardt,male,white
1224,Anna Elizabeth Eckhardt,female,white
1225,Margaret Huser,female,white
1226,Ludwig Kuehn,male,white
1227,Louisa Kuehn,female,white
1228,Daniel Kehr,male,white
1229,Magdalena Kehr,female,white
1230,Christian Froelich,male,white
1231,Dilman Kritelbach,unknown,white
1232,Elizabeth Kritelbach,female,white
1233,Anna Cleopha Ruebsamen,female,white
1234,Jacob Dorsheimer,male,white
1235,Clara Dorsheimer,female,white
1236,John Peter Ceppenfeld,male,white
1237,Anna Catherine Ceppenfeld,female,white
1238,John Ochs,male,white
1239,Anna Margaret Ochs,female,white
1240,Philip Altburger,male,white
1241,Margaret Altburger,female,white
1242,Maria Barbara Knies,female,white
1243,Michael Conrad,male,white
1244,Wife Of Michael Conrad,female,white
1245,Peter Marckhart,male,white
1246,Anna Maria Marckhart,female,white
1247,Rudolph Schafner,male,white
1248,Anna Schafner,female,white
1249,Conrad Jost,male,white
1250,Wife Of Conrad Jost,female,white
1251,Anna Ruebsamen,female,white
1252,Frederick Schinckel,male,white
1253,Susanna Schinckel,female,white
1254,William Waal,male,white
1255,Barbara Waal,female,white
1256,Adam Altburger,male,white
1257,Sophia Altburger,female,white
1258,John Tonnes Kram,male,white
1259,Anna Catherine Kram,female,white
1260,John Wagener,male,white
1261,Hannah Wagener,female,white
1262,John Jacob Weber,male,white
1263,Martin Ryan,male,white
1264,Barbara Ryan,female,white
1265,Frederick Schwartz,male,white
1266,Abigail Schwartz,female,white
1267,Christian Schmied,male,white
1268,Maria Schmied,female,white
1269,Joseph Keyser,male,white
1270,Anna Keyser,female,white
1271,Jacob Enck,male,white
1272,Catharina Enck,female,white
1273,Henry Krebs,male,white
1274,Veronica Krebs,female,white
1275,Philip Clauser,male,white
1276,[noname] Stock,unknown,white
1277,Maria Stucki,female,white
1278,John Henry Campfer,male,white
1279,Anna Maria Campfer,female,white
1280,George Blum,male,white
1281,Anna Philippina Blum,female,white
1282,Wigant Specker,unknown,white
1283,Wife Of Wigant Specker,female,white
1284,Michael Terri,male,white
1285,Anna Maria Terri,female,white
1286,John Miehler,male,white
1287,Maria Miehler,female,white
1288,John Tauenheimer,male,white
1289,Maria Magdalene Tauenheimer,female,white
1290,Samuel Mason,male,white
1291,Catharina Mason,female,white
1292,John Mannen,male,white
1293,Catharina Mannen,female,white
1294,Maria Barbara Reinhard,female,white
1295,John Philipse Reiss,male,white
1296,Henry Grotjan,male,white
1297,Catharina Grotjan,female,white
1298,Jacob Bischoffberger,male,white
1299,Catharina Bischoffberger,female,white
1300,William Tauber,male,white
1301,Maria Margaret Tauber,female,white
1302,William Lohman,male,white
1303,Anna Of Lohman,female,white
1304,Abraham Schwing,male,white
1305,Anna Margaret Schwing,female,white
1306,John Ludwig Schweitzer,male,white
1307,Anna Catherine Schweitzer,female,white
1308,Catharina Burckhard,female,white
1309,Conrad Scheller,male,white
1310,Elizabeth Scheller,female,white
1311,Martin Harnisch,male,white
1312,Catharina Harnisch,female,white
1313,Anna Maria Grob,female,white
1314,Margaret Vogel,female,white
1315,Adam Laeng,male,white
1316,Catharina Laeng,female,white
1317,Anna Margaret Henrich,female,white
1318,Henry Pieterse,male,white
1319,Elizabeth Pieterse,female,white
1320,Philippina Miehler,female,white
1321,Conrad Schmied,male,white
1322,Peter Braun,male,white
1323,Philip Casper Eulert,male,white
1324,Susanna Eulert,female,white
1325,Joseph Miehler,male,white
1326,Anna Miehler,female,white
1327,Daniel Tappen,male,white
1328,Maria Christine Tappen,female,white
1329,Susanna Maria Miehler,female,white
1330,Conrad Moenich,male,white
1331,Eva Margaret Moenich,female,white
1332,Antoine Birkenbeil,male,white
1333,Barbara Birkenbeil,female,white
1334,Conrad Waal,male,white
1335,Maria Catherine Waal,female,white
1336,Jacob Prattler,male,white
1337,Catharina Prattler,female,white
1338,Caspar Diederich Weyberg,male,white
1339,Maria Isabella Weyberg,female,white
1340,Anna Magdalene Pfister,female,white
1341,Anna Catherine Sisler,female,white
1342,John Gerlach Widerstein,male,white
1343,Elizabeth Widerstein,female,white
1344,John Staud,male,white
1345,Emanuel Popi,male,white
1346,Sybil Popi,female,white
1347,Peter Kleyn,male,white
1348,Anna Kleyn,female,white
1349,Mattheus Stimmel,male,white
1350,Christina Stimmel,female,white
1351,Adam Eckhardt,male,white
1352,Catharina Eckhardt,female,white
1353,John Febereit,male,white
1354,Margaret Febereit,female,white
1355,Charles Chamberlein,male,white
1356,Maria Margaret Chamberlein,female,white
1357,John Carl Schakar,male,white
1358,Maria Barbara Schakar,female,white
1359,Jacob Weitz,male,white
1360,Gertrud Weitz,female,white
1361,Antoine Kram,male,white
1362,Jacob Stucki,male,white
1363,John Bigonne,male,white
1364,Catharina Bigonne,female,white
1365,Jacob Sinck,male,white
1366,Catharina Sinck,female,white
1367,Anna Margaret Krauskopf,female,white
1368,Peter Rasber,male,white
1369,Catharina Rasber,female,white
1370,Carl Steltz,male,white
1371,Margaret Steltz,female,white
1372,John Peter Blum,male,white
1373,Anna Magdalene Blum,female,white
1374,Christopher Paris,male,white
1375,Dorothea Paris,female,white
1376,Jacob Garle,male,white
1377,Maria Garle,female,white
1378,John George Ernstdorf,male,white
1379,Elizabeth Ernstdorf,female,white
1380,Jacob Wacke,male,white
1381,Magdalena Wacke,female,white
1382,Ludwig Keiler,male,white
1383,Anna Catherine Keiler,female,white
1384,John Christian Abel,male,white
1385,Philip Wirth,male,white
1386,Rieth Rieth,unknown,white
1387,George Reichwein,male,white
1388,Wife Of George Reichwein,female,white
1389,John Bergman,male,white
1390,Anna Catherine Bergman,female,white
1391,Thomas Wind,male,white
1392,Hannah Wind,female,white
1393,Peter Conver,male,white
1394,Catharina Conver,female,white
1395,John Peter Stockman,male,white
1396,Christina Stockman,female,white
1397,Rudolph Haubern,male,white
1398,Elizabeth Haubern,female,white
1399,Henry Lutz,male,white
1400,Anna Catherine Lutz,female,white
1401,John Gottfried Mohr,male,white
1402,Anna Margaret Mohr,female,white
1403,George Hoerner,male,white
1404,Margaret Hoerner,female,white
1405,Balthazar Rabanos,unknown,white
1406,Elizabeth Rabanos,female,white
1407,Elizabeth Weiss,female,white
1408,Joost Eberth,male,white
1409,Catharina Eberth,female,white
1410,Michael Grieder,male,white
1411,Catharina Grieder,female,white
1412,Abraham Gobeler,male,white
1413,Sophia Gobeler,female,white
1414,Frederick Domminick,male,white
1415,Barbara Domminick,female,white
1416,Abel Wells,male,white
1417,Wife Of Abel Wells,female,white
1418,Maria Rosina Mohr,female,white
1419,Henry Hemsing,male,white
1420,Christina Hemsing,female,white
1421,Margaret Grob,female,white
1422,Maria Bekker,female,white
1423,Anna Maria Ruebsamen,female,white
1424,Frederick Schakar,male,white
1425,Elizabeth Schakar,female,white
1426,Jacob Braun,male,white
1427,Magdalena Braun,female,white
1428,John Darny,male,white
1429,Sara Darny,female,white
1430,Christopher Keiler,male,white
1431,Anna Maria Keiler,female,white
1432,Caspar Diel,male,white
1433,Juliana Diel,female,white
1434,Maria Clara Bayer,female,white
1435,John Philipse Schmick,male,white
1436,Magdalena Elizabeth Schmick,female,white
1437,Nicholas Bekker,male,white
1438,Anna Margaret Bekker,female,white
1439,John Orfgen,male,white
1440,Catharina Orfgen,female,white
1441,Michael Gamber,male,white
1442,Elizabeth Gamber,female,white
1443,Maria Kress,female,white
1444,George Hund,male,white
1445,Catharina Hund,female,white
1446,Daniel Waal,male,white
1447,Janiola Waal,unknown,white
1448,Christopher Hartman,male,white
1449,Maria Susanna Hartman,female,white
1450,Christina Diel,female,white
1451,Veronica Fanz,female,white
1452,John Henry Enck,male,white
1453,Elizabeth Enck,female,white
1454,Anna Catherine Schuetz,female,white
1455,Philip Stoadtinger,male,white
1456,Maria Stoadtinger,female,white
1457,Jacob Kehr,male,white
1458,Anna Elizabeth Kehr,female,white
1459,Frederick Bohmer,male,white
1460,Catharina Elizabeth Bohmer,female,white
1461,Maria Catherine Enck,female,white
1462,Catharina Strupp,female,white
1463,Anna Wagener,female,white
1464,John Peter Schreiber,male,white
1465,Maria Magdalene Schreiber,female,white
1466,Henry Peter,male,white
1467,Elizabeth Peter,female,white
1468,John Gerlach Drauth,male,white
1469,Maria Catherine Drauth,female,white
1470,Christian Haushalter,male,white
1471,Anna Barbara Haushalter,female,white
1472,Caspar Weyberg,male,white
1473,Harmen Orner,male,white
1474,Anna Margaret Orner,female,white
1475,Henry Sched,male,white
1476,Christina Sched,female,white
1477,Catharina Justus,female,white
1478,[noname] Masi,unknown,white
1479,Wife Of [noname] Maus,female,white
1480,Christian Mintel,male,white
1481,Maria Mintel,female,white
1482,Esther Oberdorf,female,white
1483,Magdalena Knies,female,white
1484,Veronica Lohman,female,white
1485,John Ernest Diel,male,white
1486,Anna Catherine Diel,female,white
1487,Philip Reiss,male,white
1488,John Conrad Stein,male,white
1489,Magdalena Stein,female,white
1490,Francis Schafer,male,white
1491,Elizabeth Schafer,female,white
1492,Magdalena Lefeber,female,white
1493,Jacob Fanz,male,white
1494,Catharina Fanz,female,white
1495,Ludwig Pfistler,male,white
1496,Margaret Pfistler,female,white
1497,John Koch,male,white
1498,Anna Barbara Koch,female,white
1499,Barbara Vogel,female,white
1500,Frederick Locher,male,white
1501,Maria Barbara Locher,female,white
1502,Frederick Faselong,male,white
1503,Anna Margaret Faselong,female,white
1504,Carl Chagard,male,white
1505,John Henry Scheider,male,white
1506,Maria Juliana Scheider,female,white
1507,Ulrich Ranger,male,white
1508,Christina Ranger,female,white
1509,Elizabeth Keyser,female,white
1510,George Eulert,male,white
1511,Wife Of George Eulert,female,white
1512,Maria Ottenheimer,female,white
1513,Maria Anna Pfister,female,white
1514,John Frantz Schafner,male,white
1515,Elizabeth Magdalene Schafner,female,white
1516,[noname] Buchert,unknown,white
1517,Maria Margaret Buchert,female,white
1518,Julius Korper,male,white
1519,Catharina Korper,female,white
1520,George Bachofen,male,white
1521,Sara Bachofen,female,white
1522,Maria Elizabeth Scheller,female,white
1523,Ludwig Roth,male,white
1524,Anna Margaret Waespi,female,white
1525,John Mervin,male,white
1526,Wife Of John Mervin,female,white
1527,Conrad Steltz,male,white
1528,Catharina Steltz,female,white
1529,George Wilki,male,white
1530,Daniel Tielman,male,white
1531,Christina Tielman,female,white
1532,John Fiscus,male,white
1533,Catharina Fiscus,female,white
1534,John Heins,male,white
1535,Christian Joung,male,white
1536,Maria Magdalene Joung,female,white
1537,Gustaviana Graf,unknown,white
1538,Christina Maria Miehler,female,white
1539,Anna Catherine Hoffman,female,white
1540,Frederick Arnbach,male,white
1541,Wife Of Frederick Arnbach,female,white
1542,William Wolff,male,white
1543,Giny Jenny Abel,unknown,white
1544,Caspar Coelling,male,white
1545,Catharina Coelling,female,white
1546,Carl Gambestein,male,white
1547,Michael Forner,male,white
1548,Maria Forner,female,white
1549,Abraham Huser,male,white
1550,Christina Huser,female,white
1551,Ludwig Mohr,male,white
1552,Maria Mohr,female,white
1553,John Widerstein,male,white
1554,Barbara Tauber,female,white
1555,Simon Schellenberger,male,white
1556,Elizabeth Schellenberger,female,white
1557,Maria Catherine Rori,female,white
1558,John Walter,male,white
1559,Maria Walter,female,white
1560,John George Krauskopf,male,white
1561,Catharina Sibylla Popi,female,white
1562,John Peter Frey,male,white
1563,Barbara Frey,female,white
1564,Jacob Ryan,male,white
1565,Catharina Ryan,female,white
1566,Philip Schreiber,male,white
1567,Elizabeth Schrott,female,white
1568,George Sisler,male,white
1569,Maria Sisler,female,white
1570,Elizabeth Grebil,female,white
1571,Ludwig Pfister,male,white
1572,Margaret Pfister,female,white
1573,George Jacob Hausmann,male,white
1574,Wife Of George Jacob Hausmann,female,white
1575,John Adam Bruchhauser,male,white
1576,Anna Maria Bruchhauser,female,white
1577,John Haan,male,white
1578,Elizabeth Haan,female,white
1579,Daniel Haan,male,white
1580,Wife Of Daniel Haan,female,white
1581,Michael Planckenhahn,male,white
1582,Magdalena Planckenhahn,female,white
1583,Anna Maria Alster,female,white
1584,Caspar Wacke,male,white
1585,John George Schaub,male,white
1586,Anna Elizabeth Schaub,female,white
1587,John Christian Haan,male,white
1588,Hannah Margaret Haan,female,white
1589,Peter Schreiber,male,white
1590,Bernard Kehr,male,white
1591,Catharina Kehr,female,white
1592,Anna Maria Schafer,female,white
1593,Philip Tippo,male,white
1594,Elizabeth Tippo,female,white
1595,Jacob Wollenschleger,male,white
1596,Hannah Wollenschleger,female,white
1597,Henry Flecke,male,white
1598,Frederick Paul,male,white
1599,Elizabeth Paul,female,white
1600,John Jacob Enck,male,white
1601,Andrew Bengel,male,white
1602,Anna Elizabeth Bengel,female,white
1603,John Christian Schneider,male,white
1604,Maria Elizabeth Schneider,female,white
1605,Christian Hartman,male,white
1606,Susanna Hartman,female,white
1607,Michael Thor,male,white
1608,Hannah Thor,female,white
1609,John Frederick Allenbach,male,white
1610,Anna Maria Allenbach,female,white
1611,Samuel Layon,male,white
1612,Charlotte Layon,female,white
1613,George Stadler,male,white
1614,Anna Elizabeth Stadler,female,white
1615,John Philipse Jacob,male,white
1616,Catharina Marckhart,female,white
1617,Abraham Tippo,male,white
1618,Maria Tippo,female,white
1619,John Ludwig Schmick,male,white
1620,Rachel Schmick,female,white
1621,Maria Pfister,female,white
1622,John Sprauth,male,white
1623,Hannah Sprauth,female,white
1624,Frederick Simon,male,white
1625,Wife Of Frederick Simon,female,white
1626,Jacob Wever,male,white
1627,Elizabeth Wever,female,white
1628,Rosina Mohr,female,white
1629,Valentyn Braun,male,white
1630,Regina Braun,female,white
1631,Christian Jauch,male,white
1632,Maria Magdalene Jauch,female,white
1633,Elizabeth Bekker,female,white
1634,John Pfau,male,white
1635,Anna Elizabeth Pfau,female,white
1636,John Jacob Roth,male,white
1637,Wife Of John Jacob Roth,female,white
1638,George Gangewer,male,white
1639,Magdalena Gangewer,female,white
1640,William Beltz,male,white
1641,Catharina Beltz,female,white
1642,George Zeissiger,male,white
1643,Anna Maria Margaret Zeissiger,female,white
1644,Rosina Foot,female,white
1645,John Gerlach Kern,male,white
1646,Barbara Kern,female,white
1647,Philip Casper Euler,male,white
1648,Susanna Euler,female,white
1649,Anna Catherine Schmied,female,white
1650,Henry Borcki,male,white
1651,Maria Magdalene Borcki,female,white
1652,Christian Kehr,male,white
1653,Elizabeth Kehr,female,white
1654,Henry Strohman,male,white
1655,Elizabeth Strohman,female,white
1656,Anna Margaret Galli,female,white
1657,Catharina Haan,female,white
1658,Johanna Waal,female,white
1659,Michael Fanz,male,white
1660,Rebecca Fanz,female,white
1661,Gustava Johanna Graf,female,white
1662,Daniel Kelman,male,white
1663,Christina Kelman,female,white
1664,Thomas Schie,male,white
1665,Sally Brunner,female,white
1666,Timothe Silowen,unknown,white
1667,Anna Margaret Reiman,female,white
1668,Barbara Haushalter,female,white
1669,Peter Bekker,male,white
1670,Maria Weyberg,female,white
1671,Philip Schrott,male,white
1672,John Michael Prattler,male,white
1673,Christina Prattler,female,white
1674,John Just Wind,male,white
1675,Anna Elizabeth Wind,female,white
1676,John Peter Aman,male,white
1677,Anna Maria Aman,female,white
1678,Maria Kehr,female,white
1679,Philip Sisler,male,white
1680,Henry Hamerich,male,white
1681,Barbara Hamerich,female,white
1682,Anna Catherine Strohauer,female,white
1683,[noname] Eschelman,unknown,white
1684,Catharina Eschelman,female,white
1685,Jacob Werntz,male,white
1686,Rebecca Grieder,female,white
1687,John George Penther,male,white
1688,William Runckel,male,white
1689,Catharina Runckel,female,white
1690,Ulrich Ronner,male,white
1691,Christina Ronner,female,white
1692,Thomas Zeiner,male,white
1693,Anna Maria Zeiner,female,white
1694,Tibi Tabitha Stryker,unknown,white
1695,John Jacob Jud,male,white
1696,Eva Catherine Jud,female,white
1697,Abraham Wilt,male,white
1698,Elizabeth Wilt,female,white
1699,Michael Kammer,male,white
1700,Eva Salome Kammer,female,white
1701,Veronica Bayer,female,white
1702,Felix Fenner,male,white
1703,Maria Of Fenner,female,white
1704,Rory Rori,male,white
1705,Wife Of Rori,female,white
1706,Francisca Maus,female,white
1707,Jacob Penther,male,white
1708,Hannah Penther,female,white
1709,William Torner,male,white
1710,Susanna Torner,female,white
1711,John Schneider,male,white
1712,Maria Sophia Schneider,female,white
1713,Henry Domminick,male,white
1714,Elenor Domminick,female,white
1715,Frederick Allenbach,male,white
1716,Maria Allenbach,female,white
1717,Peter Reusch,male,white
1718,Anna Margaret Reusch,female,white
1719,John Warmer,male,white
1720,John Kuehn,male,white
1721,Anna Catherine Schuehlin,female,white
1722,Caspar Schuessler,male,white
1723,Regina Schuessler,female,white
1724,John Roscher,male,white
1725,Magdalena Roscher,female,white
1726,John Jacob Behringer,male,white
1727,Anna Behringer,female,white
1728,Peter Cober,male,white
1729,Catharina Cober,female,white
1730,Henry Widerstein,male,white
1731,Anna Widerstein,female,white
1732,John Sinck,male,white
1733,Elizabeth Sinck,female,white
1734,Margaret Sinck,female,white
1735,Peter Osius,male,white
1736,Magdalena Osius,female,white
1737,George Philipse Stoadtinger,male,white
1738,Magdalena Stoadtinger,female,white
1739,William Rupp,male,white
1740,Anna Magdalene Tauenheimer,female,white
1741,Philippina Blum,female,white
1742,Frederick Daniel Locher,male,white
1743,Barbara Locher,female,white
1744,John Adam Alberger,male,white
1745,Maria Elizabeth Alberger,female,white
1746,Balthazar Ravener,unknown,white
1747,Elizabeth Ravener,female,white
1748,Paulus Schneider,male,white
1749,Helena Schneider,female,white
1750,Maria Catherine Mesmer,female,white
1751,Jacob Ehbregt,male,white
1752,Wife Of Jacob Ehbregt,female,white
1753,John Armbruster,male,white
1754,Catharina Armbruster,female,white
1755,Michael Blanckenagel,male,white
1756,Magdalena Blanckenagel,female,white
1757,Henry Pollbach,male,white
1758,Wife Of Henry Pollbach,female,white
1759,Martin Thoma,male,white
1760,Anna Thoma,female,white
1761,Anna Wollenschleger,female,white
1762,George [noname],male,white
1763,Wife Of George,female,white
1764,Frederick Mielefeld,male,white
1765,Margaret Mielefeld,female,white
1766,Liberta Kuehn,unknown,white
1767,Margaret Jotz,female,white
1768,John Ahrs,male,white
1769,Anna Margaret Gerret,female,white
1770,Maria Magdalene Kehr,female,white
1771,Peter Bart,male,white
1772,Magdalena Bart,female,white
1773,Rosina Teis,female,white
1774,John Pollebacher,male,white
1775,Catharina Pollebacher,female,white
1776,Ludwig Schmick,male,white
1777,Anna Waal,female,white
1778,Jacob Kommerer,male,white
1779,Maria Kommerer,female,white
1780,Elenor Haan,female,white
1781,John Kramp,male,white
1782,Dorothea Kramp,female,white
1783,Harmanus Leck,male,white
1784,Maria Magdalene Leck,female,white
1785,Wendel Zerban,male,white
1786,Catharina Zerban,female,white
1787,Magdalena Borcki,female,white
1788,John George Schaaf,male,white
1789,Anna Elizabeth Schaaf,female,white
1790,Jacob Schallus,male,white
1791,Wife Of Jacob Schallus,female,white
1792,Jacob Bligestorfer,male,white
1793,Ursula Bligestorfer,female,white
1794,Jacob Wolff,male,white
1795,Louisa Wolff,female,white
1796,Philip Kreutzweis,male,white
1797,Catharina Kreutzweis,female,white
1798,Isaac Wetzstein,male,white
1799,Margaret Wetzstein,female,white
1800,Philip Worn,male,white
1801,Maria Worn,female,white
1802,Jacob Ehringer,male,white
1803,Anna Ehringer,female,white
1804,Andrew Schneider,male,white
1805,Anna Maria Schneider,female,white
1806,John Conrad Spangenberg,male,white
1807,Maria Alster,female,white
1808,Christian Jentzer,male,white
1809,Susanna Jentzer,female,white
1810,Zacharias Endres,male,white
1811,Anna Maria Endres,female,white
1812,Samuel Popi,male,white
1813,Alexander Mohr,male,white
1814,Carpenter Warden,unknown,white
1815,Johanna Kern,female,white
1816,Maria Magdalene Rupp,female,white
1817,Gottfried Gobeler,male,white
1818,Anna Catherine Gobeler,female,white
1819,Maria Justus,female,white
1820,Philip Jacob Tippo,male,white
1821,George Wever,male,white
1822,Catharina Wever,female,white
1823,George Pfau,male,white
1824,Anna Pfau,female,white
1825,Carl Hoegst,male,white
1826,Anna Hoegst,female,white
1827,Jacob Brunner,male,white
1828,Elizabeth Brunner,female,white
1829,Hannah Terri,female,white
1830,John Peter Nannetter,male,white
1831,Elizabeth Nannetter,female,white
1832,Maria Oberdorf,female,white
1833,John Froelich,male,white
1834,Christina Froelich,female,white
1835,Elizabeth Stadler,female,white
1836,Harmen Johnston,male,white
1837,Wife Of Herman Johnston,female,white
1838,John Peter Miltenberger,male,white
1839,Susanna Miltenberger,female,white
1840,Margaret Galli,female,white
1841,Carl Rudy,male,white
1842,Maria Charlotte Rudy,female,white
1843,John Reusch,male,white
1844,Maria Reusch,female,white
1845,Michael Farmer,male,white
1846,Maria Farmer,female,white
1847,Philip Jacob Birckenmeyer,male,white
1848,Catharina Birckenmeyer,female,white
1849,Andrew Miehler,male,white
1850,Apollonia Miehler,female,white
1851,William Paul,male,white
1852,Ludwig Teis,male,white
1853,Anna Of Teis,female,white
1854,William Stoadtinger,male,white
1855,Nicholas Reusch,male,white
1856,Juliana Reusch,female,white
1857,George Michael Gamber,male,white
1858,Caspar Silvius,male,white
1859,Dorothea Silvius,female,white
1860,William Rau,male,white
1861,Maria Elizabeth Rau,female,white
1862,Edward Eyerli,male,white
1863,Margaret Schneider,female,white
1864,John Michael Stetzenbach,male,white
1865,Margaret Stetzenbach,female,white
1866,Jacob Pieterse,male,white
1867,Johanna Pieterse,female,white
1868,Henry Schreiber,male,white
1869,Catharina Schreiber,female,white
1870,Anna Wind,female,white
1871,Jacob Bender,male,white
1872,Hannah Bender,female,white
1873,Salome Bachofen,female,white
1874,John Peter Eschman,male,white
1875,Anna Maria Eschman,female,white
1876,Jacob Warden,male,white
1877,Christina Roth,female,white
1878,Frederick Seen,male,white
1879,Maria Seen,female,white
1880,[noname] Gangewer,unknown,white
1881,Charles Hunter,male,white
1882,Catharina Hunter,female,white
1883,Peter Haern,male,white
1884,John Kretz,male,white
1885,Maria Margaret Kretz,female,white
1886,Michael Prattler,male,white
1887,John Henry Kram,male,white
1888,Anna Magdalene Kram,female,white
1889,George Thor,male,white
1890,Maria Thor,female,white
1891,William Reusch,male,white
1892,Catharina Reusch,female,white
1893,John Vlenieken,male,white
1894,Margaret Vlenieken,female,white
1895,John Ulrich Riemer,male,white
1896,Anna Christine Riemer,female,white
1897,George Schneider,male,white
1898,Hannah Abel,female,white
1899,Jacob Maag,male,white
1900,Maria Maag,female,white
1901,Gottfried Schuessler,male,white
1902,Elizabeth Schuessler,female,white
1903,Adam Mohr,male,white
1904,Frederick Haller,male,white
1905,Catharina Wilhelmina Haller,female,white
1906,Leonard Rupp,male,white
1907,Susanna Rupp,female,white
1908,Adam Schuetz,male,white
1909,Wife Of Adam Schuetz,female,white
1910,Maria Wetzstein,female,white
1911,Jacob Mills,male,white
1912,Anna Mills,female,white
1913,John Just Schmied,male,white
1914,Magdalena Tippo,female,white
1915,John Wilson,male,white
1916,Ottilia Wilson,female,white
1917,Jacob Cliver,male,white
1918,Maria Cliver,female,white
1919,Ludwig Reinick,male,white
1920,Maria Elizabeth Reinick,female,white
1921,Bernard Kaerth,male,white
1922,Catharina Kaerth,female,white
1923,Adam Terri,male,white
1924,Catharina Terri,female,white
1925,Elizabeth Altburger,female,white
1926,Maria Orner,female,white
1927,Harmen Leck,male,white
1928,Margaret Mercker,female,white
1929,Elizabeth Reiss,female,white
1930,John Conrad Steinmetz,male,white
1931,Magdalena Steinmetz,female,white
1932,Anna Maria Seen,female,white
1933,Jacob Maerkli,male,white
1934,Martin [noname],male,white
1935,Michael Dietrich,male,white
1936,Philip Jacob Beidenman,male,white
1937,John Williger,male,white
1938,Frederick Wagener,male,white
1939,John Voegle,male,white
1940,John Weber,male,white
1941,Conrad Pitschen,male,white
1942,Abraham Pollebacher,male,white
1943,John Fuchs,male,white
1944,Henry Steinmetz,male,white
1945,William Hufnagel,male,white
1946,Frederick Schuetz,male,white
