id,name,gender,race
0,1773,unknown,white
1,Henry  Kobel,male,white
2,1774,unknown,white
3,John Nicholaus Hedrich,male,white
4,Caspar  Kobel,male,white
5,Johannes  Philips,male,white
6,Peter  Schmidt,male,white
7,Henrich  Baumgardner,male,white
8,Valentyn  Rehbock,male,white
9,Daniel  Kobel,male,white
10,Peter  Fischer,male,white
11,1775,unknown,white
12,George  Heim,male,white
13,Johannes  Ried,male,white
14,Wilhelm  Thomase,male,white
15,Johannes  Fischer,male,white
16,Ludwig  Schreyer,male,white
17,Henrich  Kobel,male,white
18,Jacob  Miniam,male,white
19,Jacob  Oxenreiter,male,white
20,Christopher  Hedrich,male,white
21,Nicholas  Hedrich,male,white
22,Wilhelm  Forster,male,white
23,Henrich  Kohler,male,white
24,Philip  Kunselman,male,white
25,1776,unknown,white
26,George  Forster,male,white
27,Johannes  Lips,male,white
28,Johannes  Miller,male,white
29,Marten  Burgart,male,white
30,John Henrich Schreckengast,male,white
31,Peter  Trautman,male,white
32,1777,unknown,white
33,Philip  Lofler,male,white
34,Marten  Heil,male,white
35,Esaias  Althaus,male,white
36,Peter  Forster,male,white
37,Peter  Albert,male,white
38,Christopher  Dunckelberger,male,white
39,William  Thomassen,male,white
40,John George Forst,male,white
41,1779,unknown,white
42,John  Philips,male,white
43,John  Bingeman,male,white
44,John George Brosius,male,white
45,1780,unknown,white
46,John Nicholaus Brosius,male,white
47,Wilhelm  Forst,male,white
48,Marten  Zartman,male,white
49,1781,unknown,white
50,Henrich  Reitz,male,white
51,Henrich  Croninger,male,white
52,Michael  Ried,male,white
53,1782,unknown,white
54,Andries  Reitz,male,white
55,John George Pfeiffer,male,white
56,Johan Jr George,male,white
57,Mattheus  Winckelman,male,white
58,Conrad  Nicholaus,male,white
59,John George Borell,male,white
60,Caspar  Schneider,male,white
61,Johannes  Bingeman,male,white
62,Philip  Klinger,male,white
63,Adam  Hedrich,male,white
64,Michael  Schaffer,male,white
65,Leonard  Kerstetter,male,white
66,John  Heim,male,white
67,1783,unknown,white
68,Henrich  Lofler,male,white
69,Henrich  Miniam,male,white
70,Johannes Leonard Kaufman,male,white
71,John Andreas Hedrich,male,white
72,Johannes  Herter,male,white
73,1784,unknown,white
74,George  Krebs,male,white
75,Michael  Roth,male,white
76,1785,unknown,white
77,George  Pfeiffer,male,white
78,Henrich  Zartman,male,white
79,George  Klinger,male,white
80,Philip  Amman,male,white
81,Johannes  Kniss,male,white
82,Michael  Reitz,male,white
83,Johannes  Schaffer,male,white
84,Johannes  Lofler,male,white
85,Christopher  Wentzel,male,white
86,Peter  Zartman,male,white
87,Johannes  Heim,male,white
88,Jacob  Stauch,male,white
89,Michael  Hedrich,male,white
90,Jacob  Herter,male,white
91,1786,unknown,white
92,Thomas  Dapson,male,white
93,Conrad  Schreckengast,male,white
94,James  Ostman,male,white
95,Michael  Dirk,male,white
96,Peter  Maurer,male,white
97,John Jacob Brosius,male,white
98,Henrich  Schreckengast,male,white
99,John George Forster,male,white
100,1787,unknown,white
101,Henry  Croninger,male,white
102,George  Schreckengast,male,white
103,Christian  Stutzman,male,white
104,John George Schaffer,male,white
105,Leonard  Jaufman,male,white
106,Johannes Adam Rehbock,male,white
107,Godfrey  Kramer,male,white
108,Henrich  Daniels,male,white
109,Peter  Heim,male,white
110,1788,unknown,white
111,Valentyn  Britsch,male,white
112,Wilhelm  Heim,male,white
113,Bill  Rosen,male,white
114,Friederich  Kobel,male,white
115,John Adam Rehbock,male,white
116,1789,unknown,white
117,Adam  Rehbock,male,white
118,1790,unknown,white
119,1791,unknown,white
120,Mattias  Heim,male,white
121,John Nicholaus Friederichs,male,white
122,George  Carl,male,white
123,Michael  Bauers,male,white
124,Philip  Haupt,male,white
125,1792,unknown,white
126,Michael  Rehbock,male,white
127,George  Brosius,male,white
128,Mattheus  Heim,male,white
129,Johannes Nicholaus Brosius,male,white
130,Nicholas  Schneider,male,white
131,Johannes Adam Schleich,male,white
132,1793,unknown,white
133,Jacob  Bauman,male,white
134,Jacob  Hedrich,male,white
135,Friederich  Miller,male,white
136,George  Schaffer,male,white
137,Johannes  Brosius,male,white
138,Johannes  Koppenheffer,male,white
139,Daniel  Rothermel,male,white
140,Jacob  Bingeman,male,white
141,Bernard  Kaufman,male,white
142,John  Schreckengast,male,white
143,1794,unknown,white
144,Adam  Henrich,male,white
145,Paulus  Bein,male,white
146,1795,unknown,white
147,Adam  Schleich,male,white
148,Jacob  Renninger,male,white
149,Christian  Leitener,male,white
150,Michael  Billman,male,white
151,Philip  Krick,male,white
152,Johannes  Strohschneider,male,white
153,Michael  Wolfgang,male,white
154,Peter  Ressler,male,white
155,Johannes  Schreckengast,male,white
156,Johannes  Weichen,male,white
157,Johannes  Roth,male,white
158,George Leonard Emmerich,male,white
159,Henrich  Klock,male,white
160,1796,unknown,white
161,Nicholas  Brosius,male,white
162,Michael  Diehl,male,white
163,Conrad  Haupt,male,white
164,Johannes  Maurer,male,white
165,Michael  Koppenheffer,male,white
166,George  Greib,male,white
167,Philip  Diehl,male,white
168,Christian  Roth,male,white
169,Jacob  Chester,male,white
170,Jacob  Philips,male,white
171,Jacob  Eister,male,white
172,Abraham  Brosius,male,white
173,1797,unknown,white
174,Peter  Henrich,male,white
175,Antoine  Wehry,male,white
176,Jacob  Klock,male,white
177,Friederich  Rausch,male,white
178,Leonard  Kaufman,male,white
179,Johannes  Haas,male,white
180,Christopher  Berkhaus,male,white
181,Simon  Scherman,male,white
182,Godfrey  Thomase,male,white
183,Bennert  Emmerich,unknown,white
184,Johannes  Orendorf,male,white
185,Jacob  Austerly,male,white
186,Mattheus  Koppenheffer,male,white
187,1798,unknown,white
188,Johannes  Hepler,male,white
189,Jacob  Traub,male,white
190,Andries  Geist,male,white
191,Johannes Conrad Haupt,male,white
192,Philip  Borell,male,white
193,George  Tolb,male,white
194,Christian  Kohl,male,white
195,Henrich  Cronginger,male,white
196,George  Kohler,male,white
197,William  Heim,male,white
198,John Philipse Haupt,male,white
199,1799,unknown,white
200,Peter  Hedrich,male,white
201,Leonard  Emmerich,male,white
202,Christopher  Roth,male,white
203,Jacob  Schmidt,male,white
204,Peter  Klock,male,white
205,Christian  Forster,male,white
206,Christian  Thomase,male,white
207,Jacob  Reiner,male,white
208,Johannes  Wagener,male,white
209,Jacob  Thomase,male,white
210,Michael  Kaderman,male,white
211,1800,unknown,white
212,Johannes  Kohler,male,white
213,Adam  Heim,male,white
214,Johannes  Derr,male,white
215,Christopher  Hepler,male,white
216,Daniel  Doffy,male,white
217,George  Miller,male,white
218,Johannes  Keppler,male,white
219,Jacob  Enterlein,male,white
220,Michael  Wagener,male,white
221,Michael  Braun,male,white
222,Christian  Kobel,male,white
223,1801,unknown,white
224,Michael  Paul,male,white
225,Henrich  Haupt,male,white
226,Johannes  Stahlman,male,white
227,Daniel  Maurer,male,white
228,Jacob  Billman,male,white
229,Jacob  Henderickse,male,white
230,George  Schmidt,male,white
231,Conrad  Hopp,male,white
232,Johannes  Stehr,male,white
233,Peter  Magher,male,white
234,Jacob  Leitener,male,white
235,1802,unknown,white
236,Jacob  Schneider,male,white
237,Johannes Nicholaus Paul,male,white
238,John George Druckenmiller,male,white
239,John  Wagener,male,white
240,Henrich  Trautman,male,white
241,Andries  Erdman,male,white
242,1803,unknown,white
243,Johannes  Wehry,male,white
244,Jacob  Oesterlein,male,white
245,Adam  Hein,male,white
246,Michael  Druckenmiller,male,white
247,Daniel  Dopey,male,white
248,Johannes  Peter,male,white
249,Benjamin  Lestele,male,white
250,[Noname]  Weische,unknown,white
251,Mattheus  Herter,male,white
252,Johannes  Knerr,male,white
253,Philip  Rauschkolb,male,white
254,1804,unknown,white
255,Adam  Oehlinger,male,white
256,Johannes  Eisenhart,male,white
257,Jacob  Groh,male,white
258,George  Schweinhard,male,white
259,Peter  Brosius,male,white
260,Abraham  Wentzel,male,white
261,Henrich  Stein,male,white
262,Andries  Herter,male,white
263,Jacob  Steiner,male,white
264,Jacob  Wagener,male,white
265,Johannes  Mertz,male,white
266,Johannes  Dormeyer,male,white
267,Benjamin  Haupt,male,white
268,Wilhelm  Roth,male,white
269,Benjamin  Lofler,male,white
270,Jacob  Wehry,male,white
271,1805,unknown,white
272,Daniel  Hillebusch,male,white
273,Jacob  Phillip,male,white
274,Jacob  Braur,male,white
275,Lorence  Derr,male,white
276,Jacob  Weickel,male,white
277,Jacob  Beisel,male,white
278,Samuel  Keim,male,white
279,Jacob  Mattern,male,white
280,Andries  Kohler,male,white
281,1806,unknown,white
282,Jacob  Heim,male,white
283,George  Schneider,male,white
284,Johannes  Boyer,male,white
285,Jacob  Boyer,male,white
286,George  Klock,male,white
287,Jacob  Maurer,male,white
288,Peter  Mattern,male,white
289,Peter  Fedderman,male,white
290,1807,unknown,white
291,George  Dunckelberger,male,white
292,George  Forst,male,white
293,Michael  Long,male,white
294,Johannes  Wolfgang,male,white
295,John  Maurer,male,white
296,1808,unknown,white
297,Daniel  Beisel,male,white
298,John  Derr,male,white
299,John  Orenthorf,male,white
300,George  Dirk,male,white
301,Johannes  Bixler,male,white
302,Johannes  Dunckelberger,male,white
303,Peter  Zerbe,male,white
304,Peter  Hepler,male,white
305,1809,unknown,white
306,Peter  Dunckelberger,male,white
307,Antoine  Kohler,male,white
308,Michael  Boyer,male,white
309,Jonathan  Kramer,male,white
310,1810,unknown,white
311,Johannes  Schleich,male,white
312,Jacob  Wolfgang,male,white
313,Johannes  Zerbe,male,white
314,Nicholas  Kleyn,male,white
315,George  Lohrman,male,white
316,Daniel  Schneider,male,white
317,1811,unknown,white
318,George  Maurer,male,white
319,David  Christman,male,white
320,Henrich  Hillebusch,male,white
321,George  Hepler,male,white
322,Valentyn  Klock,male,white
323,Abraham  Yoder,male,white
324,Christian  Dieter,male,white
325,George  Hedrich,male,white
326,Jacob  Ried,male,white
327,[Noname]  Hepler,unknown,white
328,1812,unknown,white
329,Isaac  Knerr,male,white
330,George  Kramer,male,white
331,Johannes  Scheth,male,white
332,Johannes  Wolf,male,white
333,1813,unknown,white
334,Henrich  Maurer,male,white
335,George  Yoder,male,white
336,Abraham  Diehl,male,white
337,Adam  Schlabig,male,white
338,Michael  Wehry,male,white
339,George  Haas,male,white
340,Henrich  Fetter,male,white
341,1814,unknown,white
342,Peter  Wessels,male,white
343,Daniel  Haas,male,white
344,1815,unknown,white
345,Johannes  Kleyn,male,white
346,George  Strasser,male,white
347,1816,unknown,white
348,Benjamin  Reiner,male,white
349,Samuel  Zimmerman,male,white
350,Philip  Boyer,male,white
351,David  Maurer,male,white
352,Adam  Yoh,male,white
353,George  Geist,male,white
354,Andries  Knerr,male,white
355,John  Dunckelberger,male,white
356,Philip  Maurer,male,white
357,Henrich  Dunckelberger,male,white
358,Emanuel  Christ,male,white
359,1817,unknown,white
360,Sebastian  Zimmerman,male,white
361,John  Klock,male,white
362,Solomon  Zimmerman,male,white
363,Jacob  Felix,male,white
364,Peter  Heinebach,male,white
365,George  Scheily,male,white
366,Henrich  Hepler,male,white
367,Henrich  Mattern,male,white
368,Nicholas  Rehmer,male,white
369,Johannes  Magher,male,white
370,Johannes Nicholaus Geiss,male,white
371,Frederick  Schneider,male,white
372,Johannes  Schneider,male,white
373,Johannes  Lohrman,male,white
374,Henrich  Mertz,male,white
375,Michael  Bolig,male,white
376,Ludwig  Borell,male,white
377,1818,unknown,white
378,George  Paul,male,white
379,George  Henninger,male,white
380,Peter  Fedderolf,male,white
381,David  Strasser,male,white
382,Jacob  Henry,male,white
383,Moses  Bensinger,male,white
384,Charles  Yoder,male,white
385,Abraham  Zimmerman,male,white
386,1819,unknown,white
387,Jonathan  Rehmer,male,white
388,Daniel  Mattern,male,white
389,Johannes  Tolb,male,white
390,Daniel  Gottschalck,male,white
391,Jacob  Schaffer,male,white
392,Henrich  Sherry,male,white
393,John  Magher,male,white
394,Jesse  Geist,male,white
395,Christian  Schroder,male,white
396,Joseph  Hessert,male,white
397,David  Gerhard,male,white
398,John  Berckhauser,male,white
399,Michael  Smith,male,white
400,Friederich  Schneider,male,white
401,John  Wolfgang,male,white
402,John  Hepler,male,white
403,Johannes  Kerstetter,male,white
404,Daniel  Herb,male,white
405,Jacob  Strasser,male,white
406,John  Schneider,male,white
407,1820,unknown,white
408,John  Bixler,male,white
409,John  Kohler,male,white
410,John  Beisel,male,white
411,Solomon  Weiss,male,white
412,John  Reiner,male,white
413,Philip  Artz,male,white
414,Solomon  Yoder,male,white
415,George  Horner,male,white
416,Abraham  Holzschuh,male,white
417,Jacob  Henninger,male,white
418,Samuel  Weidel,male,white
419,John  Haas,male,white
420,Daniel  Gottschall,male,white
421,David  Hartline,male,white
422,George  Kuder,male,white
423,Peter  Boyer,male,white
424,1821,unknown,white
425,John  Schnabel,male,white
426,Johannes  Klock,male,white
427,Conrad  Boyer,male,white
428,John  Schaffer,male,white
429,Peter  Heimbach,male,white
430,Michael  Zartman,male,white
431,George  Stein,male,white
432,Daniel  Strohecker,male,white
433,William  Stitzer,male,white
434,Jacob  Bensinger,male,white
435,Johannes  Reiner,male,white
436,Peter  Wehry,male,white
437,Philip  Schanckweiler,male,white
438,Daniel  Henneleiter,male,white
439,Johannes  Gottschalck,male,white
440,Michael  Schmidt,male,white
441,Johannes Christopher Fassler,male,white
442,Christian  Henrich,male,white
443,Jacob  Frehn,male,white
444,Henrich  Bibighaus,male,white
445,John  Mertz,male,white
446,Christian  Kramer,male,white
447,1822,unknown,white
448,Thomas  Henninger,male,white
449,Solomon  Schanckweiler,male,white
450,Michael  Laadtman,male,white
451,Johannes  Beisel,male,white
452,Samuel  Hornberger,male,white
453,Jeremiah  Yoder,male,white
454,John  Ochs,male,white
455,Daniel  Mossner,male,white
456,John  Paul,male,white
457,John  Bechtel,male,white
458,Philip  Hersch,male,white
459,Isaac  Schaffer,male,white
460,John  Kuder,male,white
461,John  Kerstetter,male,white
462,Jacob  Delumbi,male,white
463,Benjamin  Hepler,male,white
464,1823,unknown,white
465,Samuel  Derr,male,white
466,John  Geiss,male,white
467,Johannes  Geiss,male,white
468,Johannes  Klinger,male,white
469,Johannes  Weyerman,male,white
470,Henrich  Miller,male,white
471,George  Fetter,male,white
472,David  Yoder,male,white
473,1824,unknown,white
474,Samuel  Bossert,male,white
475,George  Straub,male,white
476,Daniel  Kurtz,male,white
477,Valentyn  Paul,male,white
478,Benjamin  Mertz,male,white
479,Adam  Herb,male,white
480,N Adam Schlabig,unknown,white
481,George  Wehry,male,white
482,Daniel  Dirk,male,white
483,1825,unknown,white
484,John  Zimmerman,male,white
485,Henrich  Schneider,male,white
486,George  Holzschuh,male,white
487,Charles  Reiner,male,white
488,Esaias  Geist,male,white
489,Peter  Ziegenfuss,male,white
490,Johannes  Ochs,male,white
491,Johannes  Kuder,male,white
492,Jacob  Dunckelberger,male,white
493,Johann Jr Derr,male,white
494,George  Optagrove,male,white
495,1826,unknown,white
496,Johannes  Zimmerman,male,white
497,Godfrey  Brosius,male,white
498,Daniel  Kutzner,male,white
499,Jonathan  Brosius,male,white
500,John  Gottschalck,male,white
501,John  Fassler,male,white
502,Samuel  Fedderolf,male,white
503,George  Hartline,male,white
504,Johannes  Raaser,male,white
505,1828,unknown,white
506,Jacob  Haupt,male,white
507,Philip  Hillebusch,male,white
508,Peter  Lahr,male,white
509,Abraham  Grow,male,white
510,1827,unknown,white
511,Catharina  Schleich,female,white
512,Samuel  Wehry,male,white
513,George  Kerstetter,male,white
514,Benjamin  Herring,male,white
515,Wilhelm  Stitzer,male,white
516,Carolus  Reiner,male,white
517,Michael  Scheib,male,white
518,John  Reiss,male,white
519,Daniel  Neuschwender,male,white
520,Johannes  Weitzel,male,white
521,John  Otto,male,white
522,Adam  Fuss,male,white
523,Benjamin  Schneider,male,white
524,Daniel  Kutz,male,white
525,David  Hornberger,male,white
526,George  Wolfgang,male,white
527,Daniel  Hinterleiter,male,white
528,1829,unknown,white
529,Peter  Schneider,male,white
530,Johannes  Weickel,male,white
531,Johannes  Braun,male,white
532,Samuel  Schmidt,male,white
533,Jacob  Fehn,male,white
534,Carl  Reiner,male,white
535,1830,unknown,white
536,Abraham  Klock,male,white
537,John  Weickel,male,white
538,1831,unknown,white
539,Hezekial  Kutz,unknown,white
540,Peter  Sherry,male,white
541,Samuel  Paul,male,white
542,Ferdinand  Masser,male,white
543,Michael  Neuschwencker,male,white
544,Samuel  Dirk,male,white
545,Peter  Beisel,male,white
546,Daniel  Schmelzer,male,white
547,Daniel  Neuschwencker,male,white
548,1832,unknown,white
549,Jacob  Hepler,male,white
550,George  Traub,male,white
551,Reuben  Eisenhart,male,white
552,Jacob  Zerfing,male,white
553,Jacob  Herb,male,white
554,Peter  Derr,male,white
555,Henrich  Wessels,male,white
556,Isaac  Haas,male,white
557,Nathan  Zerfing,male,white
558,1833,unknown,white
559,Israel  Fenstermacher,male,white
560,Johannes  Weidel,male,white
561,David  Lofler,male,white
562,David  Alspach,male,white
563,1834,unknown,white
564,Peter  Zerfing,male,white
565,Michael  Kerstetter,male,white
566,Daniel  Billman,male,white
567,Samuel  Rehbock,male,white
568,1835,unknown,white
569,John  Weidel,male,white
570,David  Mattern,male,white
571,John  Knerr,male,white
572,Jacob  Schminck,male,white
573,1836,unknown,white
574,Jacob  Engel,male,white
575,David  Grow,male,white
576,Jacob  Rehbock,male,white
577,George  Gottschalck,male,white
578,Solomon  Obenhause,male,white
579,Peter  Oxenreiter,male,white
580,Johannes  Masser,male,white
581,Jonathan  Haag,male,white
582,Johannes  Wessels,male,white
583,Stephan  Eisenhart,male,white
584,Jacob  Masser,male,white
585,George  Erdman,male,white
586,Johannes  Hornberger,male,white
587,Henrich  Grow,male,white
588,1837,unknown,white
589,Isaac  Herb,male,white
590,Daniel Jr Herb,male,white
591,Daniel  Dunckelberger,male,white
592,Daniel  Hepler,male,white
593,1838,unknown,white
594,John  Hartline,male,white
595,Jacob  Derr,male,white
596,George  Wessels,male,white
597,Isaac  Schneider,male,white
598,George  Boyer,male,white
599,Daniel  Ried,male,white
600,Solomon  Obenhauser,male,white
601,1839,unknown,white
602,Jacob  Krauter,male,white
603,John  Brosius,male,white
604,1840,unknown,white
605,Felix  Maurer,male,white
606,Daniel  Heim,male,white
607,Jacob  Newgart,male,white
608,Peter  Herter,male,white
609,Solomon  Herter,male,white
610,Daniel  Brosius,male,white
611,Michael Jr Diehl,male,white
612,William  Swinehart,male,white
613,Gideon  Adam,male,white
614,1841,unknown,white
615,Samuel  Gottschalck,male,white
616,James  Wessels,male,white
617,Daniel  Reiner,male,white
618,1842,unknown,white
619,Isaac  Yoder,male,white
620,William  Yoder,male,white
621,Daniel  Wagener,male,white
622,David  Heim,male,white
623,Tobias  Schneider,male,white
624,Philip  Hammel,male,white
625,Carl  Maurer,male,white
626,Daniel  Wehry,male,white
627,Elias  Schnabel,male,white
628,Abraham  Wolfgang,male,white
629,John  Kessler,male,white
630,Jacob  Lupold,male,white
631,Henry  Haas,male,white
632,Benjamin  Schlabig,male,white
633,David  Malick,male,white
634,Levi  Mattern,male,white
635,1843,unknown,white
636,Samuel  Schminck,male,white
637,Peter  Lenckert,male,white
638,[Noname]  Zimmerman,unknown,white
639,Henry  Neuman,male,white
640,George Tobias Scheily,male,white
641,1844,unknown,white
642,Benjamin  Wessels,male,white
643,Benjamin  Neuschwender,male,white
644,Johannes  Hanneberger,male,white
645,Peter F Klock,male,white
646,1845,unknown,white
647,Henrich  Haas,male,white
648,Jacob B Hepler,male,white
649,Charles  Maurer,male,white
650,Peter  Lenker,male,white
651,Abraham  Herter,male,white
652,1846,unknown,white
653,Charles Herb Decd,male,white
654,Solomon  Dunckelberger,male,white
655,1847,unknown,white
656,George  Kobel,male,white
657,Johannes  Henry,male,white
658,Daniel  Geist,male,white
659,Isaac  Schadel,male,white
660,Emanuel  Hepler,male,white
661,Daniel Jr Beisel,male,white
662,1848,unknown,white
663,Daniel  Paul,male,white
664,1849,unknown,white
665,Joseph  Maurer,male,white
666,Gideon  Schneider,male,white
667,Isaac  Kieffer,male,white
668,Samuel  Ressler,male,white
669,Daniel  Seiler,male,white
670,1850,unknown,white
671,John S Eister,male,white
672,Joseph  Wessels,male,white
673,Moses  Heilner,male,white
674,Samuel  Herb,male,white
675,Benneville  Beisel,unknown,white
676,1851,unknown,white
677,Elias  Straub,male,white
678,Nathan  Mattern,male,white
679,1852,unknown,white
680,Joseph  Hartline,male,white
681,1853,unknown,white
682,Frederick  Miller,male,white
683,John  Miller,male,white
684,Daniel G Herb,male,white
685,1854,unknown,white
686,Harrison  Yoder,male,white
687,William  Herb,male,white
688,1855,unknown,white
689,Levi  Schneider,male,white
690,1856,unknown,white
691,John  Schlabig,male,white
692,Gideon  Maurer,male,white
693,Decatur  Herb,unknown,white
694,Albert  Fegley,male,white
695,Nathan  Magher,male,white
696,1857,unknown,white
697,Simon  Schneider,male,white
698,John  Wessels,male,white
699,Irvin  Boyer,male,white
700,1858,unknown,white
701,George  Neuschwender,male,white
702,1864,unknown,white
703,Gabriel  Reiner,male,white
704,Edward  Reiner,male,white
705,Elias  Schanckweiler,male,white
706,Elias  Paul,male,white
707,John  Schwinkey,male,white
708,1865,unknown,white
709,Daniel  Herter,male,white
710,1866,unknown,white
711,Frederick  Schreffler,male,white
712,1867,unknown,white
713,John G Wessels,male,white
714,David  Wessels,male,white
715,1868,unknown,white
716,James  Maurer,male,white
717,David  Geiss,male,white
718,1869,unknown,white
719,Michael Wagner [And Wf Barbara Schneider],male,white
