id,name
0,1773
1,Henry  Kobel
2,1774
3,John Nicholaus Hedrich
4,Caspar  Kobel
5,Johannes  Philips
6,Peter  Schmidt
7,Henrich  Baumgardner
8,Valentyn  Rehbock
9,Daniel  Kobel
10,Peter  Fischer
11,1775
12,George  Heim
13,Johannes  Ried
14,Wilhelm  Thomase
15,Johannes  Fischer
16,Ludwig  Schreyer
17,Henrich  Kobel
18,Jacob  Miniam
19,Jacob  Oxenreiter
20,Christopher  Hedrich
21,Nicholas  Hedrich
22,Wilhelm  Forster
23,Henrich  Kohler
24,Philip  Kunselman
25,1776
26,George  Forster
27,Johannes  Lips
28,Johannes  Miller
29,Marten  Burgart
30,John Henrich Schreckengast
31,Peter  Trautman
32,1777
33,Philip  Lofler
34,Marten  Heil
35,Esaias  Althaus
36,Peter  Forster
37,Peter  Albert
38,Christopher  Dunckelberger
39,William  Thomassen
40,John George Forst
41,1779
42,John  Philips
43,John  Bingeman
44,John George Brosius
45,1780
46,John Nicholaus Brosius
47,Wilhelm  Forst
48,Marten  Zartman
49,1781
50,Henrich  Reitz
51,Henrich  Croninger
52,Michael  Ried
53,1782
54,Andries  Reitz
55,John George Pfeiffer
56,Johan Jr George 
57,Mattheus  Winckelman
58,Conrad  Nicholaus
59,John George Borell
60,Caspar  Schneider
61,Johannes  Bingeman
62,Philip  Klinger
63,Adam  Hedrich
64,Michael  Schaffer
65,Leonard  Kerstetter
66,John  Heim
67,1783
68,Henrich  Lofler
69,Henrich  Miniam
70,Johannes Leonard Kaufman
71,John Andreas Hedrich
72,Johannes  Herter
73,1784
74,George  Krebs
75,Michael  Roth
76,1785
77,George  Pfeiffer
78,Henrich  Zartman
79,George  Klinger
80,Philip  Amman
81,Johannes  Kniss
82,Michael  Reitz
83,Johannes  Schaffer
84,Johannes  Lofler
85,Christopher  Wentzel
86,Peter  Zartman
87,Johannes  Heim
88,Jacob  Stauch
89,Michael  Hedrich
90,Jacob  Herter
91,1786
92,Thomas  Dapson
93,Conrad  Schreckengast
94,James  Ostman
95,Michael  Dirk
96,Peter  Maurer
97,John Jacob Brosius
98,Henrich  Schreckengast
99,John George Forster
100,1787
101,Henry  Croninger
102,George  Schreckengast
103,Christian  Stutzman
104,John George Schaffer
105,Leonard  Jaufman
106,Johannes Adam Rehbock
107,Godfrey  Kramer
108,Henrich  Daniels
109,Peter  Heim
110,1788
111,Valentyn  Britsch
112,Wilhelm  Heim
113,Bill  Rosen
114,Friederich  Kobel
115,John Adam Rehbock
116,1789
117,Adam  Rehbock
118,1790
119,1791
120,Mattias  Heim
121,John Nicholaus Friederichs
122,George  Carl
123,Michael  Bauers
124,Philip  Haupt
125,1792
126,Michael  Rehbock
127,George  Brosius
128,Mattheus  Heim
129,Johannes Nicholaus Brosius
130,Nicholas  Schneider
131,Johannes Adam Schleich
132,1793
133,Jacob  Bauman
134,Jacob  Hedrich
135,Friederich  Miller
136,George  Schaffer
137,Johannes  Brosius
138,Johannes  Koppenheffer
139,Daniel  Rothermel
140,Jacob  Bingeman
141,Bernard  Kaufman
142,John  Schreckengast
143,1794
144,Adam  Henrich
145,Paulus  Bein
146,1795
147,Adam  Schleich
148,Jacob  Renninger
149,Christian  Leitener
150,Michael  Billman
151,Philip  Krick
152,Johannes  Strohschneider
153,Michael  Wolfgang
154,Peter  Ressler
155,Johannes  Schreckengast
156,Johannes  Weichen
157,Johannes  Roth
158,George Leonard Emmerich
159,Henrich  Klock
160,1796
161,Nicholas  Brosius
162,Michael  Diehl
163,Conrad  Haupt
164,Johannes  Maurer
165,Michael  Koppenheffer
166,George  Greib
167,Philip  Diehl
168,Christian  Roth
169,Jacob  Chester
170,Jacob  Philips
171,Jacob  Eister
172,Abraham  Brosius
173,1797
174,Peter  Henrich
175,Antoine  Wehry
176,Jacob  Klock
177,Friederich  Rausch
178,Leonard  Kaufman
179,Johannes  Haas
180,Christopher  Berkhaus
181,Simon  Scherman
182,Godfrey  Thomase
183,Bennert  Emmerich
184,Johannes  Orendorf
185,Jacob  Austerly
186,Mattheus  Koppenheffer
187,1798
188,Johannes  Hepler
189,Jacob  Traub
190,Andries  Geist
191,Johannes Conrad Haupt
192,Philip  Borell
193,George  Tolb
194,Christian  Kohl
195,Henrich  Cronginger
196,George  Kohler
197,William  Heim
198,John Philipse Haupt
199,1799
200,Peter  Hedrich
201,Leonard  Emmerich
202,Christopher  Roth
203,Jacob  Schmidt
204,Peter  Klock
205,Christian  Forster
206,Christian  Thomase
207,Jacob  Reiner
208,Johannes  Wagener
209,Jacob  Thomase
210,Michael  Kaderman
211,1800
212,Johannes  Kohler
213,Adam  Heim
214,Johannes  Derr
215,Christopher  Hepler
216,Daniel  Doffy
217,George  Miller
218,Johannes  Keppler
219,Jacob  Enterlein
220,Michael  Wagener
221,Michael  Braun
222,Christian  Kobel
223,1801
224,Michael  Paul
225,Henrich  Haupt
226,Johannes  Stahlman
227,Daniel  Maurer
228,Jacob  Billman
229,Jacob  Henderickse
230,George  Schmidt
231,Conrad  Hopp
232,Johannes  Stehr
233,Peter  Magher
234,Jacob  Leitener
235,1802
236,Jacob  Schneider
237,Johannes Nicholaus Paul
238,John George Druckenmiller
239,John  Wagener
240,Henrich  Trautman
241,Andries  Erdman
242,1803
243,Johannes  Wehry
244,Jacob  Oesterlein
245,Adam  Hein
246,Michael  Druckenmiller
247,Daniel  Dopey
248,Johannes  Peter
249,Benjamin  Lestele
250,[Noname]  Weische
251,Mattheus  Herter
252,Johannes  Knerr
253,Philip  Rauschkolb
254,1804
255,Adam  Oehlinger
256,Johannes  Eisenhart
257,Jacob  Groh
258,George  Schweinhard
259,Peter  Brosius
260,Abraham  Wentzel
261,Henrich  Stein
262,Andries  Herter
263,Jacob  Steiner
264,Jacob  Wagener
265,Johannes  Mertz
266,Johannes  Dormeyer
267,Benjamin  Haupt
268,Wilhelm  Roth
269,Benjamin  Lofler
270,Jacob  Wehry
271,1805
272,Daniel  Hillebusch
273,Jacob  Phillip
274,Jacob  Braur
275,Lorence  Derr
276,Jacob  Weickel
277,Jacob  Beisel
278,Samuel  Keim
279,Jacob  Mattern
280,Andries  Kohler
281,1806
282,Jacob  Heim
283,George  Schneider
284,Johannes  Boyer
285,Jacob  Boyer
286,George  Klock
287,Jacob  Maurer
288,Peter  Mattern
289,Peter  Fedderman
290,1807
291,George  Dunckelberger
292,George  Forst
293,Michael  Long
294,Johannes  Wolfgang
295,John  Maurer
296,1808
297,Daniel  Beisel
298,John  Derr
299,John  Orenthorf
300,George  Dirk
301,Johannes  Bixler
302,Johannes  Dunckelberger
303,Peter  Zerbe
304,Peter  Hepler
305,1809
306,Peter  Dunckelberger
307,Antoine  Kohler
308,Michael  Boyer
309,Jonathan  Kramer
310,1810
311,Johannes  Schleich
312,Jacob  Wolfgang
313,Johannes  Zerbe
314,Nicholas  Kleyn
315,George  Lohrman
316,Daniel  Schneider
317,1811
318,George  Maurer
319,David  Christman
320,Henrich  Hillebusch
321,George  Hepler
322,Valentyn  Klock
323,Abraham  Yoder
324,Christian  Dieter
325,George  Hedrich
326,Jacob  Ried
327,[Noname]  Hepler
328,1812
329,Isaac  Knerr
330,George  Kramer
331,Johannes  Scheth
332,Johannes  Wolf
333,1813
334,Henrich  Maurer
335,George  Yoder
336,Abraham  Diehl
337,Adam  Schlabig
338,Michael  Wehry
339,George  Haas
340,Henrich  Fetter
341,1814
342,Peter  Wessels
343,Daniel  Haas
344,1815
345,Johannes  Kleyn
346,George  Strasser
347,1816
348,Benjamin  Reiner
349,Samuel  Zimmerman
350,Philip  Boyer
351,David  Maurer
352,Adam  Yoh
353,George  Geist
354,Andries  Knerr
355,John  Dunckelberger
356,Philip  Maurer
357,Henrich  Dunckelberger
358,Emanuel  Christ
359,1817
360,Sebastian  Zimmerman
361,John  Klock
362,Solomon  Zimmerman
363,Jacob  Felix
364,Peter  Heinebach
365,George  Scheily
366,Henrich  Hepler
367,Henrich  Mattern
368,Nicholas  Rehmer
369,Johannes  Magher
370,Johannes Nicholaus Geiss
371,Frederick  Schneider
372,Johannes  Schneider
373,Johannes  Lohrman
374,Henrich  Mertz
375,Michael  Bolig
376,Ludwig  Borell
377,1818
378,George  Paul
379,George  Henninger
380,Peter  Fedderolf
381,David  Strasser
382,Jacob  Henry
383,Moses  Bensinger
384,Charles  Yoder
385,Abraham  Zimmerman
386,1819
387,Jonathan  Rehmer
388,Daniel  Mattern
389,Johannes  Tolb
390,Daniel  Gottschalck
391,Jacob  Schaffer
392,Henrich  Sherry
393,John  Magher
394,Jesse  Geist
395,Christian  Schroder
396,Joseph  Hessert
397,David  Gerhard
398,John  Berckhauser
399,Michael  Smith
400,Friederich  Schneider
401,John  Wolfgang
402,John  Hepler
403,Johannes  Kerstetter
404,Daniel  Herb
405,Jacob  Strasser
406,John  Schneider
407,1820
408,John  Bixler
409,John  Kohler
410,John  Beisel
411,Solomon  Weiss
412,John  Reiner
413,Philip  Artz
414,Solomon  Yoder
415,George  Horner
416,Abraham  Holzschuh
417,Jacob  Henninger
418,Samuel  Weidel
419,John  Haas
420,Daniel  Gottschall
421,David  Hartline
422,George  Kuder
423,Peter  Boyer
424,1821
425,John  Schnabel
426,Johannes  Klock
427,Conrad  Boyer
428,John  Schaffer
429,Peter  Heimbach
430,Michael  Zartman
431,George  Stein
432,Daniel  Strohecker
433,William  Stitzer
434,Jacob  Bensinger
435,Johannes  Reiner
436,Peter  Wehry
437,Philip  Schanckweiler
438,Daniel  Henneleiter
439,Johannes  Gottschalck
440,Michael  Schmidt
441,Johannes Christopher Fassler
442,Christian  Henrich
443,Jacob  Frehn
444,Henrich  Bibighaus
445,John  Mertz
446,Christian  Kramer
447,1822
448,Thomas  Henninger
449,Solomon  Schanckweiler
450,Michael  Laadtman
451,Johannes  Beisel
452,Samuel  Hornberger
453,Jeremiah  Yoder
454,John  Ochs
455,Daniel  Mossner
456,John  Paul
457,John  Bechtel
458,Philip  Hersch
459,Isaac  Schaffer
460,John  Kuder
461,John  Kerstetter
462,Jacob  Delumbi
463,Benjamin  Hepler
464,1823
465,Samuel  Derr
466,John  Geiss
467,Johannes  Geiss
468,Johannes  Klinger
469,Johannes  Weyerman
470,Henrich  Miller
471,George  Fetter
472,David  Yoder
473,1824
474,Samuel  Bossert
475,George  Straub
476,Daniel  Kurtz
477,Valentyn  Paul
478,Benjamin  Mertz
479,Adam  Herb
480,N Adam Schlabig
481,George  Wehry
482,Daniel  Dirk
483,1825
484,John  Zimmerman
485,Henrich  Schneider
486,George  Holzschuh
487,Charles  Reiner
488,Esaias  Geist
489,Peter  Ziegenfuss
490,Johannes  Ochs
491,Johannes  Kuder
492,Jacob  Dunckelberger
493,Johann Jr Derr 
494,George  Optagrove
495,1826
496,Johannes  Zimmerman
497,Godfrey  Brosius
498,Daniel  Kutzner
499,Jonathan  Brosius
500,John  Gottschalck
501,John  Fassler
502,Samuel  Fedderolf
503,George  Hartline
504,Johannes  Raaser
505,1828
506,Jacob  Haupt
507,Philip  Hillebusch
508,Peter  Lahr
509,Abraham  Grow
510,1827
511,Catharina  Schleich
512,Samuel  Wehry
513,George  Kerstetter
514,Benjamin  Herring
515,Wilhelm  Stitzer
516,Carolus  Reiner
517,Michael  Scheib
518,John  Reiss
519,Daniel  Neuschwender
520,Johannes  Weitzel
521,John  Otto
522,Adam  Fuss
523,Benjamin  Schneider
524,Daniel  Kutz
525,David  Hornberger
526,George  Wolfgang
527,Daniel  Hinterleiter
528,1829
529,Peter  Schneider
530,Johannes  Weickel
531,Johannes  Braun
532,Samuel  Schmidt
533,Jacob  Fehn
534,Carl  Reiner
535,1830
536,Abraham  Klock
537,John  Weickel
538,1831
539,Hezekial  Kutz
540,Peter  Sherry
541,Samuel  Paul
542,Ferdinand  Masser
543,Michael  Neuschwencker
544,Samuel  Dirk
545,Peter  Beisel
546,Daniel  Schmelzer
547,Daniel  Neuschwencker
548,1832
549,Jacob  Hepler
550,George  Traub
551,Reuben  Eisenhart
552,Jacob  Zerfing
553,Jacob  Herb
554,Peter  Derr
555,Henrich  Wessels
556,Isaac  Haas
557,Nathan  Zerfing
558,1833
559,Israel  Fenstermacher
560,Johannes  Weidel
561,David  Lofler
562,David  Alspach
563,1834
564,Peter  Zerfing
565,Michael  Kerstetter
566,Daniel  Billman
567,Samuel  Rehbock
568,1835
569,John  Weidel
570,David  Mattern
571,John  Knerr
572,Jacob  Schminck
573,1836
574,Jacob  Engel
575,David  Grow
576,Jacob  Rehbock
577,George  Gottschalck
578,Solomon  Obenhause
579,Peter  Oxenreiter
580,Johannes  Masser
581,Jonathan  Haag
582,Johannes  Wessels
583,Stephan  Eisenhart
584,Jacob  Masser
585,George  Erdman
586,Johannes  Hornberger
587,Henrich  Grow
588,1837
589,Isaac  Herb
590,Daniel Jr Herb 
591,Daniel  Dunckelberger
592,Daniel  Hepler
593,1838
594,John  Hartline
595,Jacob  Derr
596,George  Wessels
597,Isaac  Schneider
598,George  Boyer
599,Daniel  Ried
600,Solomon  Obenhauser
601,1839
602,Jacob  Krauter
603,John  Brosius
604,1840
605,Felix  Maurer
606,Daniel  Heim
607,Jacob  Newgart
608,Peter  Herter
609,Solomon  Herter
610,Daniel  Brosius
611,Michael Jr Diehl 
612,William  Swinehart
613,Gideon  Adam
614,1841
615,Samuel  Gottschalck
616,James  Wessels
617,Daniel  Reiner
618,1842
619,Isaac  Yoder
620,William  Yoder
621,Daniel  Wagener
622,David  Heim
623,Tobias  Schneider
624,Philip  Hammel
625,Carl  Maurer
626,Daniel  Wehry
627,Elias  Schnabel
628,Abraham  Wolfgang
629,John  Kessler
630,Jacob  Lupold
631,Henry  Haas
632,Benjamin  Schlabig
633,David  Malick
634,Levi  Mattern
635,1843
636,Samuel  Schminck
637,Peter  Lenckert
638,[Noname]  Zimmerman
639,Henry  Neuman
640,George Tobias Scheily
641,1844
642,Benjamin  Wessels
643,Benjamin  Neuschwender
644,Johannes  Hanneberger
645,Peter F Klock
646,1845
647,Henrich  Haas
648,Jacob B Hepler
649,Charles  Maurer
650,Peter  Lenker
651,Abraham  Herter
652,1846
653,Charles Herb Decd
654,Solomon  Dunckelberger
655,1847
656,George  Kobel
657,Johannes  Henry
658,Daniel  Geist
659,Isaac  Schadel
660,Emanuel  Hepler
661,Daniel Jr Beisel 
662,1848
663,Daniel  Paul
664,1849
665,Joseph  Maurer
666,Gideon  Schneider
667,Isaac  Kieffer
668,Samuel  Ressler
669,Daniel  Seiler
670,1850
671,John S Eister
672,Joseph  Wessels
673,Moses  Heilner
674,Samuel  Herb
675,Benneville  Beisel
676,1851
677,Elias  Straub
678,Nathan  Mattern
679,1852
680,Joseph  Hartline
681,1853
682,Frederick  Miller
683,John  Miller
684,Daniel G Herb
685,1854
686,Harrison  Yoder
687,William  Herb
688,1855
689,Levi  Schneider
690,1856
691,John  Schlabig
692,Gideon  Maurer
693,Decatur  Herb
694,Albert  Fegley
695,Nathan  Magher
696,1857
697,Simon  Schneider
698,John  Wessels
699,Irvin  Boyer
700,1858
701,George  Neuschwender
702,1864
703,Gabriel  Reiner
704,Edward  Reiner
705,Elias  Schanckweiler
706,Elias  Paul
707,John  Schwinkey
708,1865
709,Daniel  Herter
710,1866
711,Frederick  Schreffler
712,1867
713,John G Wessels
714,David  Wessels
715,1868
716,James  Maurer
717,David  Geiss
718,1869
719,Michael Wagner [And Wf Barbara Schneider]
