id,name,gender
0,1773,unknown
1,Henry  Kobel,male
2,1774,unknown
3,John Nicholaus Hedrich,male
4,Caspar  Kobel,male
5,Johannes  Philips,male
6,Peter  Schmidt,male
7,Henrich  Baumgardner,male
8,Valentyn  Rehbock,male
9,Daniel  Kobel,male
10,Peter  Fischer,male
11,1775,unknown
12,George  Heim,male
13,Johannes  Ried,male
14,Wilhelm  Thomase,male
15,Johannes  Fischer,male
16,Ludwig  Schreyer,male
17,Henrich  Kobel,male
18,Jacob  Miniam,male
19,Jacob  Oxenreiter,male
20,Christopher  Hedrich,male
21,Nicholas  Hedrich,male
22,Wilhelm  Forster,male
23,Henrich  Kohler,male
24,Philip  Kunselman,male
25,1776,unknown
26,George  Forster,male
27,Johannes  Lips,male
28,Johannes  Miller,male
29,Marten  Burgart,male
30,John Henrich Schreckengast,male
31,Peter  Trautman,male
32,1777,unknown
33,Philip  Lofler,male
34,Marten  Heil,male
35,Esaias  Althaus,male
36,Peter  Forster,male
37,Peter  Albert,male
38,Christopher  Dunckelberger,male
39,William  Thomassen,male
40,John George Forst,male
41,1779,unknown
42,John  Philips,male
43,John  Bingeman,male
44,John George Brosius,male
45,1780,unknown
46,John Nicholaus Brosius,male
47,Wilhelm  Forst,male
48,Marten  Zartman,male
49,1781,unknown
50,Henrich  Reitz,male
51,Henrich  Croninger,male
52,Michael  Ried,male
53,1782,unknown
54,Andries  Reitz,male
55,John George Pfeiffer,male
56,Johan Jr George,male
57,Mattheus  Winckelman,unknown
58,Conrad  Nicholaus,male
59,John George Borell,male
60,Caspar  Schneider,male
61,Johannes  Bingeman,male
62,Philip  Klinger,male
63,Adam  Hedrich,male
64,Michael  Schaffer,male
65,Leonard  Kerstetter,male
66,John  Heim,male
67,1783,unknown
68,Henrich  Lofler,male
69,Henrich  Miniam,male
70,Johannes Leonard Kaufman,male
71,John Andreas Hedrich,male
72,Johannes  Herter,male
73,1784,unknown
74,George  Krebs,male
75,Michael  Roth,male
76,1785,unknown
77,George  Pfeiffer,male
78,Henrich  Zartman,male
79,George  Klinger,male
80,Philip  Amman,male
81,Johannes  Kniss,male
82,Michael  Reitz,male
83,Johannes  Schaffer,male
84,Johannes  Lofler,male
85,Christopher  Wentzel,male
86,Peter  Zartman,male
87,Johannes  Heim,male
88,Jacob  Stauch,male
89,Michael  Hedrich,male
90,Jacob  Herter,male
91,1786,unknown
92,Thomas  Dapson,male
93,Conrad  Schreckengast,male
94,James  Ostman,male
95,Michael  Dirk,male
96,Peter  Maurer,male
97,John Jacob Brosius,male
98,Henrich  Schreckengast,male
99,John George Forster,male
100,1787,unknown
101,Henry  Croninger,male
102,George  Schreckengast,male
103,Christian  Stutzman,male
104,John George Schaffer,male
105,Leonard  Jaufman,male
106,Johannes Adam Rehbock,male
107,Godfrey  Kramer,male
108,Henrich  Daniels,male
109,Peter  Heim,male
110,1788,unknown
111,Valentyn  Britsch,male
112,Wilhelm  Heim,male
113,Bill  Rosen,male
114,Friederich  Kobel,male
115,John Adam Rehbock,male
116,1789,unknown
117,Adam  Rehbock,male
118,1790,unknown
119,1791,unknown
120,Mattias  Heim,male
121,John Nicholaus Friederichs,male
122,George  Carl,male
123,Michael  Bauers,male
124,Philip  Haupt,male
125,1792,unknown
126,Michael  Rehbock,male
127,George  Brosius,male
128,Mattheus  Heim,unknown
129,Johannes Nicholaus Brosius,male
130,Nicholas  Schneider,male
131,Johannes Adam Schleich,male
132,1793,unknown
133,Jacob  Bauman,male
134,Jacob  Hedrich,male
135,Friederich  Miller,male
136,George  Schaffer,male
137,Johannes  Brosius,male
138,Johannes  Koppenheffer,male
139,Daniel  Rothermel,male
140,Jacob  Bingeman,male
141,Bernard  Kaufman,male
142,John  Schreckengast,male
143,1794,unknown
144,Adam  Henrich,male
145,Paulus  Bein,male
146,1795,unknown
147,Adam  Schleich,male
148,Jacob  Renninger,male
149,Christian  Leitener,male
150,Michael  Billman,male
151,Philip  Krick,male
152,Johannes  Strohschneider,male
153,Michael  Wolfgang,male
154,Peter  Ressler,male
155,Johannes  Schreckengast,male
156,Johannes  Weichen,male
157,Johannes  Roth,male
158,George Leonard Emmerich,male
159,Henrich  Klock,male
160,1796,unknown
161,Nicholas  Brosius,male
162,Michael  Diehl,male
163,Conrad  Haupt,male
164,Johannes  Maurer,male
165,Michael  Koppenheffer,male
166,George  Greib,male
167,Philip  Diehl,male
168,Christian  Roth,male
169,Jacob  Chester,male
170,Jacob  Philips,male
171,Jacob  Eister,male
172,Abraham  Brosius,male
173,1797,unknown
174,Peter  Henrich,male
175,Antoine  Wehry,male
176,Jacob  Klock,male
177,Friederich  Rausch,male
178,Leonard  Kaufman,male
179,Johannes  Haas,male
180,Christopher  Berkhaus,male
181,Simon  Scherman,male
182,Godfrey  Thomase,male
183,Bennert  Emmerich,unknown
184,Johannes  Orendorf,male
185,Jacob  Austerly,male
186,Mattheus  Koppenheffer,unknown
187,1798,unknown
188,Johannes  Hepler,male
189,Jacob  Traub,male
190,Andries  Geist,male
191,Johannes Conrad Haupt,male
192,Philip  Borell,male
193,George  Tolb,male
194,Christian  Kohl,male
195,Henrich  Cronginger,male
196,George  Kohler,male
197,William  Heim,male
198,John Philipse Haupt,male
199,1799,unknown
200,Peter  Hedrich,male
201,Leonard  Emmerich,male
202,Christopher  Roth,male
203,Jacob  Schmidt,male
204,Peter  Klock,male
205,Christian  Forster,male
206,Christian  Thomase,male
207,Jacob  Reiner,male
208,Johannes  Wagener,male
209,Jacob  Thomase,male
210,Michael  Kaderman,male
211,1800,unknown
212,Johannes  Kohler,male
213,Adam  Heim,male
214,Johannes  Derr,male
215,Christopher  Hepler,male
216,Daniel  Doffy,male
217,George  Miller,male
218,Johannes  Keppler,male
219,Jacob  Enterlein,male
220,Michael  Wagener,male
221,Michael  Braun,male
222,Christian  Kobel,male
223,1801,unknown
224,Michael  Paul,male
225,Henrich  Haupt,male
226,Johannes  Stahlman,male
227,Daniel  Maurer,male
228,Jacob  Billman,male
229,Jacob  Henderickse,male
230,George  Schmidt,male
231,Conrad  Hopp,male
232,Johannes  Stehr,male
233,Peter  Magher,male
234,Jacob  Leitener,male
235,1802,unknown
236,Jacob  Schneider,male
237,Johannes Nicholaus Paul,male
238,John George Druckenmiller,male
239,John  Wagener,male
240,Henrich  Trautman,male
241,Andries  Erdman,male
242,1803,unknown
243,Johannes  Wehry,male
244,Jacob  Oesterlein,male
245,Adam  Hein,male
246,Michael  Druckenmiller,male
247,Daniel  Dopey,male
248,Johannes  Peter,male
249,Benjamin  Lestele,male
250,[Noname]  Weische,unknown
251,Mattheus  Herter,unknown
252,Johannes  Knerr,male
253,Philip  Rauschkolb,male
254,1804,unknown
255,Adam  Oehlinger,male
256,Johannes  Eisenhart,male
257,Jacob  Groh,male
258,George  Schweinhard,male
259,Peter  Brosius,male
260,Abraham  Wentzel,male
261,Henrich  Stein,male
262,Andries  Herter,male
263,Jacob  Steiner,male
264,Jacob  Wagener,male
265,Johannes  Mertz,male
266,Johannes  Dormeyer,male
267,Benjamin  Haupt,male
268,Wilhelm  Roth,male
269,Benjamin  Lofler,male
270,Jacob  Wehry,male
271,1805,unknown
272,Daniel  Hillebusch,male
273,Jacob  Phillip,male
274,Jacob  Braur,male
275,Lorence  Derr,unknown
276,Jacob  Weickel,male
277,Jacob  Beisel,male
278,Samuel  Keim,male
279,Jacob  Mattern,male
280,Andries  Kohler,male
281,1806,unknown
282,Jacob  Heim,male
283,George  Schneider,male
284,Johannes  Boyer,male
285,Jacob  Boyer,male
286,George  Klock,male
287,Jacob  Maurer,male
288,Peter  Mattern,male
289,Peter  Fedderman,male
290,1807,unknown
291,George  Dunckelberger,male
292,George  Forst,male
293,Michael  Long,male
294,Johannes  Wolfgang,male
295,John  Maurer,male
296,1808,unknown
297,Daniel  Beisel,male
298,John  Derr,male
299,John  Orenthorf,male
300,George  Dirk,male
301,Johannes  Bixler,male
302,Johannes  Dunckelberger,male
303,Peter  Zerbe,male
304,Peter  Hepler,male
305,1809,unknown
306,Peter  Dunckelberger,male
307,Antoine  Kohler,male
308,Michael  Boyer,male
309,Jonathan  Kramer,male
310,1810,unknown
311,Johannes  Schleich,male
312,Jacob  Wolfgang,male
313,Johannes  Zerbe,male
314,Nicholas  Kleyn,male
315,George  Lohrman,male
316,Daniel  Schneider,male
317,1811,unknown
318,George  Maurer,male
319,David  Christman,male
320,Henrich  Hillebusch,male
321,George  Hepler,male
322,Valentyn  Klock,male
323,Abraham  Yoder,male
324,Christian  Dieter,male
325,George  Hedrich,male
326,Jacob  Ried,male
327,[Noname]  Hepler,unknown
328,1812,unknown
329,Isaac  Knerr,male
330,George  Kramer,male
331,Johannes  Scheth,male
332,Johannes  Wolf,male
333,1813,unknown
334,Henrich  Maurer,male
335,George  Yoder,male
336,Abraham  Diehl,male
337,Adam  Schlabig,male
338,Michael  Wehry,male
339,George  Haas,male
340,Henrich  Fetter,male
341,1814,unknown
342,Peter  Wessels,male
343,Daniel  Haas,male
344,1815,unknown
345,Johannes  Kleyn,male
346,George  Strasser,male
347,1816,unknown
348,Benjamin  Reiner,male
349,Samuel  Zimmerman,male
350,Philip  Boyer,male
351,David  Maurer,male
352,Adam  Yoh,male
353,George  Geist,male
354,Andries  Knerr,male
355,John  Dunckelberger,male
356,Philip  Maurer,male
357,Henrich  Dunckelberger,male
358,Emanuel  Christ,male
359,1817,unknown
360,Sebastian  Zimmerman,male
361,John  Klock,male
362,Solomon  Zimmerman,male
363,Jacob  Felix,male
364,Peter  Heinebach,male
365,George  Scheily,male
366,Henrich  Hepler,male
367,Henrich  Mattern,male
368,Nicholas  Rehmer,male
369,Johannes  Magher,male
370,Johannes Nicholaus Geiss,male
371,Frederick  Schneider,male
372,Johannes  Schneider,male
373,Johannes  Lohrman,male
374,Henrich  Mertz,male
375,Michael  Bolig,male
376,Ludwig  Borell,male
377,1818,unknown
378,George  Paul,male
379,George  Henninger,male
380,Peter  Fedderolf,male
381,David  Strasser,male
382,Jacob  Henry,male
383,Moses  Bensinger,male
384,Charles  Yoder,male
385,Abraham  Zimmerman,male
386,1819,unknown
387,Jonathan  Rehmer,male
388,Daniel  Mattern,male
389,Johannes  Tolb,male
390,Daniel  Gottschalck,male
391,Jacob  Schaffer,male
392,Henrich  Sherry,male
393,John  Magher,male
394,Jesse  Geist,male
395,Christian  Schroder,male
396,Joseph  Hessert,male
397,David  Gerhard,male
398,John  Berckhauser,male
399,Michael  Smith,male
400,Friederich  Schneider,male
401,John  Wolfgang,male
402,John  Hepler,male
403,Johannes  Kerstetter,male
404,Daniel  Herb,male
405,Jacob  Strasser,male
406,John  Schneider,male
407,1820,unknown
408,John  Bixler,male
409,John  Kohler,male
410,John  Beisel,male
411,Solomon  Weiss,male
412,John  Reiner,male
413,Philip  Artz,male
414,Solomon  Yoder,male
415,George  Horner,male
416,Abraham  Holzschuh,male
417,Jacob  Henninger,male
418,Samuel  Weidel,male
419,John  Haas,male
420,Daniel  Gottschall,male
421,David  Hartline,male
422,George  Kuder,male
423,Peter  Boyer,male
424,1821,unknown
425,John  Schnabel,male
426,Johannes  Klock,male
427,Conrad  Boyer,male
428,John  Schaffer,male
429,Peter  Heimbach,male
430,Michael  Zartman,male
431,George  Stein,male
432,Daniel  Strohecker,male
433,William  Stitzer,male
434,Jacob  Bensinger,male
435,Johannes  Reiner,male
436,Peter  Wehry,male
437,Philip  Schanckweiler,male
438,Daniel  Henneleiter,male
439,Johannes  Gottschalck,male
440,Michael  Schmidt,male
441,Johannes Christopher Fassler,male
442,Christian  Henrich,male
443,Jacob  Frehn,male
444,Henrich  Bibighaus,male
445,John  Mertz,male
446,Christian  Kramer,male
447,1822,unknown
448,Thomas  Henninger,male
449,Solomon  Schanckweiler,male
450,Michael  Laadtman,male
451,Johannes  Beisel,male
452,Samuel  Hornberger,male
453,Jeremiah  Yoder,male
454,John  Ochs,male
455,Daniel  Mossner,male
456,John  Paul,male
457,John  Bechtel,male
458,Philip  Hersch,male
459,Isaac  Schaffer,male
460,John  Kuder,male
461,John  Kerstetter,male
462,Jacob  Delumbi,male
463,Benjamin  Hepler,male
464,1823,unknown
465,Samuel  Derr,male
466,John  Geiss,male
467,Johannes  Geiss,male
468,Johannes  Klinger,male
469,Johannes  Weyerman,male
470,Henrich  Miller,male
471,George  Fetter,male
472,David  Yoder,male
473,1824,unknown
474,Samuel  Bossert,male
475,George  Straub,male
476,Daniel  Kurtz,male
477,Valentyn  Paul,male
478,Benjamin  Mertz,male
479,Adam  Herb,male
480,N Adam Schlabig,unknown
481,George  Wehry,male
482,Daniel  Dirk,male
483,1825,unknown
484,John  Zimmerman,male
485,Henrich  Schneider,male
486,George  Holzschuh,male
487,Charles  Reiner,male
488,Esaias  Geist,male
489,Peter  Ziegenfuss,male
490,Johannes  Ochs,male
491,Johannes  Kuder,male
492,Jacob  Dunckelberger,male
493,Johann Jr Derr,male
494,George  Optagrove,male
495,1826,unknown
496,Johannes  Zimmerman,male
497,Godfrey  Brosius,male
498,Daniel  Kutzner,male
499,Jonathan  Brosius,male
500,John  Gottschalck,male
501,John  Fassler,male
502,Samuel  Fedderolf,male
503,George  Hartline,male
504,Johannes  Raaser,male
505,1828,unknown
506,Jacob  Haupt,male
507,Philip  Hillebusch,male
508,Peter  Lahr,male
509,Abraham  Grow,male
510,1827,unknown
511,Catharina  Schleich,female
512,Samuel  Wehry,male
513,George  Kerstetter,male
514,Benjamin  Herring,male
515,Wilhelm  Stitzer,male
516,Carolus  Reiner,male
517,Michael  Scheib,male
518,John  Reiss,male
519,Daniel  Neuschwender,male
520,Johannes  Weitzel,male
521,John  Otto,male
522,Adam  Fuss,male
523,Benjamin  Schneider,male
524,Daniel  Kutz,male
525,David  Hornberger,male
526,George  Wolfgang,male
527,Daniel  Hinterleiter,male
528,1829,unknown
529,Peter  Schneider,male
530,Johannes  Weickel,male
531,Johannes  Braun,male
532,Samuel  Schmidt,male
533,Jacob  Fehn,male
534,Carl  Reiner,male
535,1830,unknown
536,Abraham  Klock,male
537,John  Weickel,male
538,1831,unknown
539,Hezekial  Kutz,unknown
540,Peter  Sherry,male
541,Samuel  Paul,male
542,Ferdinand  Masser,male
543,Michael  Neuschwencker,male
544,Samuel  Dirk,male
545,Peter  Beisel,male
546,Daniel  Schmelzer,male
547,Daniel  Neuschwencker,male
548,1832,unknown
549,Jacob  Hepler,male
550,George  Traub,male
551,Reuben  Eisenhart,male
552,Jacob  Zerfing,male
553,Jacob  Herb,male
554,Peter  Derr,male
555,Henrich  Wessels,male
556,Isaac  Haas,male
557,Nathan  Zerfing,male
558,1833,unknown
559,Israel  Fenstermacher,male
560,Johannes  Weidel,male
561,David  Lofler,male
562,David  Alspach,male
563,1834,unknown
564,Peter  Zerfing,male
565,Michael  Kerstetter,male
566,Daniel  Billman,male
567,Samuel  Rehbock,male
568,1835,unknown
569,John  Weidel,male
570,David  Mattern,male
571,John  Knerr,male
572,Jacob  Schminck,male
573,1836,unknown
574,Jacob  Engel,male
575,David  Grow,male
576,Jacob  Rehbock,male
577,George  Gottschalck,male
578,Solomon  Obenhause,male
579,Peter  Oxenreiter,male
580,Johannes  Masser,male
581,Jonathan  Haag,male
582,Johannes  Wessels,male
583,Stephan  Eisenhart,male
584,Jacob  Masser,male
585,George  Erdman,male
586,Johannes  Hornberger,male
587,Henrich  Grow,male
588,1837,unknown
589,Isaac  Herb,male
590,Daniel Jr Herb,male
591,Daniel  Dunckelberger,male
592,Daniel  Hepler,male
593,1838,unknown
594,John  Hartline,male
595,Jacob  Derr,male
596,George  Wessels,male
597,Isaac  Schneider,male
598,George  Boyer,male
599,Daniel  Ried,male
600,Solomon  Obenhauser,male
601,1839,unknown
602,Jacob  Krauter,male
603,John  Brosius,male
604,1840,unknown
605,Felix  Maurer,male
606,Daniel  Heim,male
607,Jacob  Newgart,male
608,Peter  Herter,male
609,Solomon  Herter,male
610,Daniel  Brosius,male
611,Michael Jr Diehl,male
612,William  Swinehart,male
613,Gideon  Adam,male
614,1841,unknown
615,Samuel  Gottschalck,male
616,James  Wessels,male
617,Daniel  Reiner,male
618,1842,unknown
619,Isaac  Yoder,male
620,William  Yoder,male
621,Daniel  Wagener,male
622,David  Heim,male
623,Tobias  Schneider,male
624,Philip  Hammel,male
625,Carl  Maurer,male
626,Daniel  Wehry,male
627,Elias  Schnabel,male
628,Abraham  Wolfgang,male
629,John  Kessler,male
630,Jacob  Lupold,male
631,Henry  Haas,male
632,Benjamin  Schlabig,male
633,David  Malick,male
634,Levi  Mattern,male
635,1843,unknown
636,Samuel  Schminck,male
637,Peter  Lenckert,male
638,[Noname]  Zimmerman,unknown
639,Henry  Neuman,male
640,George Tobias Scheily,male
641,1844,unknown
642,Benjamin  Wessels,male
643,Benjamin  Neuschwender,male
644,Johannes  Hanneberger,male
645,Peter F Klock,male
646,1845,unknown
647,Henrich  Haas,male
648,Jacob B Hepler,male
649,Charles  Maurer,male
650,Peter  Lenker,male
651,Abraham  Herter,male
652,1846,unknown
653,Charles Herb Decd,male
654,Solomon  Dunckelberger,male
655,1847,unknown
656,George  Kobel,male
657,Johannes  Henry,male
658,Daniel  Geist,male
659,Isaac  Schadel,male
660,Emanuel  Hepler,male
661,Daniel Jr Beisel,male
662,1848,unknown
663,Daniel  Paul,male
664,1849,unknown
665,Joseph  Maurer,male
666,Gideon  Schneider,male
667,Isaac  Kieffer,male
668,Samuel  Ressler,male
669,Daniel  Seiler,male
670,1850,unknown
671,John S Eister,male
672,Joseph  Wessels,male
673,Moses  Heilner,male
674,Samuel  Herb,male
675,Benneville  Beisel,unknown
676,1851,unknown
677,Elias  Straub,male
678,Nathan  Mattern,male
679,1852,unknown
680,Joseph  Hartline,male
681,1853,unknown
682,Frederick  Miller,male
683,John  Miller,male
684,Daniel G Herb,male
685,1854,unknown
686,Harrison  Yoder,male
687,William  Herb,male
688,1855,unknown
689,Levi  Schneider,male
690,1856,unknown
691,John  Schlabig,male
692,Gideon  Maurer,male
693,Decatur  Herb,unknown
694,Albert  Fegley,male
695,Nathan  Magher,male
696,1857,unknown
697,Simon  Schneider,male
698,John  Wessels,male
699,Irvin  Boyer,male
700,1858,unknown
701,George  Neuschwender,male
702,1864,unknown
703,Gabriel  Reiner,male
704,Edward  Reiner,male
705,Elias  Schanckweiler,male
706,Elias  Paul,male
707,John  Schwinkey,male
708,1865,unknown
709,Daniel  Herter,male
710,1866,unknown
711,Frederick  Schreffler,male
712,1867,unknown
713,John G Wessels,male
714,David  Wessels,male
715,1868,unknown
716,James  Maurer,male
717,David  Geiss,male
718,1869,unknown
719,Michael Wagner [And Wf Barbara Schneider],male
