id,name,gender
0,1782,unknown
1,Friedrich  Loorman,male
2,1761,unknown
3,Heinrich  Cuntz,male
4,1796,unknown
5,Abraham  Kleyn,male
6,Johannes  Liglietner,male
7,1789,unknown
8,Friedrich  Fenli,male
9,1785,unknown
10,Heinrich  Eigner,male
11,1794,unknown
12,Christian  Heninger,male
13,1769,unknown
14,Jacob  Steff,male
15,1772,unknown
16,Dewald  Schut,unknown
17,Johannes  Helt,male
18,Philip  Jaxheimer,male
19,Johannes  Trees,male
20,1791,unknown
21,Peter  Kohn,male
22,Heinrich  Japel,male
23,1792,unknown
24,Heinrich  Meitzler,male
25,Johannes  Wagener,male
26,1797,unknown
27,Heinrich  Schivert,male
28,1799,unknown
29,Melchior  Beer,male
30,1793,unknown
31,Heinrich  Wessels,male
32,1774,unknown
33,Peter  Krag,male
34,1798,unknown
35,Heinrich  Schanckweiler,male
36,Johannes  Gutekunst,male
37,George  Gorr,male
38,1779,unknown
39,Mattheus  Saam,unknown
40,1770,unknown
41,Adam  Desch,male
42,Michael  Biber,male
43,Ferdinand  Trexler,male
44,Daniel  Schanckweiler,male
45,1777,unknown
46,Jacob  Waber,male
47,1759,unknown
48,Ludwig  Haspelhorn,male
49,1781,unknown
50,Philip  Rodler,male
51,1776,unknown
52,George  Druckenmiller,male
53,Johannes N Kleyn,male
54,Peter  Kammer,male
55,Heinrich  Knappenberger,male
56,Jacob  Reiner,male
57,1751,unknown
58,George  Schroeder,male
59,Heinrich  Howerter,male
60,Peter  Putz,male
61,Sebastian  Druckenmiller,male
62,1800,unknown
63,Christian  Rut,male
64,1773,unknown
65,Christian  Saxman,male
66,1787,unknown
67,Israel  Toddel,male
68,Dewald  Frees,unknown
69,1762,unknown
70,George  Braun,male
71,1757,unknown
72,Adam,unknown
73,Mattheus  Weiss,unknown
74,Joseph  Haiman,male
75,Heinrich  Marsteller,male
76,1760,unknown
77,Dewald  Mecklin,unknown
78,1783,unknown
79,Jacob  Kaiser,male
80,1766,unknown
81,Peter  Rodler,male
82,Jacob  Wagener,male
83,Peter  Mattern,male
84,Michael  Schmoyer,male
85,Heinrich  Larasch,male
86,Jacob  Schanckweiler,male
87,Friedrich  Hains,male
88,Johannes  Jerret,male
89,Philip  Rut,male
90,1750,unknown
91,Johannes Jacob Gardenbauer,male
92,1780,unknown
93,Heinrich  Kammer,male
94,Michael  Schever,male
95,Peter  Walbert,male
96,Michael  Stroh,male
97,Daniel  Jus,male
98,Balthaser  Maute,unknown
99,Johannes  Dieffendorfer,male
100,Jacob  Kigli,male
101,1788,unknown
102,Jacob  Rohr,male
103,1790,unknown
104,Daniel  Schmoyer,male
105,Nicholas  Grammes,male
106,1775,unknown
107,Friedrich  Kammer,male
108,Jacob  Sterner,male
109,Jacob  Desch,male
110,George  Schwartz,male
111,Johannes  Beer,male
112,Philip  Kut,male
113,1786,unknown
114,George  Knopp,male
115,1784,unknown
116,George  Kiebler,male
117,Jacob Van Buskirck,male
118,Lorence  Drescher,unknown
119,Friedrich  Reiner,male
120,Friedrich  Gradekofski,male
121,Isaac  Jerret,male
122,1795,unknown
123,George  Steininger,male
124,Peter  Sell,male
125,Johannes  Herman,male
126,1755,unknown
127,Christian  Rothermel,male
128,John J Schanckweiler,male
129,George  Kraber,male
130,Wilhelm  Reifschneider,male
131,John F Heiser,male
132,1756,unknown
133,Christopher  Miller,male
134,1778,unknown
135,Nicholas  Kleyn,male
136,Adam  Henrich,male
137,Andries  Eisenhart,male
138,Jacob  Druckenmiller,male
139,David  Kraber,male
140,George  Vogdt,male
141,Johannes  Hainli,male
142,Heinrich  Beer,male
143,Philip  Walter,male
144,Friedrich  Friedrich,male
145,Friedrich  Bernit,male
146,Johannes  Kleyn,male
147,Jacob  Koller,male
148,1754,unknown
149,Peter  Dell,male
150,Johannes  Egner,male
151,Heinrich  Christ,male
152,Jacob  Miller,male
153,Hendrich  Gebel,unknown
154,George  Giebler,male
155,1765,unknown
156,Johannes George Haffner,male
157,Jacob  Schwartz,male
158,George  Zimmerman,male
159,Christian Ludwig Hartman,male
160,Carolus  Schever,male
161,Johannes  Klotz,male
162,George  Trein,male
163,Adam  Schmidt,male
164,Philip  Schmoyer,male
165,Adam  Heene,male
166,Johannes Jacob Barthe,male
167,Mattheus  Egner,unknown
168,Albrecht  Detterer,male
169,Peter  Schener,male
170,Conrad  Meitzler,male
171,Michael  Hiski,male
172,Heinrich  Ludwig,male
173,Andries  Walb,male
174,Peter  Trexler,male
175,Valentyn  Haupt,male
176,1763,unknown
177,Simon  Heene,male
178,Johannes Peter Trexler,male
179,Jacob  Steven,male
180,Philip  Desch,male
181,Heinrich  Ohl,male
182,Joseph  Eisenhart,male
183,Johannes P Schmoyer,male
184,Friedrich  Dell,male
185,Andries  Koller,male
186,Adam  Kohlman,male
187,Michael  Sterner,male
188,Philip  Scherer,male
189,1771,unknown
190,Johannes M Schever,male
191,Jonathan  Trexler,male
192,Heinrich  Krestman,male
193,Johannes  Moser,male
194,Daniel  Impoti,male
195,Michael  Portz,male
196,Michael  Stockert,male
197,Johannes  Kainli,male
198,Jacob  Confer,male
199,Johannes  Krag,male
200,Jacob  Hamm,male
201,Dietrich  Kammer,male
202,Balthaser  Schmidt,unknown
203,George  Klohs,male
204,Jacob  Kleyn,male
205,Joseph  Volck,male
206,Jacob  Schneider,male
207,George  Braus,male
208,Martin  Engel,male
209,Jacob  Meinert,male
210,Michael  Knappenberger,male
211,Conrad  Knappenberger,male
212,Abraham  Braus,male
213,Andries  Seubert,male
214,Michael  Nothstein,male
215,Joseph  Albrecht,male
216,Johannes  Kammer,male
217,Jacob  Leibelsperger,male
218,Daniel  Croninger,male
219,Johannes  Sauerwein,male
220,George  Wessels,male
221,Johannes  Sold,male
222,Antoine  Ligtel,male
223,Daniel  Maurer,male
224,Andries  Barriger,male
225,George  Breinig,male
226,Michael  Warmkessel,male
227,Nicholas  Tepel,male
228,Philip  Heene,male
229,Stephan  Kreusser,male
230,John Nicholaus Seidel,male
231,Johannes  Reifschneider,male
232,George  Mattern,male
233,Friedrich  Spiegel,male
234,Johannes A Schwanter,male
235,Michael  Keinert,male
236,Peter  Bader,male
237,Leonard  Schlaug,male
238,Peter  Eigner,male
239,Heinrich  Schmidt,male
240,George  Herbst,male
241,Baltzer  Schmidt,unknown
242,Johannes  Klohs,male
243,Johannes  Wallie,male
244,George  Walbert,male
245,1758,unknown
246,Lorence  Kainli,unknown
247,Philip  Bastres,male
248,Heinrich  Dieffendorfer,male
249,Jacob  Lotz,male
250,Friedrich  Schever,male
251,Jugin  Philips,unknown
252,Ludwig  Steitz,male
253,Heinrich  Bernit,male
254,Moses  Kohn,male
255,Johannes  Trexler,male
256,Jacob  Blessing,male
257,Peter  Reigert,male
258,Jacob  Danner,male
259,George  Fetzer,male
260,Ludwig  Wickert,male
261,Ludwig  Wagener,male
262,Daniel  Jerret,male
263,Philip  Moyer,male
264,Valentyn  Kainli,male
265,Adam  Reigebach,male
266,Christopher  Hoffman,male
267,Peter  Fegli,male
268,Michael  Miller,male
269,1764,unknown
270,John Wilhelm Herman,male
271,George  Kerger,male
272,Jacob  Danckel,male
273,Johannes Adam Knappenberger,male
274,George  Specht,male
275,George J Heusler,male
276,Jospeh  Eisenhart,unknown
277,Peter  Grigere,male
278,Valentyn  Schever,male
279,Adam  Wessels,male
280,Michael  Reiner,male
281,Johannes  Frees,male
282,Peter  Vux,male
283,John N Heene,male
284,Christian  Steininger,male
285,Nicholas  Heene,male
286,Dewald  Albrecht,unknown
287,Johannes N Heene,male
288,Adam  Kensel,male
289,Conrad  Haas,male
290,Johannes  Dickenschitz,male
291,Peter  Klock,male
292,Heinrich  Portz,male
293,Heinrich  Romig,male
294,Jacob  Schuck,male
295,Joseph  Slaug,male
296,Harmen  Hartman,male
297,Jacob  Hopfer,male
298,Friedrich  Reis,male
299,Jacob  Breinig,male
300,Harmen  Fedderman,male
301,Philip J Beer,male
302,Friedrich  Miller,male
303,Philip  Maglin,male
304,Johannes  Muth,male
305,Michael  Kigli,male
306,Conrad  Witmayer,male
307,Leonard  Croninger,male
308,Johannes Dietrich Kammer,male
309,Adam  Zangmeister,male
310,Johannes J Waber,male
311,Stephan  Wunder,male
312,Zacharias  Andreas,male
313,Jacob  Beisel,male
314,George  Schober,male
315,Johannes Philipse Schmoyer,male
316,George  Schevli,male
317,Daniel  Schwartz,male
318,Heinrich  Klock,male
319,Peter  Dehevin,male
320,Nicholas  Schwebenheuser,male
321,Adam  Bader,male
322,Michael  Reem,male
323,Jacob  Schmoyer,male
324,George  Dutt,male
325,Christian  Waber,male
326,Conrad  Heene,male
327,Christian  Reiner,male
328,Jacob  Gorr,male
329,Christian  Ruth,male
330,Johannes Adam Sezer,male
331,Friedrich  Martini,male
332,George  Bollich,male
333,George  Mots,male
334,Peter  Keinert,male
335,Adam  Howerter,male
336,Wilhelm  Sterner,male
337,Johannes  Albrecht,male
338,Heinrich  Schever,male
339,Johannes  Schwartz,male
340,Mark  Ligtel,male
341,Cornelius  Jus,male
342,Jeremiah  Trexler,male
343,George  Scharrig,male
344,Valentyn  Finck,male
345,Johannes  Friedrich,male
346,Johannes  Weidman,male
347,Jacob  Sauerwein,male
348,Isaac  Gerritse,male
349,Christian  Fegli,male
350,Christian  Slaug,male
351,Johannes  Scheimer,male
352,George  Marsteller,male
353,Mattheus  Bruder,unknown
354,John Nicholaus Kaiser,male
355,Philip  Schwebenheuser,male
356,Carolus  Huber,male
357,Johannes  Wessels,male
358,Michael  Kreit,male
359,Christopher  Sterner,male
360,Balthaser  Dritt,unknown
361,Lorence  Gorr,unknown
362,Philip  Drescher,male
363,Philip  Miller,male
364,George  Hartman,male
365,George  Schever,male
366,Michael  Moser,male
367,Johannes  Kaul,male
368,Adam  Knappenberger,male
369,John Adam Lucr,male
370,Bernardus  Junge,male
371,George Friedrich Beer,male
372,Antoine  Moll,male
373,Peter  Fedderolf,male
374,Philip  Poulus,male
375,Reichard  Gregory,unknown
376,Daniel  Ruch,male
377,Andries  Kaug,male
378,Johannes Jacob Eichner,male
379,Melchior  Fogelman,male
380,Adam  Reisch,male
381,Michael  Schaffner,male
382,Samuel  Dormeyer,male
383,Johannes  Schmidt,male
384,Godfrey  Uberdorffer,male
385,George  Schnabel,male
386,Conrad  Trees,male
387,Michael  Beer,male
388,Johannes  Hert,male
389,Philip  Schwartz,male
390,Andries  Geist,male
391,1768,unknown
392,Ludwig  Meckel,male
393,Jacob  Rahn,male
394,Johannes A Steininger,male
395,George  Wagener,male
396,Johannes Michael Haas,male
397,Peter  Duckert,male
398,George Adam Leipersperger,male
399,Antoine  Reisch,male
400,Melchior  Dietrich,male
401,Dewald  Schotten,unknown
402,Mattheus  Ludwig,unknown
403,Peter  Schever,male
404,Wilhelm  Schmidt,male
405,Friedrich  Warmkessel,male
406,Frantz  Warmkessel,male
407,Johannes  Dell,male
408,Peter  Koller,male
409,Peter  Kleyn,male
410,Conrad  Krag,male
411,Eichert  Kricken,unknown
412,Jacob  Flammer,male
413,Peter  Arnold,male
414,Jurge  Stroh,unknown
415,Friedrich  Kleyn,male
416,Johannes A Heene,male
417,Johannes G Klohs,male
418,Nicholas  Carl,male
419,Philip  Beer,male
420,George  Traub,male
421,Johannes N Koch,male
422,Paulus  Bachman,male
423,Peter  Kaiser,male
424,Johannes George Maisch,male
425,Bernardus  Steinwehr,male
426,Jacob  Carl,male
427,Peter  Dreher,male
428,Philip  Fedderman,male
429,Abraham  Romig,male
430,Conrad  Telb,male
431,Johannes  Christ,male
432,Michael  Kissinger,male
433,George Adam Portz,male
434,Valentyn  Kaiser,male
435,Claudian  Kemers,unknown
436,Mark  Ligti,male
437,George  Fedderman,male
438,Cassemer  Grinemoyer,unknown
439,Peter  Simon,male
440,Frank  Warmkessel,male
441,Frances  Warmkessel,female
442,Herys  Bader,unknown
443,Philip Jacob Beer,male
444,Michael  Koller,male
445,Christian  Warmkessel,male
446,Andries  Petzer,male
447,Christian  Schlaug,male
448,Jacob  Portz,male
449,Leonard  Slaug,male
450,Dietrich  Danner,male
451,Adam  Braus,male
452,Jacob  Eisenhart,male
453,Nicholas  Arnold,male
454,Wilhelm  Figel,male
455,John George Herbst,male
456,Johannes G Glasmoyer,male
457,Christian  Trump,male
458,Peter  Herbst,male
459,Stephan  Reigert,male
460,Philip  Fedderolf,male
461,George  Istman,male
462,Friedrich  Wibel,male
463,Carolus Gottlieb Dreichel,male
464,Philip  Barriger,male
465,Jacob  Herman,male
466,John George Miller,male
467,John George Brodbeck,male
468,Jacob  Axter,male
469,Andries  Senckler,male
470,Jacob  Krag,male
471,George  Micheli,male
472,Heinrich  Kainli,male
473,Godfrey  Dieffendorfer,male
474,Gabriel  Koller,male
475,Johannes  Volck,male
476,Jacob  Wessels,male
477,George  Danckel,male
478,John Philipse Schmoyer,male
479,Simon  Moser,male
480,Peter  Severt,male
481,John  Callanon,male
482,Conrad  Fenli,male
483,Peter  Wessels,male
484,Jacob  Kammer,male
485,Daniel  Schweyer,male
486,John  Grigere,male
487,Heinrich  Schlenker,male
488,Peter  Gabel,male
489,Marks  Ligti,male
490,Johannes A Schivert,male
491,Joseph  Romich,male
492,Dewald  Trees,unknown
493,Johannes  Martini,male
494,Johannes  Rassemus,male
495,George  Hepler,male
496,Wilhelm  Hains,male
497,George  Kern,male
498,1767,unknown
499,Conrad  Strasser,male
500,Johannes  Kaiser,male
501,Philip  Wescoe,male
502,Peter  Breinig,male
503,Samuel  Kaug,male
504,Michael  Bierir,male
505,John Dietrich Kammer,male
506,Stephan  Kneihel,male
507,George  Heninger,male
508,Johannes  Vogdt,male
509,Dewald  Kleyn,unknown
510,Adam  Lotz,male
511,Peter  Harris,male
512,Adam  Sterner,male
513,Philip  Ruth,male
514,Jacob  Finckbohn,male
515,William  Stax,male
516,Nicholas  Tepler,male
517,David  Hainli,male
518,Tobias  Moyer,male
519,Peter  Kudman,male
520,Heinrich  Mattern,male
521,Friedrich  Grickner,male
522,Friedrich  Mepus,male
523,John Van Buskirck,male
524,Jacob  Wickert,male
525,George  Benter,male
526,Joseph  Romig,male
527,Johannes P Trexler,male
528,Lorence  Schotten,unknown
529,Conrad  Reis,male
530,George Michael Gaissenberger,male
531,Philip  Straub,male
532,Lorence  Kleyn,unknown
533,Peter  Vogdt,male
534,[Noname]  Anhler,unknown
535,Marcell  Eylerd,male
536,John Peter Trexler,male
537,Johannes  Kussner,male
538,Conrad  Kauffman,male
539,Bernardus  Croninger,male
540,Antoine  Altman,male
541,Peter Fedderolf Jr,male
542,Lusia  Nigers,female
543,Johannes  Dee,male
544,1753,unknown
545,Mattheus  Weissen,unknown
546,Maria  Sebold,female
547,Heinrich  Laudenschilder,male
548,Bernard  Steinweh,male
549,Philip  Peck,male
550,Bernardus Jungen Werbers,male
551,[Noname]  Seubert,unknown
552,Conrad  Kolb,male
553,1752,unknown
554,John Adam Desch,male
555,Johannes  Grickner,male
556,Nathan  Saam,male
557,John Adam Halbenstatter,male
558,[Noname]  Kleyn,unknown
559,Christopher  Hassman,male
560,Johannes George Rohrbach,male
561,[Noname]  Wessels,unknown
562,Heinrich  Meinert,male
563,Christopher  Bittenbender,male
564,Jacob  Drescher,male
565,Jacob  Dormeyer,male
566,Peter  Tickner,male
567,Augustus  Scheckler,male
568,Michael  Schmidt,male
569,Johannes  Edelman,male
570,Michael  Bassler,male
571,Friedrich  Beer,male
572,Lorence  Derr,unknown
573,John  Tressenstatt,male
574,Johannes  Burgi,male
575,Conrad  Bihem,male
576,Bernardus  Kohn,male
577,Andries  Grickner,male
578,Jacob Friedrich Schertlin,male
579,Barbara  Weiss,female
580,Elizabeth,unknown
581,Jacob  Hail,male
582,Michael  Dell,male
583,Philip  Martz,male
