id,name,gender,race
0,1782,unknown,white
1,Friedrich  Loorman,male,white
2,1761,unknown,white
3,Heinrich  Cuntz,male,white
4,1796,unknown,white
5,Abraham  Kleyn,male,white
6,Johannes  Liglietner,male,white
7,1789,unknown,white
8,Friedrich  Fenli,male,white
9,1785,unknown,white
10,Heinrich  Eigner,male,white
11,1794,unknown,white
12,Christian  Heninger,male,white
13,1769,unknown,white
14,Jacob  Steff,male,white
15,1772,unknown,white
16,Dewald  Schut,male,white
17,Johannes  Helt,male,white
18,Philip  Jaxheimer,male,white
19,Johannes  Trees,male,white
20,1791,unknown,white
21,Peter  Kohn,male,white
22,Heinrich  Japel,male,white
23,1792,unknown,white
24,Heinrich  Meitzler,male,white
25,Johannes  Wagener,male,white
26,1797,unknown,white
27,Heinrich  Schivert,male,white
28,1799,unknown,white
29,Melchior  Beer,male,white
30,1793,unknown,white
31,Heinrich  Wessels,male,white
32,1774,unknown,white
33,Peter  Krag,male,white
34,1798,unknown,white
35,Heinrich  Schanckweiler,male,white
36,Johannes  Gutekunst,male,white
37,George  Gorr,male,white
38,1779,unknown,white
39,Mattheus  Saam,male,white
40,1770,unknown,white
41,Adam  Desch,male,white
42,Michael  Biber,male,white
43,Ferdinand  Trexler,male,white
44,Daniel  Schanckweiler,male,white
45,1777,unknown,white
46,Jacob  Waber,male,white
47,1759,unknown,white
48,Ludwig  Haspelhorn,male,white
49,1781,unknown,white
50,Philip  Rodler,male,white
51,1776,unknown,white
52,George  Druckenmiller,male,white
53,Johannes N Kleyn,male,white
54,Peter  Kammer,male,white
55,Heinrich  Knappenberger,male,white
56,Jacob  Reiner,male,white
57,1751,unknown,white
58,George  Schroeder,male,white
59,Heinrich  Howerter,male,white
60,Peter  Putz,male,white
61,Sebastian  Druckenmiller,male,white
62,1800,unknown,white
63,Christian  Rut,male,white
64,1773,unknown,white
65,Christian  Saxman,male,white
66,1787,unknown,white
67,Israel  Toddel,male,white
68,Dewald  Frees,male,white
69,1762,unknown,white
70,George  Braun,male,white
71,1757,unknown,white
72,Adam,unknown,white
73,Mattheus  Weiss,male,white
74,Joseph  Haiman,male,white
75,Heinrich  Marsteller,male,white
76,1760,unknown,white
77,Dewald  Mecklin,male,white
78,1783,unknown,white
79,Jacob  Kaiser,male,white
80,1766,unknown,white
81,Peter  Rodler,male,white
82,Jacob  Wagener,male,white
83,Peter  Mattern,male,white
84,Michael  Schmoyer,male,white
85,Heinrich  Larasch,male,white
86,Jacob  Schanckweiler,male,white
87,Friedrich  Hains,male,white
88,Johannes  Jerret,male,white
89,Philip  Rut,male,white
90,1750,unknown,white
91,Johannes Jacob Gardenbauer,male,white
92,1780,unknown,white
93,Heinrich  Kammer,male,white
94,Michael  Schever,male,white
95,Peter  Walbert,male,white
96,Michael  Stroh,male,white
97,Daniel  Jus,male,white
98,Balthaser  Maute,male,white
99,Johannes  Dieffendorfer,male,white
100,Jacob  Kigli,male,white
101,1788,unknown,white
102,Jacob  Rohr,male,white
103,1790,unknown,white
104,Daniel  Schmoyer,male,white
105,Nicholas  Grammes,male,white
106,1775,unknown,white
107,Friedrich  Kammer,male,white
108,Jacob  Sterner,male,white
109,Jacob  Desch,male,white
110,George  Schwartz,male,white
111,Johannes  Beer,male,white
112,Philip  Kut,male,white
113,1786,unknown,white
114,George  Knopp,male,white
115,1784,unknown,white
116,George  Kiebler,male,white
117,Jacob Van Buskirck,male,white
118,Lorence  Drescher,male,white
119,Friedrich  Reiner,male,white
120,Friedrich  Gradekofski,male,white
121,Isaac  Jerret,male,white
122,1795,unknown,white
123,George  Steininger,male,white
124,Peter  Sell,male,white
125,Johannes  Herman,male,white
126,1755,unknown,white
127,Christian  Rothermel,male,white
128,John J Schanckweiler,male,white
129,George  Kraber,male,white
130,Wilhelm  Reifschneider,male,white
131,John F Heiser,male,white
132,1756,unknown,white
133,Christopher  Miller,male,white
134,1778,unknown,white
135,Nicholas  Kleyn,male,white
136,Adam  Henrich,male,white
137,Andries  Eisenhart,male,white
138,Jacob  Druckenmiller,male,white
139,David  Kraber,male,white
140,George  Vogdt,male,white
141,Johannes  Hainli,male,white
142,Heinrich  Beer,male,white
143,Philip  Walter,male,white
144,Friedrich  Friedrich,male,white
145,Friedrich  Bernit,male,white
146,Johannes  Kleyn,male,white
147,Jacob  Koller,male,white
148,1754,unknown,white
149,Peter  Dell,male,white
150,Johannes  Egner,male,white
151,Heinrich  Christ,male,white
152,Jacob  Miller,male,white
153,Hendrich  Gebel,unknown,white
154,George  Giebler,male,white
155,1765,unknown,white
156,Johannes George Haffner,male,white
157,Jacob  Schwartz,male,white
158,George  Zimmerman,male,white
159,Christian Ludwig Hartman,male,white
160,Carolus  Schever,male,white
161,Johannes  Klotz,male,white
162,George  Trein,male,white
163,Adam  Schmidt,male,white
164,Philip  Schmoyer,male,white
165,Adam  Heene,male,white
166,Johannes Jacob Barthe,male,white
167,Mattheus  Egner,male,white
168,Albrecht  Detterer,male,white
169,Peter  Schener,male,white
170,Conrad  Meitzler,male,white
171,Michael  Hiski,male,white
172,Heinrich  Ludwig,male,white
173,Andries  Walb,male,white
174,Peter  Trexler,male,white
175,Valentyn  Haupt,male,white
176,1763,unknown,white
177,Simon  Heene,male,white
178,Johannes Peter Trexler,male,white
179,Jacob  Steven,male,white
180,Philip  Desch,male,white
181,Heinrich  Ohl,male,white
182,Joseph  Eisenhart,male,white
183,Johannes P Schmoyer,male,white
184,Friedrich  Dell,male,white
185,Andries  Koller,male,white
186,Adam  Kohlman,male,white
187,Michael  Sterner,male,white
188,Philip  Scherer,male,white
189,1771,unknown,white
190,Johannes M Schever,male,white
191,Jonathan  Trexler,male,white
192,Heinrich  Krestman,male,white
193,Johannes  Moser,male,white
194,Daniel  Impoti,male,white
195,Michael  Portz,male,white
196,Michael  Stockert,male,white
197,Johannes  Kainli,male,white
198,Jacob  Confer,male,white
199,Johannes  Krag,male,white
200,Jacob  Hamm,male,white
201,Dietrich  Kammer,male,white
202,Balthaser  Schmidt,male,white
203,George  Klohs,male,white
204,Jacob  Kleyn,male,white
205,Joseph  Volck,male,white
206,Jacob  Schneider,male,white
207,George  Braus,male,white
208,Martin  Engel,male,white
209,Jacob  Meinert,male,white
210,Michael  Knappenberger,male,white
211,Conrad  Knappenberger,male,white
212,Abraham  Braus,male,white
213,Andries  Seubert,male,white
214,Michael  Nothstein,male,white
215,Joseph  Albrecht,male,white
216,Johannes  Kammer,male,white
217,Jacob  Leibelsperger,male,white
218,Daniel  Croninger,male,white
219,Johannes  Sauerwein,male,white
220,George  Wessels,male,white
221,Johannes  Sold,male,white
222,Antoine  Ligtel,male,white
223,Daniel  Maurer,male,white
224,Andries  Barriger,male,white
225,George  Breinig,male,white
226,Michael  Warmkessel,male,white
227,Nicholas  Tepel,male,white
228,Philip  Heene,male,white
229,Stephan  Kreusser,male,white
230,John Nicholaus Seidel,male,white
231,Johannes  Reifschneider,male,white
232,George  Mattern,male,white
233,Friedrich  Spiegel,male,white
234,Johannes A Schwanter,male,white
235,Michael  Keinert,male,white
236,Peter  Bader,male,white
237,Leonard  Schlaug,male,white
238,Peter  Eigner,male,white
239,Heinrich  Schmidt,male,white
240,George  Herbst,male,white
241,Baltzer  Schmidt,unknown,white
242,Johannes  Klohs,male,white
243,Johannes  Wallie,male,white
244,George  Walbert,male,white
245,1758,unknown,white
246,Lorence  Kainli,male,white
247,Philip  Bastres,male,white
248,Heinrich  Dieffendorfer,male,white
249,Jacob  Lotz,male,white
250,Friedrich  Schever,male,white
251,Jugin  Philips,unknown,white
252,Ludwig  Steitz,male,white
253,Heinrich  Bernit,male,white
254,Moses  Kohn,male,white
255,Johannes  Trexler,male,white
256,Jacob  Blessing,male,white
257,Peter  Reigert,male,white
258,Jacob  Danner,male,white
259,George  Fetzer,male,white
260,Ludwig  Wickert,male,white
261,Ludwig  Wagener,male,white
262,Daniel  Jerret,male,white
263,Philip  Moyer,male,white
264,Valentyn  Kainli,male,white
265,Adam  Reigebach,male,white
266,Christopher  Hoffman,male,white
267,Peter  Fegli,male,white
268,Michael  Miller,male,white
269,1764,unknown,white
270,John Wilhelm Herman,male,white
271,George  Kerger,male,white
272,Jacob  Danckel,male,white
273,Johannes Adam Knappenberger,male,white
274,George  Specht,male,white
275,George J Heusler,male,white
276,Jospeh  Eisenhart,unknown,white
277,Peter  Grigere,male,white
278,Valentyn  Schever,male,white
279,Adam  Wessels,male,white
280,Michael  Reiner,male,white
281,Johannes  Frees,male,white
282,Peter  Vux,male,white
283,John N Heene,male,white
284,Christian  Steininger,male,white
285,Nicholas  Heene,male,white
286,Dewald  Albrecht,male,white
287,Johannes N Heene,male,white
288,Adam  Kensel,male,white
289,Conrad  Haas,male,white
290,Johannes  Dickenschitz,male,white
291,Peter  Klock,male,white
292,Heinrich  Portz,male,white
293,Heinrich  Romig,male,white
294,Jacob  Schuck,male,white
295,Joseph  Slaug,male,white
296,Harmen  Hartman,male,white
297,Jacob  Hopfer,male,white
298,Friedrich  Reis,male,white
299,Jacob  Breinig,male,white
300,Harmen  Fedderman,male,white
301,Philip J Beer,male,white
302,Friedrich  Miller,male,white
303,Philip  Maglin,male,white
304,Johannes  Muth,male,white
305,Michael  Kigli,male,white
306,Conrad  Witmayer,male,white
307,Leonard  Croninger,male,white
308,Johannes Dietrich Kammer,male,white
309,Adam  Zangmeister,male,white
310,Johannes J Waber,male,white
311,Stephan  Wunder,male,white
312,Zacharias  Andreas,male,white
313,Jacob  Beisel,male,white
314,George  Schober,male,white
315,Johannes Philipse Schmoyer,male,white
316,George  Schevli,male,white
317,Daniel  Schwartz,male,white
318,Heinrich  Klock,male,white
319,Peter  Dehevin,male,white
320,Nicholas  Schwebenheuser,male,white
321,Adam  Bader,male,white
322,Michael  Reem,male,white
323,Jacob  Schmoyer,male,white
324,George  Dutt,male,white
325,Christian  Waber,male,white
326,Conrad  Heene,male,white
327,Christian  Reiner,male,white
328,Jacob  Gorr,male,white
329,Christian  Ruth,male,white
330,Johannes Adam Sezer,male,white
331,Friedrich  Martini,male,white
332,George  Bollich,male,white
333,George  Mots,male,white
334,Peter  Keinert,male,white
335,Adam  Howerter,male,white
336,Wilhelm  Sterner,male,white
337,Johannes  Albrecht,male,white
338,Heinrich  Schever,male,white
339,Johannes  Schwartz,male,white
340,Mark  Ligtel,male,white
341,Cornelius  Jus,male,white
342,Jeremiah  Trexler,male,white
343,George  Scharrig,male,white
344,Valentyn  Finck,male,white
345,Johannes  Friedrich,male,white
346,Johannes  Weidman,male,white
347,Jacob  Sauerwein,male,white
348,Isaac  Gerritse,male,white
349,Christian  Fegli,male,white
350,Christian  Slaug,male,white
351,Johannes  Scheimer,male,white
352,George  Marsteller,male,white
353,Mattheus  Bruder,male,white
354,John Nicholaus Kaiser,male,white
355,Philip  Schwebenheuser,male,white
356,Carolus  Huber,male,white
357,Johannes  Wessels,male,white
358,Michael  Kreit,male,white
359,Christopher  Sterner,male,white
360,Balthaser  Dritt,male,white
361,Lorence  Gorr,male,white
362,Philip  Drescher,male,white
363,Philip  Miller,male,white
364,George  Hartman,male,white
365,George  Schever,male,white
366,Michael  Moser,male,white
367,Johannes  Kaul,male,white
368,Adam  Knappenberger,male,white
369,John Adam Lucr,male,white
370,Bernardus  Junge,male,white
371,George Friedrich Beer,male,white
372,Antoine  Moll,male,white
373,Peter  Fedderolf,male,white
374,Philip  Poulus,male,white
375,Reichard  Gregory,unknown,white
376,Daniel  Ruch,male,white
377,Andries  Kaug,male,white
378,Johannes Jacob Eichner,male,white
379,Melchior  Fogelman,male,white
380,Adam  Reisch,male,white
381,Michael  Schaffner,male,white
382,Samuel  Dormeyer,male,white
383,Johannes  Schmidt,male,white
384,Godfrey  Uberdorffer,male,white
385,George  Schnabel,male,white
386,Conrad  Trees,male,white
387,Michael  Beer,male,white
388,Johannes  Hert,male,white
389,Philip  Schwartz,male,white
390,Andries  Geist,male,white
391,1768,unknown,white
392,Ludwig  Meckel,male,white
393,Jacob  Rahn,male,white
394,Johannes A Steininger,male,white
395,George  Wagener,male,white
396,Johannes Michael Haas,male,white
397,Peter  Duckert,male,white
398,George Adam Leipersperger,male,white
399,Antoine  Reisch,male,white
400,Melchior  Dietrich,male,white
401,Dewald  Schotten,male,white
402,Mattheus  Ludwig,male,white
403,Peter  Schever,male,white
404,Wilhelm  Schmidt,male,white
405,Friedrich  Warmkessel,male,white
406,Frantz  Warmkessel,male,white
407,Johannes  Dell,male,white
408,Peter  Koller,male,white
409,Peter  Kleyn,male,white
410,Conrad  Krag,male,white
411,Eichert  Kricken,unknown,white
412,Jacob  Flammer,male,white
413,Peter  Arnold,male,white
414,Jurge  Stroh,male,white
415,Friedrich  Kleyn,male,white
416,Johannes A Heene,male,white
417,Johannes G Klohs,male,white
418,Nicholas  Carl,male,white
419,Philip  Beer,male,white
420,George  Traub,male,white
421,Johannes N Koch,male,white
422,Paulus  Bachman,male,white
423,Peter  Kaiser,male,white
424,Johannes George Maisch,male,white
425,Bernardus  Steinwehr,male,white
426,Jacob  Carl,male,white
427,Peter  Dreher,male,white
428,Philip  Fedderman,male,white
429,Abraham  Romig,male,white
430,Conrad  Telb,male,white
431,Johannes  Christ,male,white
432,Michael  Kissinger,male,white
433,George Adam Portz,male,white
434,Valentyn  Kaiser,male,white
435,Claudian  Kemers,unknown,white
436,Mark  Ligti,male,white
437,George  Fedderman,male,white
438,Cassemer  Grinemoyer,unknown,white
439,Peter  Simon,male,white
440,Frank  Warmkessel,male,white
441,Frances  Warmkessel,female,white
442,Herys  Bader,unknown,white
443,Philip Jacob Beer,male,white
444,Michael  Koller,male,white
445,Christian  Warmkessel,male,white
446,Andries  Petzer,male,white
447,Christian  Schlaug,male,white
448,Jacob  Portz,male,white
449,Leonard  Slaug,male,white
450,Dietrich  Danner,male,white
451,Adam  Braus,male,white
452,Jacob  Eisenhart,male,white
453,Nicholas  Arnold,male,white
454,Wilhelm  Figel,male,white
455,John George Herbst,male,white
456,Johannes G Glasmoyer,male,white
457,Christian  Trump,male,white
458,Peter  Herbst,male,white
459,Stephan  Reigert,male,white
460,Philip  Fedderolf,male,white
461,George  Istman,male,white
462,Friedrich  Wibel,male,white
463,Carolus Gottlieb Dreichel,male,white
464,Philip  Barriger,male,white
465,Jacob  Herman,male,white
466,John George Miller,male,white
467,John George Brodbeck,male,white
468,Jacob  Axter,male,white
469,Andries  Senckler,male,white
470,Jacob  Krag,male,white
471,George  Micheli,male,white
472,Heinrich  Kainli,male,white
473,Godfrey  Dieffendorfer,male,white
474,Gabriel  Koller,male,white
475,Johannes  Volck,male,white
476,Jacob  Wessels,male,white
477,George  Danckel,male,white
478,John Philipse Schmoyer,male,white
479,Simon  Moser,male,white
480,Peter  Severt,male,white
481,John  Callanon,male,white
482,Conrad  Fenli,male,white
483,Peter  Wessels,male,white
484,Jacob  Kammer,male,white
485,Daniel  Schweyer,male,white
486,John  Grigere,male,white
487,Heinrich  Schlenker,male,white
488,Peter  Gabel,male,white
489,Marks  Ligti,male,white
490,Johannes A Schivert,male,white
491,Joseph  Romich,male,white
492,Dewald  Trees,male,white
493,Johannes  Martini,male,white
494,Johannes  Rassemus,male,white
495,George  Hepler,male,white
496,Wilhelm  Hains,male,white
497,George  Kern,male,white
498,1767,unknown,white
499,Conrad  Strasser,male,white
500,Johannes  Kaiser,male,white
501,Philip  Wescoe,male,white
502,Peter  Breinig,male,white
503,Samuel  Kaug,male,white
504,Michael  Bierir,male,white
505,John Dietrich Kammer,male,white
506,Stephan  Kneihel,male,white
507,George  Heninger,male,white
508,Johannes  Vogdt,male,white
509,Dewald  Kleyn,male,white
510,Adam  Lotz,male,white
511,Peter  Harris,male,white
512,Adam  Sterner,male,white
513,Philip  Ruth,male,white
514,Jacob  Finckbohn,male,white
515,William  Stax,male,white
516,Nicholas  Tepler,male,white
517,David  Hainli,male,white
518,Tobias  Moyer,male,white
519,Peter  Kudman,male,white
520,Heinrich  Mattern,male,white
521,Friedrich  Grickner,male,white
522,Friedrich  Mepus,male,white
523,John Van Buskirck,male,white
524,Jacob  Wickert,male,white
525,George  Benter,male,white
526,Joseph  Romig,male,white
527,Johannes P Trexler,male,white
528,Lorence  Schotten,male,white
529,Conrad  Reis,male,white
530,George Michael Gaissenberger,male,white
531,Philip  Straub,male,white
532,Lorence  Kleyn,male,white
533,Peter  Vogdt,male,white
534,[Noname]  Anhler,unknown,white
535,Marcell  Eylerd,male,white
536,John Peter Trexler,male,white
537,Johannes  Kussner,male,white
538,Conrad  Kauffman,male,white
539,Bernardus  Croninger,male,white
540,Antoine  Altman,male,white
541,Peter Fedderolf Jr,male,white
542,Lusia  Nigers,female,white
543,Johannes  Dee,male,white
544,1753,unknown,white
545,Mattheus  Weissen,male,white
546,Maria  Sebold,female,white
547,Heinrich  Laudenschilder,male,white
548,Bernard  Steinweh,male,white
549,Philip  Peck,male,white
550,Bernardus Jungen Werbers,male,white
551,[Noname]  Seubert,unknown,white
552,Conrad  Kolb,male,white
553,1752,unknown,white
554,John Adam Desch,male,white
555,Johannes  Grickner,male,white
556,Nathan  Saam,male,white
557,John Adam Halbenstatter,male,white
558,[Noname]  Kleyn,unknown,white
559,Christopher  Hassman,male,white
560,Johannes George Rohrbach,male,white
561,[Noname]  Wessels,unknown,white
562,Heinrich  Meinert,male,white
563,Christopher  Bittenbender,male,white
564,Jacob  Drescher,male,white
565,Jacob  Dormeyer,male,white
566,Peter  Tickner,male,white
567,Augustus  Scheckler,male,white
568,Michael  Schmidt,male,white
569,Johannes  Edelman,male,white
570,Michael  Bassler,male,white
571,Friedrich  Beer,male,white
572,Lorence  Derr,male,white
573,John  Tressenstatt,male,white
574,Johannes  Burgi,male,white
575,Conrad  Bihem,male,white
576,Bernardus  Kohn,male,white
577,Andries  Grickner,male,white
578,Jacob Friedrich Schertlin,male,white
579,Barbara  Weiss,female,white
580,Elizabeth,unknown,white
581,Jacob  Hail,male,white
582,Michael  Dell,male,white
583,Philip  Martz,male,white
