id,name
0,1782
1,Friedrich  Loorman
2,1761
3,Heinrich  Cuntz
4,1796
5,Abraham  Kleyn
6,Johannes  Liglietner
7,1789
8,Friedrich  Fenli
9,1785
10,Heinrich  Eigner
11,1794
12,Christian  Heninger
13,1769
14,Jacob  Steff
15,1772
16,Dewald  Schut
17,Johannes  Helt
18,Philip  Jaxheimer
19,Johannes  Trees
20,1791
21,Peter  Kohn
22,Heinrich  Japel
23,1792
24,Heinrich  Meitzler
25,Johannes  Wagener
26,1797
27,Heinrich  Schivert
28,1799
29,Melchior  Beer
30,1793
31,Heinrich  Wessels
32,1774
33,Peter  Krag
34,1798
35,Heinrich  Schanckweiler
36,Johannes  Gutekunst
37,George  Gorr
38,1779
39,Mattheus  Saam
40,1770
41,Adam  Desch
42,Michael  Biber
43,Ferdinand  Trexler
44,Daniel  Schanckweiler
45,1777
46,Jacob  Waber
47,1759
48,Ludwig  Haspelhorn
49,1781
50,Philip  Rodler
51,1776
52,George  Druckenmiller
53,Johannes N Kleyn
54,Peter  Kammer
55,Heinrich  Knappenberger
56,Jacob  Reiner
57,1751
58,George  Schroeder
59,Heinrich  Howerter
60,Peter  Putz
61,Sebastian  Druckenmiller
62,1800
63,Christian  Rut
64,1773
65,Christian  Saxman
66,1787
67,Israel  Toddel
68,Dewald  Frees
69,1762
70,George  Braun
71,1757
72,Adam
73,Mattheus  Weiss
74,Joseph  Haiman
75,Heinrich  Marsteller
76,1760
77,Dewald  Mecklin
78,1783
79,Jacob  Kaiser
80,1766
81,Peter  Rodler
82,Jacob  Wagener
83,Peter  Mattern
84,Michael  Schmoyer
85,Heinrich  Larasch
86,Jacob  Schanckweiler
87,Friedrich  Hains
88,Johannes  Jerret
89,Philip  Rut
90,1750
91,Johannes Jacob Gardenbauer
92,1780
93,Heinrich  Kammer
94,Michael  Schever
95,Peter  Walbert
96,Michael  Stroh
97,Daniel  Jus
98,Balthaser  Maute
99,Johannes  Dieffendorfer
100,Jacob  Kigli
101,1788
102,Jacob  Rohr
103,1790
104,Daniel  Schmoyer
105,Nicholas  Grammes
106,1775
107,Friedrich  Kammer
108,Jacob  Sterner
109,Jacob  Desch
110,George  Schwartz
111,Johannes  Beer
112,Philip  Kut
113,1786
114,George  Knopp
115,1784
116,George  Kiebler
117,Jacob Van Buskirck
118,Lorence  Drescher
119,Friedrich  Reiner
120,Friedrich  Gradekofski
121,Isaac  Jerret
122,1795
123,George  Steininger
124,Peter  Sell
125,Johannes  Herman
126,1755
127,Christian  Rothermel
128,John J Schanckweiler
129,George  Kraber
130,Wilhelm  Reifschneider
131,John F Heiser
132,1756
133,Christopher  Miller
134,1778
135,Nicholas  Kleyn
136,Adam  Henrich
137,Andries  Eisenhart
138,Jacob  Druckenmiller
139,David  Kraber
140,George  Vogdt
141,Johannes  Hainli
142,Heinrich  Beer
143,Philip  Walter
144,Friedrich  Friedrich
145,Friedrich  Bernit
146,Johannes  Kleyn
147,Jacob  Koller
148,1754
149,Peter  Dell
150,Johannes  Egner
151,Heinrich  Christ
152,Jacob  Miller
153,Hendrich  Gebel
154,George  Giebler
155,1765
156,Johannes George Haffner
157,Jacob  Schwartz
158,George  Zimmerman
159,Christian Ludwig Hartman
160,Carolus  Schever
161,Johannes  Klotz
162,George  Trein
163,Adam  Schmidt
164,Philip  Schmoyer
165,Adam  Heene
166,Johannes Jacob Barthe
167,Mattheus  Egner
168,Albrecht  Detterer
169,Peter  Schener
170,Conrad  Meitzler
171,Michael  Hiski
172,Heinrich  Ludwig
173,Andries  Walb
174,Peter  Trexler
175,Valentyn  Haupt
176,1763
177,Simon  Heene
178,Johannes Peter Trexler
179,Jacob  Steven
180,Philip  Desch
181,Heinrich  Ohl
182,Joseph  Eisenhart
183,Johannes P Schmoyer
184,Friedrich  Dell
185,Andries  Koller
186,Adam  Kohlman
187,Michael  Sterner
188,Philip  Scherer
189,1771
190,Johannes M Schever
191,Jonathan  Trexler
192,Heinrich  Krestman
193,Johannes  Moser
194,Daniel  Impoti
195,Michael  Portz
196,Michael  Stockert
197,Johannes  Kainli
198,Jacob  Confer
199,Johannes  Krag
200,Jacob  Hamm
201,Dietrich  Kammer
202,Balthaser  Schmidt
203,George  Klohs
204,Jacob  Kleyn
205,Joseph  Volck
206,Jacob  Schneider
207,George  Braus
208,Martin  Engel
209,Jacob  Meinert
210,Michael  Knappenberger
211,Conrad  Knappenberger
212,Abraham  Braus
213,Andries  Seubert
214,Michael  Nothstein
215,Joseph  Albrecht
216,Johannes  Kammer
217,Jacob  Leibelsperger
218,Daniel  Croninger
219,Johannes  Sauerwein
220,George  Wessels
221,Johannes  Sold
222,Antoine  Ligtel
223,Daniel  Maurer
224,Andries  Barriger
225,George  Breinig
226,Michael  Warmkessel
227,Nicholas  Tepel
228,Philip  Heene
229,Stephan  Kreusser
230,John Nicholaus Seidel
231,Johannes  Reifschneider
232,George  Mattern
233,Friedrich  Spiegel
234,Johannes A Schwanter
235,Michael  Keinert
236,Peter  Bader
237,Leonard  Schlaug
238,Peter  Eigner
239,Heinrich  Schmidt
240,George  Herbst
241,Baltzer  Schmidt
242,Johannes  Klohs
243,Johannes  Wallie
244,George  Walbert
245,1758
246,Lorence  Kainli
247,Philip  Bastres
248,Heinrich  Dieffendorfer
249,Jacob  Lotz
250,Friedrich  Schever
251,Jugin  Philips
252,Ludwig  Steitz
253,Heinrich  Bernit
254,Moses  Kohn
255,Johannes  Trexler
256,Jacob  Blessing
257,Peter  Reigert
258,Jacob  Danner
259,George  Fetzer
260,Ludwig  Wickert
261,Ludwig  Wagener
262,Daniel  Jerret
263,Philip  Moyer
264,Valentyn  Kainli
265,Adam  Reigebach
266,Christopher  Hoffman
267,Peter  Fegli
268,Michael  Miller
269,1764
270,John Wilhelm Herman
271,George  Kerger
272,Jacob  Danckel
273,Johannes Adam Knappenberger
274,George  Specht
275,George J Heusler
276,Jospeh  Eisenhart
277,Peter  Grigere
278,Valentyn  Schever
279,Adam  Wessels
280,Michael  Reiner
281,Johannes  Frees
282,Peter  Vux
283,John N Heene
284,Christian  Steininger
285,Nicholas  Heene
286,Dewald  Albrecht
287,Johannes N Heene
288,Adam  Kensel
289,Conrad  Haas
290,Johannes  Dickenschitz
291,Peter  Klock
292,Heinrich  Portz
293,Heinrich  Romig
294,Jacob  Schuck
295,Joseph  Slaug
296,Harmen  Hartman
297,Jacob  Hopfer
298,Friedrich  Reis
299,Jacob  Breinig
300,Harmen  Fedderman
301,Philip J Beer
302,Friedrich  Miller
303,Philip  Maglin
304,Johannes  Muth
305,Michael  Kigli
306,Conrad  Witmayer
307,Leonard  Croninger
308,Johannes Dietrich Kammer
309,Adam  Zangmeister
310,Johannes J Waber
311,Stephan  Wunder
312,Zacharias  Andreas
313,Jacob  Beisel
314,George  Schober
315,Johannes Philipse Schmoyer
316,George  Schevli
317,Daniel  Schwartz
318,Heinrich  Klock
319,Peter  Dehevin
320,Nicholas  Schwebenheuser
321,Adam  Bader
322,Michael  Reem
323,Jacob  Schmoyer
324,George  Dutt
325,Christian  Waber
326,Conrad  Heene
327,Christian  Reiner
328,Jacob  Gorr
329,Christian  Ruth
330,Johannes Adam Sezer
331,Friedrich  Martini
332,George  Bollich
333,George  Mots
334,Peter  Keinert
335,Adam  Howerter
336,Wilhelm  Sterner
337,Johannes  Albrecht
338,Heinrich  Schever
339,Johannes  Schwartz
340,Mark  Ligtel
341,Cornelius  Jus
342,Jeremiah  Trexler
343,George  Scharrig
344,Valentyn  Finck
345,Johannes  Friedrich
346,Johannes  Weidman
347,Jacob  Sauerwein
348,Isaac  Gerritse
349,Christian  Fegli
350,Christian  Slaug
351,Johannes  Scheimer
352,George  Marsteller
353,Mattheus  Bruder
354,John Nicholaus Kaiser
355,Philip  Schwebenheuser
356,Carolus  Huber
357,Johannes  Wessels
358,Michael  Kreit
359,Christopher  Sterner
360,Balthaser  Dritt
361,Lorence  Gorr
362,Philip  Drescher
363,Philip  Miller
364,George  Hartman
365,George  Schever
366,Michael  Moser
367,Johannes  Kaul
368,Adam  Knappenberger
369,John Adam Lucr
370,Bernardus  Junge
371,George Friedrich Beer
372,Antoine  Moll
373,Peter  Fedderolf
374,Philip  Poulus
375,Reichard  Gregory
376,Daniel  Ruch
377,Andries  Kaug
378,Johannes Jacob Eichner
379,Melchior  Fogelman
380,Adam  Reisch
381,Michael  Schaffner
382,Samuel  Dormeyer
383,Johannes  Schmidt
384,Godfrey  Uberdorffer
385,George  Schnabel
386,Conrad  Trees
387,Michael  Beer
388,Johannes  Hert
389,Philip  Schwartz
390,Andries  Geist
391,1768
392,Ludwig  Meckel
393,Jacob  Rahn
394,Johannes A Steininger
395,George  Wagener
396,Johannes Michael Haas
397,Peter  Duckert
398,George Adam Leipersperger
399,Antoine  Reisch
400,Melchior  Dietrich
401,Dewald  Schotten
402,Mattheus  Ludwig
403,Peter  Schever
404,Wilhelm  Schmidt
405,Friedrich  Warmkessel
406,Frantz  Warmkessel
407,Johannes  Dell
408,Peter  Koller
409,Peter  Kleyn
410,Conrad  Krag
411,Eichert  Kricken
412,Jacob  Flammer
413,Peter  Arnold
414,Jurge  Stroh
415,Friedrich  Kleyn
416,Johannes A Heene
417,Johannes G Klohs
418,Nicholas  Carl
419,Philip  Beer
420,George  Traub
421,Johannes N Koch
422,Paulus  Bachman
423,Peter  Kaiser
424,Johannes George Maisch
425,Bernardus  Steinwehr
426,Jacob  Carl
427,Peter  Dreher
428,Philip  Fedderman
429,Abraham  Romig
430,Conrad  Telb
431,Johannes  Christ
432,Michael  Kissinger
433,George Adam Portz
434,Valentyn  Kaiser
435,Claudian  Kemers
436,Mark  Ligti
437,George  Fedderman
438,Cassemer  Grinemoyer
439,Peter  Simon
440,Frank  Warmkessel
441,Frances  Warmkessel
442,Herys  Bader
443,Philip Jacob Beer
444,Michael  Koller
445,Christian  Warmkessel
446,Andries  Petzer
447,Christian  Schlaug
448,Jacob  Portz
449,Leonard  Slaug
450,Dietrich  Danner
451,Adam  Braus
452,Jacob  Eisenhart
453,Nicholas  Arnold
454,Wilhelm  Figel
455,John George Herbst
456,Johannes G Glasmoyer
457,Christian  Trump
458,Peter  Herbst
459,Stephan  Reigert
460,Philip  Fedderolf
461,George  Istman
462,Friedrich  Wibel
463,Carolus Gottlieb Dreichel
464,Philip  Barriger
465,Jacob  Herman
466,John George Miller
467,John George Brodbeck
468,Jacob  Axter
469,Andries  Senckler
470,Jacob  Krag
471,George  Micheli
472,Heinrich  Kainli
473,Godfrey  Dieffendorfer
474,Gabriel  Koller
475,Johannes  Volck
476,Jacob  Wessels
477,George  Danckel
478,John Philipse Schmoyer
479,Simon  Moser
480,Peter  Severt
481,John  Callanon
482,Conrad  Fenli
483,Peter  Wessels
484,Jacob  Kammer
485,Daniel  Schweyer
486,John  Grigere
487,Heinrich  Schlenker
488,Peter  Gabel
489,Marks  Ligti
490,Johannes A Schivert
491,Joseph  Romich
492,Dewald  Trees
493,Johannes  Martini
494,Johannes  Rassemus
495,George  Hepler
496,Wilhelm  Hains
497,George  Kern
498,1767
499,Conrad  Strasser
500,Johannes  Kaiser
501,Philip  Wescoe
502,Peter  Breinig
503,Samuel  Kaug
504,Michael  Bierir
505,John Dietrich Kammer
506,Stephan  Kneihel
507,George  Heninger
508,Johannes  Vogdt
509,Dewald  Kleyn
510,Adam  Lotz
511,Peter  Harris
512,Adam  Sterner
513,Philip  Ruth
514,Jacob  Finckbohn
515,William  Stax
516,Nicholas  Tepler
517,David  Hainli
518,Tobias  Moyer
519,Peter  Kudman
520,Heinrich  Mattern
521,Friedrich  Grickner
522,Friedrich  Mepus
523,John Van Buskirck
524,Jacob  Wickert
525,George  Benter
526,Joseph  Romig
527,Johannes P Trexler
528,Lorence  Schotten
529,Conrad  Reis
530,George Michael Gaissenberger
531,Philip  Straub
532,Lorence  Kleyn
533,Peter  Vogdt
534,[Noname]  Anhler
535,Marcell  Eylerd
536,John Peter Trexler
537,Johannes  Kussner
538,Conrad  Kauffman
539,Bernardus  Croninger
540,Antoine  Altman
541,Peter Fedderolf Jr
542,Lusia  Nigers
543,Johannes  Dee
544,1753
545,Mattheus  Weissen
546,Maria  Sebold
547,Heinrich  Laudenschilder
548,Bernard  Steinweh
549,Philip  Peck
550,Bernardus Jungen Werbers
551,[Noname]  Seubert
552,Conrad  Kolb
553,1752
554,John Adam Desch
555,Johannes  Grickner
556,Nathan  Saam
557,John Adam Halbenstatter
558,[Noname]  Kleyn
559,Christopher  Hassman
560,Johannes George Rohrbach
561,[Noname]  Wessels
562,Heinrich  Meinert
563,Christopher  Bittenbender
564,Jacob  Drescher
565,Jacob  Dormeyer
566,Peter  Tickner
567,Augustus  Scheckler
568,Michael  Schmidt
569,Johannes  Edelman
570,Michael  Bassler
571,Friedrich  Beer
572,Lorence  Derr
573,John  Tressenstatt
574,Johannes  Burgi
575,Conrad  Bihem
576,Bernardus  Kohn
577,Andries  Grickner
578,Jacob Friedrich Schertlin
579,Barbara  Weiss
580,Elizabeth
581,Jacob  Hail
582,Michael  Dell
583,Philip  Martz
