id,name,gender
0,1774,unknown
1,Henrich Kobel,male
2,John Nicolaus Hettrick,male
3,Casper Kobel,male
4,Johannes Phillips,male
5,Peter Schmidt,male
6,Henrich Baumgardener,male
7,Valentine Rebock,female
8,Daniel Kobel,male
9,1775,unknown
10,Peter Fisher,male
11,Georg Heim,male
12,Johannes Ried,male
13,Wilhelm Thompson,male
14,Johannes Fisher,male
15,Ludwig Schreyer,male
16,Jacob Minniam,male
17,Jacob Ochsenreiter,male
18,Christoph Hetterich,male
19,Nicol Hetterick,female
20,Wilhelm Forster,male
21,Henrich Kohler,male
22,1776,unknown
23,Philip Kunselman,male
24,George Furster,male
25,Johannes Lips,male
26,Johannes Miller,male
27,Morte Burgart,unknown
28,Daniel Kable,male
29,Johannes Hendrick Schreckengast,male
30,Peter Troutman,male
31,1777,unknown
32,Georg Heym,male
33,Philip Lofler,male
34,HEYL(?):  Martin,unknown
35,Elias Althaus,male
36,Peter Furster,male
37,Peter Albert,male
38,Caspar Kobel,male
39,Christ Dunkelberger,male
40,William Thomson,male
41,John George Furst,male
42,1779,unknown
43,Johann Phillips,male
44,Johan Bingeman,male
45,1780,unknown
46,BROSIUS;  John Georg,unknown
47,John Nicolaus Brosius,male
48,Heinrich Kohler,male
49,Wilhelm Forst,male
50,Martin Zartman,male
51,1781,unknown
52,Henrich Reitz,male
53,Henry Groninger,male
54,Michael Rohd,male
55,1782,unknown
56,John (Henry) George Brosius,male
57,Andreas Reitz,male
58,John Georg Pfeiffer,male
59,John George Jr Heim,male
60,Mathias Winkelmann,male
61,Conrad Nicolaus,male
62,John George Borell,male
63,Caspar Schneider,male
64,Johannes Bingmann,male
65,Philip Klinger,male
66,Maria Catherine Hedtrick,female
67,Michael Schaefer,male
68,Peter Forster,male
69,Leonhardt Kerstetter,male
70,John Heim,male
71,Henrich Groninger,male
72,1783,unknown
73,Henrich Lofler,male
74,Martin Zartmann,male
75,Henrich Minniam,male
76,Johan Leonhardt Kaufman,male
77,John George Pfeiffer,male
78,John Nicholas Hederich,male
79,John Andreas Hederick,male
80,Johannes Harter,male
81,1784,unknown
82,George Krebs,male
83,Michael Roth,male
84,1785,unknown
85,Hendrick Groninger,male
86,Adam Hederick,male
87,Hendrick Minniam,male
88,Christopf Dunkelberger,unknown
89,George Pfeiffer,male
90,Henrich Zartman,male
91,George (Adam) Klinger,male
92,Philip Auman,male
93,Nicolaus Hederick,male
94,Johannes Kreiss,male
95,Johannes Hartter,male
96,Michael Reitz,male
97,Johannes Schafer,male
98,Johannes Lofler,male
99,Christoph Wenzel,male
100,Johannes Bingamen,male
101,Peter Zartman,male
102,Johannes Heim,male
103,John Nicolaus Prosius,male
104,Jacob Stauch,male
105,Michel Emerich,male
106,1786,unknown
107,Jacob Hartter,male
108,Thomas Dapson,male
109,Christoph Dunkelberger,male
110,Conrath Schreckengast,unknown
111,James Ostman,male
112,Michael Derck,male
113,Peter Maurer,male
114,John Jacob Prosius,male
115,Henrich Schreckengast,male
116,John George Furster,male
117,1787,unknown
118,John Nicolaus Hederich,male
119,Georg Schreckengast,male
120,Christian Stutzman,male
121,John Georg Schafer,male
122,Christoph Henderich,male
123,Henerich Miniam,unknown
124,Leonhart Kaufman,male
125,Johan Adam Rebock,male
126,Gottfried Kremer,male
127,Jacob Harter,male
128,Heinrich Daniel,male
129,Hann Georg Pfeiffer,unknown
130,Johann Heim,male
131,Peter Heim,male
132,1788,unknown
133,Wilhelm Heim,male
134,Valentin Britsch,male
135,Bill Rosen,male
136,Frederick Kobel,male
137,Hannes Adam Rebock,male
138,1789,unknown
139,Johannes George Pfeiffer,male
140,Johannes Nicolaus Fredericks,male
141,1790,unknown
142,Adam Rebock,male
143,Henrich Daniels,male
144,1791,unknown
145,Mathias Heim,male
146,Johann Bingman,male
147,Nicolaus Hedderick,male
148,Georg Karl,male
149,Henrich Miniam,male
150,Michael Bauers,male
151,1792,unknown
152,Philip Haupts,male
153,Michael Rehbock,male
154,Georg Brosius,male
155,Johann Nicolaus Brosius,male
156,Nicolaus Schneider,male
157,Johannes Jacob Brosius,male
158,Johannes Adam Rehbock,male
159,Johannes Adam Schleich,male
160,1793,unknown
161,Jacob Bauman,male
162,Michael Durck,male
163,Jacob Heddericks,male
164,Samuel Clark,male
165,Friederick Muller,unknown
166,Georg Schafer,male
167,Hannes Brosius,male
168,Georg Pfeiffer,male
169,Johannes Koppenheffer,male
170,Daniel Rothermel,male
171,Adam Hetterick,male
172,Jacob Bingeman,male
173,Henrich Kehler,male
174,Bernert Kaufman,unknown
175,Johannes Schneckengast,male
176,Michael Rebock,male
177,Jacob Herter,male
178,1794,unknown
179,Johannes Brosius,male
180,1795,unknown
181,Paul Bien,male
182,Adam Schleich,male
183,Jacob Rauninger,male
184,Christian Leitner,male
185,Michael Billman,male
186,Philip Krick,male
187,Johannes Strohschnitter,male
188,Michael Wolfgang,male
189,Peter Ressler,male
190,Johannes Schreckengast,male
191,Johannes Weixhen,male
192,Johannes Roth,male
193,Vallentin Britsch,male
194,Georg Leonhardt Emrich,male
195,Henrich Klock,male
196,1796,unknown
197,Nicolaus Brosius,male
198,Jacob Hetterich,male
199,Michael Thill,male
200,Conrath Haupt,unknown
201,Adam Rehbock,male
202,Johannes Maurer,male
203,Michael Kopenhaffer,male
204,Georg Greib,male
205,Philip Dhill,male
206,Christian Roth,male
207,Jacob Eister,male
208,Catarina Schreckengast,female
209,Jacob Phillips,male
210,Adam Hetterich,male
211,1797,unknown
212,Abraham Brosius,male
213,Peter Hetrich,male
214,Anton Werrn,male
215,Jacob Klock,male
216,Friederich Rausch,male
217,Lenert Kaufmann,unknown
218,Johannes Hase,male
219,Christoph Burkhart,male
220,Lenhart Kerstetter,unknown
221,Simon Scherman,male
222,Gottfried Thomas,male
223,Bennert Emrich,unknown
224,Johann Orendorff,male
225,Johann Schafer,male
226,Jacob Austerly,male
227,Mateias Kobenhaffer,unknown
228,1798,unknown
229,Peter Schmitt,male
230,Johannes Hebler,male
231,Nicolaus  Schneider,male
232,Jacob Traub,male
233,Andreas Jr Geist,male
234,Johannes Conrad Haupt,male
235,Philip Borrell,male
236,George Tolp,male
237,Christian Kohl,male
238,Georg Kehler,male
239,Adam Hederich,male
240,William Heim,male
241,Paulus Bien,male
242,John Philip Haupt,male
243,1799,unknown
244,Christoph Berkhaus,male
245,Jacob Hederich,male
246,Jacob Reininger,male
247,Peter Hederich,male
248,Leonhard Emerich,male
249,Christoph Roth,male
250,Jacob Schmidt,male
251,Peter Klock,male
252,Johannes Strohschneider,male
253,Christian Furster,male
254,Lehnhart Kerstetter,unknown
255,Andreas Sr Geist,male
256,Christian Thomas,male
257,Georg Delb,male
258,Jacob Reinard,male
259,Johannes Wagner,male
260,Jacob Thomas,male
261,Johannes Schaffer,male
262,1800,unknown
263,Michael Kederman,male
264,Johannes Kehler,male
265,Philip Diehl,male
266,Adam Heim,male
267,Johannes Haas,male
268,Johannes Derr,male
269,Christoph Hebler,male
270,DOFFY (?):  Baniel,unknown
271,Johannes Koppenhaffer,male
272,Jacob Philip,male
273,Johannes Orendorff,male
274,Georg Miller,male
275,George Kehler,male
276,Johannes Hepler,male
277,Philip Borrel,male
278,Jacob Esterlein,male
279,Michael Wagner,male
280,Nicolaus Hetterich,male
281,Michael Broun,male
282,Georg Furster,male
283,1801,unknown
284,Christian Furst,male
285,Christian Kobel,male
286,Nicolaus Hetrich,male
287,Daniel Toffy,male
288,Christoph Burchaus,male
289,Michael Paul,male
290,Leonhart Kerstetter,male
291,Henrich Haupt,male
292,Leonhardt Kaufman,male
293,Michael Kaderman,male
294,Johann Stalman,male
295,Christian Rieth,male
296,Leonhardt Emrich,male
297,Daniel Maurer,male
298,Jacob Billman,male
299,Jacob Hendricks,male
300,Georg Schmidt,male
301,Conrath Bopp,unknown
302,Johannes Stehr,male
303,Peter Magher,male
304,Johann Derr,male
305,Conrad Schreckengast,male
306,Jacob Leitner,male
307,1802,unknown
308,Jacob Schneider,male
309,Johannes Nicolaus Bely,male
310,Jacob Philips,male
311,Johannes Georg Dunckelberger,male
312,Johann Wagner,male
313,Johannes Wahry,male
314,Michael Druckenmiller,male
315,Nicolaus Hetrick,male
316,Daniel Dopfi,male
317,1803,unknown
318,Johannes Peter,male
319,Henrich Troutman,male
320,Andreas Erdman,male
321,Johannas Maurer,unknown
322,Petrus Hetterich,male
323,Benjamin Eister,male
324,(?) Weische,unknown
325,Mathias Herder,male
326,Johannes Knerr,male
327,1804,unknown
328,Philip Rauschkolb,male
329,Adam Ochlinger,male
330,Johannes Kohler,male
331,Johannes Eisenhart,male
332,Javob Grow,unknown
333,Johannes Rieth,male
334,Georg Schweinhart,male
335,Michael Katerman,male
336,Peter Brosius,male
337,Abraham Wenzel,male
338,Nicolaus Hederich,male
339,Henrich Stein,male
340,Andreas Harter,male
341,Johann Knarr,male
342,Andreas Geist,male
343,1805,unknown
344,Daniel Hoch,male
345,Mathias Harter,male
346,Michael Braun,male
347,Michael Ochsenreiter,male
348,Michael Jr Roth,male
349,Georg Muller,male
350,Johannes Adam Rebock,male
351,1806,unknown
352,Peter Schneider,male
353,Conrad Henssell,male
354,Jonathon Ried,male
355,Johannes Knarr,male
356,Jacob Yoder,male
357,Philip Hetterich,male
358,Nicholaus Hetterich,unknown
359,1807,unknown
360,Jacob Long,male
361,Mathias Heym,male
362,Jacob Heim,male
363,Lorentz Bachman,male
364,Johannes Gantzert,male
365,Jacob Falk,male
366,1808,unknown
367,Abraham Hoch,male
368,Adam Diffenbach,male
369,Nicolaus Reitz,male
370,Frederick Kehler,male
371,Georg Braun,male
372,Daniel Gentzert,male
373,Michael Oxenrider,male
374,Michael Sr Reitz,male
375,Jacob Reitz,male
376,Conrad Haupt,male
377,1809,unknown
378,Jacob Druckenmiller,male
379,Daniel Gantzert,male
380,Johannes Eckman,male
381,Peter Kiehl,male
382,Nichalaus Reitz,unknown
383,1810,unknown
384,Nicolaus Rehbock,male
385,Michael Jr Reitz,male
386,Daniel Kuster,male
387,Michael Hoch,male
388,1811,unknown
389,Conrath Rehbock,unknown
390,Peter Reitz,male
391,1812,unknown
392,Abraham Schneider,male
393,Daniel Genzert,male
394,1813,unknown
395,Absalon Adams,unknown
396,Johannes Nicolaus Reitz,male
397,1814,unknown
398,Jonathon Herbst,male
399,1815,unknown
400,Heinrich Rehbock,male
401,Georg Reitz,male
402,Abraham Adam,male
403,1816,unknown
404,Daniel Kiefer,male
405,Michael Ried,male
406,Adam Schmidt,male
407,Conrad Rehbock,male
408,Friederick Ressler,unknown
409,Michael Furst,male
410,Bertold Adam,male
411,Johannes Geist,male
412,David Gros,male
413,1817,unknown
414,Hannes Knerr,male
415,1818,unknown
416,Johann Delp,male
417,George Klinger,male
418,Philip Hedrick,male
419,Daniel Gansert,male
420,Michael Brosius,male
421,Michael Neiswender,male
422,Georg Rieth,male
423,Georg Trion,male
424,Martin Drumheller,male
425,Frederick Haupt,male
426,Georg Jr Delp,male
427,Gideon Adam,male
428,George Miller,male
429,Georg Paul,male
430,Abraham Rothermol,male
431,Michael Reith,male
432,Henrick Rehbock,male
433,Leonhart Kauffman,male
434,Berhard Adam,unknown
435,Georg Schneider,male
436,Michael Thomas,male
437,Daniel Beisel,male
438,Johannes Baum,male
439,Solomon Schankweiler,male
440,John Geist,male
441,Johann Knerr,male
442,Philip Haupt,male
443,Jacob Groh,male
444,Michael Furster,male
445,1819,unknown
446,Michael Hetterich,male
447,Daniel Gantzer,male
448,Michael Neuschwender,male
449,Leonhardt Kauffman,male
450,Conrad Feger,male
451,Adam Kreiligh,male
452,Samuel Ressler,male
453,George Berkhaus,male
454,1820,unknown
455,Bernhardt Adam,male
456,Jonas Ressler,male
457,Georg Jr Delb,male
458,Johannes Kiefer,male
459,John Reitz,male
460,Johannes Thomas,male
461,Godfried Jerger,male
462,Phillip Rehbock,male
463,Peter Furst,male
464,Peter Schafer,male
465,Jacob Falck,male
466,Ludwig Beierle,male
467,Abraham Rothermal,male
468,Samuel Schafer,male
469,Daniel Eister,male
470,Johannes Haupt,male
471,Fred Ressler,male
472,Benjamin Trion,male
473,Jacob Kroh,male
474,Johannes Reitz,male
475,Jacob Meyer,male
476,Peter Herb,male
477,1821,unknown
478,David Hess,male
479,Georg Jr Depp,male
480,Georg Berkhaus,male
481,Cutulius Beryle,unknown
482,Solomon Ressler,male
483,Jacob Beisel,male
484,Gottfried Rehbock,male
485,1822,unknown
486,Johann Reitz,male
487,Jones Ressler,male
488,Johann Geist,male
489,Samuel Schmidt,male
490,Georg Meier,male
491,Georg Ried,male
492,Georg Thomas,male
493,Absolom Adams,unknown
494,Bernhadt Adams,unknown
495,1823,unknown
496,John Baum,male
497,Heinrich Hartman Knobel,male
498,Johannes Schneider,male
499,Michael Trion,male
500,Jacob Berkhaus,male
501,Jonathon Heim,male
502,Jacob Hensel,male
503,1824,unknown
504,Johannes Eister,male
505,Jacob Seitz,male
506,Daniel Kieffer,male
507,Joseph Hoch,male
508,Samuel Reitz,male
509,Heinrich Hartman  Knobel,male
510,1825,unknown
511,David Druckenmiller,male
512,Heinrich Hauenstein,male
513,Georg Berckhaus,male
514,Michael Enderlein,male
515,Philip Hetterick,male
516,Michael Schmidt,male
517,Wilhelm Heckert,male
518,Berhart Adams,unknown
519,1826,unknown
520,Johannes Kieffer,male
521,Georg Delp,male
522,Henrich Hartman  Knobel,male
523,Mathias Horter,male
524,Johann Baum,male
525,Henrich Noll,male
526,Jacob Heckman,male
527,Johann Schneider,male
528,Nicolaus Drumheller,male
529,Bernhardt Rehbock,male
530,1827,unknown
531,Michael Hedrich,male
532,Christian Heinrich,male
533,Peter Geist,male
534,Philip Hederick,male
535,Georg Maier,male
536,Jacob Erdman,male
537,Solomon Schanckweiler,male
538,Gideon Adams,male
539,Johannes Busch,male
540,Daniel Kaufman,male
541,Johann Kiefer,male
542,Berhard Adams,unknown
543,1828,unknown
544,Gottfried Brosius,male
545,Lehnert Rehbock,unknown
546,Nickolaus Drumheller,unknown
547,Johann Griems,male
548,Daniel Kauffman,male
549,Georg Geist,male
550,Daniel Reitz,male
551,1829,unknown
552,Jonathon Reitz,male
553,Philip Reitz,male
554,David Uptman,male
555,William Groh,male
556,Johann Berckhauser,male
557,Johann Kiehl,male
558,Johann Rehbock,male
559,1830,unknown
560,Peter Hedrich,male
561,Jacob Hofman,male
562,Solomon Falck,male
563,Jonathon Schneider,male
564,Samuel Hetmann,male
565,Georg Eister,male
566,Heinrich Maier,male
567,Jacob Gantzer,male
568,Jacob Beissel,male
569,Daniel Kembel,male
570,1831,unknown
571,Philip Hersch,male
572,Georg Berckhauser,male
573,Peter Hedreich,male
574,Wilhelm Groh,male
575,1832,unknown
576,Samuel Kiehl,male
577,Johann Keifer,male
578,1833,unknown
579,Bernhard Adams,male
580,Georg Stein,male
581,William Hoffman,male
582,Nicolaus Adams,male
583,Solomon Kempel,male
584,Joseph Schneider,male
585,Samuel Geist,male
586,1834,unknown
587,Heinrich Dressler,male
588,Peter Thomas,male
589,Johann Berckenhauser,male
590,Georg Broun,male
591,Jonathon Hauck,male
592,Israel Fenstermacher,male
593,Johann Bopp,male
594,Jacob Wolfgang,male
595,David Schneider,male
596,Michael Tryon,male
597,1835,unknown
598,Bernhard Adam,male
599,Henrich Hostmann,male
600,Wende Latschaw,unknown
601,Johann Otto,male
602,Andreas Broun,male
603,Aaron Beeli,male
604,1836,unknown
605,Georg Cooper,male
606,John Schmick,male
607,William Grow,male
608,Samuel Heckman,male
609,Daniel Schneider,male
610,Johann Hedrich,male
611,Heinrich Reitz,male
612,Abraham Geist,male
613,Jacob Berkhauser,male
614,1837,unknown
615,Samuel Kauffman,male
616,1838,unknown
617,Johann Ulz,male
618,Michael Kiehl,male
619,Samuel Rehbock,male
620,Georg Brown,male
621,Daniel Erdman,male
622,Henrich Zerbe,male
623,Benjamin Knerr,male
624,Michael Bopp,male
625,Johann Cares,male
626,Georg Snyder,male
627,Joacob Baisel,unknown
628,Joseph Feger,male
629,Paulus Gerhard,male
630,Johann Latscha,male
631,Christian Horner,male
632,Georg Kooper,male
633,Peter Kieffer,male
634,William Kehres,male
635,1839,unknown
636,Daniel Kroh,male
637,David Maurer,male
638,Georg Krebs,male
639,Jacob Berckhauser,male
640,Abraham Deppen,male
641,Jonathon Lebo,male
642,Jonathon Smith,male
643,Peter Ried,male
644,1840,unknown
645,Jonathon Schreffler,male
646,Heinrich Bohner,male
647,John Schneider,male
648,Benjamon Knerr,unknown
649,Solomon Rossler,male
650,Samuel Ried,male
651,Jacob Welker,male
652,John Kiehl,male
653,Heinrich Hoffman,male
654,William Kroh,male
655,1841,unknown
656,John Daniel,male
657,Charles Rothermol,male
658,Peter Schmeid,male
659,Jacob Heddich,male
660,Daniel Holschum,male
661,Samuel Heim,male
662,Aaron Hose,male
663,Peter Braun,male
664,Daniel Grow,male
665,Jacob Kauffman,male
666,Henrich Bohner,male
667,Jonathon Schmid,male
668,Isaac Mortitz,male
669,1842,unknown
670,Daniel Knerr,male
671,Daniel Ried,male
672,William Kehries,male
673,Jacob Hoffa,male
674,Jacob Herb,male
675,John Latscha,male
676,Daniel Holtzchuh,male
677,John Schafer,male
678,Solomon Falk,male
679,1843,unknown
680,Anthony Schneider,male
681,Henrich Bahner,male
682,Henrich Mehlig,male
683,Abraham Teppy,male
684,Johann Kehler,male
685,DANIEL;  John,unknown
686,Johann Gansert,male
687,John Ulz,male
688,Daniel Heim,male
689,1844,unknown
690,Daniel Holzschun,male
691,Joseph Henninger,male
692,Aaron Hoffa,male
693,Peter Kobel,male
694,Daniel Faust,male
695,Daniel Zerbe,male
696,1845,unknown
697,Daniel Seiler,male
698,Johann Schaffer,male
699,Isaak Seiler,male
700,Henry Schroder,male
701,Peter Rehbock,male
702,Daniel Kiehl,male
703,1846,unknown
704,Daniel Holzchuh,male
705,Isaak Heim,male
706,Gottfried Schreffler,male
707,Maria Barbara Minniam,female
708,Parents (?) Binman,unknown
709,Johannes $ wife Rieth,male
710,Nicolaus &b wife Brosius,male
711,Magdalene Dunckelberger,female
