id,name
0,1774
1,Henrich Kobel 
2,John Nicolaus Hettrick 
3,Casper Kobel 
4,Johannes Phillips 
5,Peter Schmidt 
6,Henrich Baumgardener 
7,Valentine Rebock 
8,Daniel Kobel 
9,1775
10,Peter Fisher 
11,Georg Heim 
12,Johannes Ried 
13,Wilhelm Thompson 
14,Johannes Fisher 
15,Ludwig Schreyer 
16,Jacob Minniam 
17,Jacob Ochsenreiter 
18,Christoph Hetterich 
19,Nicol Hetterick 
20,Wilhelm Forster 
21,Henrich Kohler 
22,1776
23,Philip Kunselman 
24,George Furster 
25,Johannes Lips 
26,Johannes Miller 
27,Morte Burgart 
28,Daniel Kable 
29,Johannes Hendrick Schreckengast 
30,Peter Troutman 
31,1777
32,Georg Heym 
33,Philip Lofler 
34,HEYL(?):  Martin 
35,Elias Althaus 
36,Peter Furster 
37,Peter Albert 
38,Caspar Kobel 
39,Christ Dunkelberger 
40,William Thomson 
41,John George Furst 
42,1779
43,Johann Phillips 
44,Johan Bingeman 
45,1780
46,BROSIUS;  John Georg 
47,John Nicolaus Brosius 
48,Heinrich Kohler 
49,Wilhelm Forst 
50,Martin Zartman 
51,1781
52,Henrich Reitz 
53,Henry Groninger 
54,Michael Rohd 
55,1782
56,John (Henry) George Brosius 
57,Andreas Reitz 
58,John Georg Pfeiffer 
59,John George Jr Heim 
60,Mathias Winkelmann 
61,Conrad Nicolaus 
62,John George Borell 
63,Caspar Schneider 
64,Johannes Bingmann 
65,Philip Klinger 
66,Maria Catherine Hedtrick 
67,Michael Schaefer 
68,Peter Forster 
69,Leonhardt Kerstetter 
70,John Heim 
71,Henrich Groninger 
72,1783
73,Henrich Lofler 
74,Martin Zartmann 
75,Henrich Minniam 
76,Johan Leonhardt Kaufman 
77,John George Pfeiffer 
78,John Nicholas Hederich 
79,John Andreas Hederick 
80,Johannes Harter 
81,1784
82,George Krebs 
83,Michael Roth 
84,1785
85,Hendrick Groninger 
86,Adam Hederick 
87,Hendrick Minniam 
88,Christopf Dunkelberger 
89,George Pfeiffer 
90,Henrich Zartman 
91,George (Adam) Klinger 
92,Philip Auman 
93,Nicolaus Hederick 
94,Johannes Kreiss 
95,Johannes Hartter 
96,Michael Reitz 
97,Johannes Schafer 
98,Johannes Lofler 
99,Christoph Wenzel 
100,Johannes Bingamen 
101,Peter Zartman 
102,Johannes Heim 
103,John Nicolaus Prosius 
104,Jacob Stauch 
105,Michel Emerich 
106,1786
107,Jacob Hartter 
108,Thomas Dapson 
109,Christoph Dunkelberger 
110,Conrath Schreckengast 
111,James Ostman 
112,Michael Derck 
113,Peter Maurer 
114,John Jacob Prosius 
115,Henrich Schreckengast 
116,John George Furster 
117,1787
118,John Nicolaus Hederich 
119,Georg Schreckengast 
120,Christian Stutzman 
121,John Georg Schafer 
122,Christoph Henderich 
123,Henerich Miniam 
124,Leonhart Kaufman 
125,Johan Adam Rebock 
126,Gottfried Kremer 
127,Jacob Harter 
128,Heinrich Daniel 
129,Hann Georg Pfeiffer 
130,Johann Heim 
131,Peter Heim 
132,1788
133,Wilhelm Heim 
134,Valentin Britsch 
135,Bill Rosen 
136,Frederick Kobel 
137,Hannes Adam Rebock 
138,1789
139,Johannes George Pfeiffer 
140,Johannes Nicolaus Fredericks 
141,1790
142,Adam Rebock 
143,Henrich Daniels 
144,1791
145,Mathias Heim 
146,Johann Bingman 
147,Nicolaus Hedderick 
148,Georg Karl 
149,Henrich Miniam 
150,Michael Bauers 
151,1792
152,Philip Haupts 
153,Michael Rehbock 
154,Georg Brosius 
155,Johann Nicolaus Brosius 
156,Nicolaus Schneider 
157,Johannes Jacob Brosius 
158,Johannes Adam Rehbock 
159,Johannes Adam Schleich 
160,1793
161,Jacob Bauman 
162,Michael Durck 
163,Jacob Heddericks 
164,Samuel Clark 
165,Friederick Muller 
166,Georg Schafer 
167,Hannes Brosius 
168,Georg Pfeiffer 
169,Johannes Koppenheffer 
170,Daniel Rothermel 
171,Adam Hetterick 
172,Jacob Bingeman 
173,Henrich Kehler 
174,Bernert Kaufman 
175,Johannes Schneckengast 
176,Michael Rebock 
177,Jacob Herter 
178,1794
179,Johannes Brosius 
180,1795
181,Paul Bien 
182,Adam Schleich 
183,Jacob Rauninger 
184,Christian Leitner 
185,Michael Billman 
186,Philip Krick 
187,Johannes Strohschnitter 
188,Michael Wolfgang 
189,Peter Ressler 
190,Johannes Schreckengast 
191,Johannes Weixhen 
192,Johannes Roth 
193,Vallentin Britsch 
194,Georg Leonhardt Emrich 
195,Henrich Klock 
196,1796
197,Nicolaus Brosius 
198,Jacob Hetterich 
199,Michael Thill 
200,Conrath Haupt 
201,Adam Rehbock 
202,Johannes Maurer 
203,Michael Kopenhaffer 
204,Georg Greib 
205,Philip Dhill 
206,Christian Roth 
207,Jacob Eister 
208,Catarina Schreckengast 
209,Jacob Phillips 
210,Adam Hetterich 
211,1797
212,Abraham Brosius 
213,Peter Hetrich 
214,Anton Werrn 
215,Jacob Klock 
216,Friederich Rausch 
217,Lenert Kaufmann 
218,Johannes Hase 
219,Christoph Burkhart 
220,Lenhart Kerstetter 
221,Simon Scherman 
222,Gottfried Thomas 
223,Bennert Emrich 
224,Johann Orendorff 
225,Johann Schafer 
226,Jacob Austerly 
227,Mateias Kobenhaffer 
228,1798
229,Peter Schmitt 
230,Johannes Hebler 
231,Nicolaus  Schneider 
232,Jacob Traub 
233,Andreas Jr Geist 
234,Johannes Conrad Haupt 
235,Philip Borrell 
236,George Tolp 
237,Christian Kohl 
238,Georg Kehler 
239,Adam Hederich 
240,William Heim 
241,Paulus Bien 
242,John Philip Haupt 
243,1799
244,Christoph Berkhaus 
245,Jacob Hederich 
246,Jacob Reininger 
247,Peter Hederich 
248,Leonhard Emerich 
249,Christoph Roth 
250,Jacob Schmidt 
251,Peter Klock 
252,Johannes Strohschneider 
253,Christian Furster 
254,Lehnhart Kerstetter 
255,Andreas Sr Geist 
256,Christian Thomas 
257,Georg Delb 
258,Jacob Reinard 
259,Johannes Wagner 
260,Jacob Thomas 
261,Johannes Schaffer 
262,1800
263,Michael Kederman 
264,Johannes Kehler 
265,Philip Diehl 
266,Adam Heim 
267,Johannes Haas 
268,Johannes Derr 
269,Christoph Hebler 
270,DOFFY (?):  Baniel 
271,Johannes Koppenhaffer 
272,Jacob Philip 
273,Johannes Orendorff 
274,Georg Miller 
275,George Kehler 
276,Johannes Hepler 
277,Philip Borrel 
278,Jacob Esterlein 
279,Michael Wagner 
280,Nicolaus Hetterich 
281,Michael Broun 
282,Georg Furster 
283,1801
284,Christian Furst 
285,Christian Kobel 
286,Nicolaus Hetrich 
287,Daniel Toffy 
288,Christoph Burchaus 
289,Michael Paul 
290,Leonhart Kerstetter 
291,Henrich Haupt 
292,Leonhardt Kaufman 
293,Michael Kaderman 
294,Johann Stalman 
295,Christian Rieth 
296,Leonhardt Emrich 
297,Daniel Maurer 
298,Jacob Billman 
299,Jacob Hendricks 
300,Georg Schmidt 
301,Conrath Bopp 
302,Johannes Stehr 
303,Peter Magher 
304,Johann Derr 
305,Conrad Schreckengast 
306,Jacob Leitner 
307,1802
308,Jacob Schneider 
309,Johannes Nicolaus Bely 
310,Jacob Philips 
311,Johannes Georg Dunckelberger 
312,Johann Wagner 
313,Johannes Wahry 
314,Michael Druckenmiller 
315,Nicolaus Hetrick 
316,Daniel Dopfi 
317,1803
318,Johannes Peter 
319,Henrich Troutman 
320,Andreas Erdman 
321,Johannas Maurer 
322,Petrus Hetterich 
323,Benjamin Eister 
324,(?) Weische 
325,Mathias Herder 
326,Johannes Knerr 
327,1804
328,Philip Rauschkolb 
329,Adam Ochlinger 
330,Johannes Kohler 
331,Johannes Eisenhart 
332,Javob Grow 
333,Johannes Rieth 
334,Georg Schweinhart 
335,Michael Katerman 
336,Peter Brosius 
337,Abraham Wenzel 
338,Nicolaus Hederich 
339,Henrich Stein 
340,Andreas Harter 
341,Johann Knarr 
342,Andreas Geist 
343,1805
344,Daniel Hoch 
345,Mathias Harter 
346,Michael Braun 
347,Michael Ochsenreiter 
348,Michael Jr Roth 
349,Georg Muller 
350,Johannes Adam Rebock 
351,1806
352,Peter Schneider 
353,Conrad Henssell 
354,Jonathon Ried 
355,Johannes Knarr 
356,Jacob Yoder 
357,Philip Hetterich 
358,Nicholaus Hetterich 
359,1807
360,Jacob Long 
361,Mathias Heym 
362,Jacob Heim 
363,Lorentz Bachman 
364,Johannes Gantzert 
365,Jacob Falk 
366,1808
367,Abraham Hoch 
368,Adam Diffenbach 
369,Nicolaus Reitz 
370,Frederick Kehler 
371,Georg Braun 
372,Daniel Gentzert 
373,Michael Oxenrider 
374,Michael Sr Reitz 
375,Jacob Reitz 
376,Conrad Haupt 
377,1809
378,Jacob Druckenmiller 
379,Daniel Gantzert 
380,Johannes Eckman 
381,Peter Kiehl 
382,Nichalaus Reitz 
383,1810
384,Nicolaus Rehbock 
385,Michael Jr Reitz 
386,Daniel Kuster 
387,Michael Hoch 
388,1811
389,Conrath Rehbock 
390,Peter Reitz 
391,1812
392,Abraham Schneider 
393,Daniel Genzert 
394,1813
395,Absalon Adams 
396,Johannes Nicolaus Reitz 
397,1814
398,Jonathon Herbst 
399,1815
400,Heinrich Rehbock 
401,Georg Reitz 
402,Abraham Adam 
403,1816
404,Daniel Kiefer 
405,Michael Ried 
406,Adam Schmidt 
407,Conrad Rehbock 
408,Friederick Ressler 
409,Michael Furst 
410,Bertold Adam 
411,Johannes Geist 
412,David Gros 
413,1817
414,Hannes Knerr 
415,1818
416,Johann Delp 
417,George Klinger 
418,Philip Hedrick 
419,Daniel Gansert 
420,Michael Brosius 
421,Michael Neiswender 
422,Georg Rieth 
423,Georg Trion 
424,Martin Drumheller 
425,Frederick Haupt 
426,Georg Jr Delp 
427,Gideon Adam 
428,George Miller 
429,Georg Paul 
430,Abraham Rothermol 
431,Michael Reith 
432,Henrick Rehbock 
433,Leonhart Kauffman 
434,Berhard Adam 
435,Georg Schneider 
436,Michael Thomas 
437,Daniel Beisel 
438,Johannes Baum 
439,Solomon Schankweiler 
440,John Geist 
441,Johann Knerr 
442,Philip Haupt 
443,Jacob Groh 
444,Michael Furster 
445,1819
446,Michael Hetterich 
447,Daniel Gantzer 
448,Michael Neuschwender 
449,Leonhardt Kauffman 
450,Conrad Feger 
451,Adam Kreiligh 
452,Samuel Ressler 
453,George Berkhaus 
454,1820
455,Bernhardt Adam 
456,Jonas Ressler 
457,Georg Jr Delb 
458,Johannes Kiefer 
459,John Reitz 
460,Johannes Thomas 
461,Godfried Jerger 
462,Phillip Rehbock 
463,Peter Furst 
464,Peter Schafer 
465,Jacob Falck 
466,Ludwig Beierle 
467,Abraham Rothermal 
468,Samuel Schafer 
469,Daniel Eister 
470,Johannes Haupt 
471,Fred Ressler 
472,Benjamin Trion 
473,Jacob Kroh 
474,Johannes Reitz 
475,Jacob Meyer 
476,Peter Herb 
477,1821
478,David Hess 
479,Georg Jr Depp 
480,Georg Berkhaus 
481,Cutulius Beryle 
482,Solomon Ressler 
483,Jacob Beisel 
484,Gottfried Rehbock 
485,1822
486,Johann Reitz 
487,Jones Ressler 
488,Johann Geist 
489,Samuel Schmidt 
490,Georg Meier 
491,Georg Ried 
492,Georg Thomas 
493,Absolom Adams 
494,Bernhadt Adams 
495,1823
496,John Baum 
497,Heinrich Hartman Knobel 
498,Johannes Schneider 
499,Michael Trion 
500,Jacob Berkhaus 
501,Jonathon Heim 
502,Jacob Hensel 
503,1824
504,Johannes Eister 
505,Jacob Seitz 
506,Daniel Kieffer 
507,Joseph Hoch 
508,Samuel Reitz 
509,Heinrich Hartman  Knobel 
510,1825
511,David Druckenmiller 
512,Heinrich Hauenstein 
513,Georg Berckhaus 
514,Michael Enderlein 
515,Philip Hetterick 
516,Michael Schmidt 
517,Wilhelm Heckert 
518,Berhart Adams 
519,1826
520,Johannes Kieffer 
521,Georg Delp 
522,Henrich Hartman  Knobel 
523,Mathias Horter 
524,Johann Baum 
525,Henrich Noll 
526,Jacob Heckman 
527,Johann Schneider 
528,Nicolaus Drumheller 
529,Bernhardt Rehbock 
530,1827
531,Michael Hedrich 
532,Christian Heinrich 
533,Peter Geist 
534,Philip Hederick 
535,Georg Maier 
536,Jacob Erdman 
537,Solomon Schanckweiler 
538,Gideon Adams 
539,Johannes Busch 
540,Daniel Kaufman 
541,Johann Kiefer 
542,Berhard Adams 
543,1828
544,Gottfried Brosius 
545,Lehnert Rehbock 
546,Nickolaus Drumheller 
547,Johann Griems 
548,Daniel Kauffman 
549,Georg Geist 
550,Daniel Reitz 
551,1829
552,Jonathon Reitz 
553,Philip Reitz 
554,David Uptman 
555,William Groh 
556,Johann Berckhauser 
557,Johann Kiehl 
558,Johann Rehbock 
559,1830
560,Peter Hedrich 
561,Jacob Hofman 
562,Solomon Falck 
563,Jonathon Schneider 
564,Samuel Hetmann 
565,Georg Eister 
566,Heinrich Maier 
567,Jacob Gantzer 
568,Jacob Beissel 
569,Daniel Kembel 
570,1831
571,Philip Hersch 
572,Georg Berckhauser 
573,Peter Hedreich 
574,Wilhelm Groh 
575,1832
576,Samuel Kiehl 
577,Johann Keifer 
578,1833
579,Bernhard Adams 
580,Georg Stein 
581,William Hoffman 
582,Nicolaus Adams 
583,Solomon Kempel 
584,Joseph Schneider 
585,Samuel Geist 
586,1834
587,Heinrich Dressler 
588,Peter Thomas 
589,Johann Berckenhauser 
590,Georg Broun 
591,Jonathon Hauck 
592,Israel Fenstermacher 
593,Johann Bopp 
594,Jacob Wolfgang 
595,David Schneider 
596,Michael Tryon 
597,1835
598,Bernhard Adam 
599,Henrich Hostmann 
600,Wende Latschaw 
601,Johann Otto 
602,Andreas Broun 
603,Aaron Beeli 
604,1836
605,Georg Cooper 
606,John Schmick 
607,William Grow 
608,Samuel Heckman 
609,Daniel Schneider 
610,Johann Hedrich 
611,Heinrich Reitz 
612,Abraham Geist 
613,Jacob Berkhauser 
614,1837
615,Samuel Kauffman 
616,1838
617,Johann Ulz 
618,Michael Kiehl 
619,Samuel Rehbock 
620,Georg Brown 
621,Daniel Erdman 
622,Henrich Zerbe 
623,Benjamin Knerr 
624,Michael Bopp 
625,Johann Cares 
626,Georg Snyder 
627,Joacob Baisel 
628,Joseph Feger 
629,Paulus Gerhard 
630,Johann Latscha 
631,Christian Horner 
632,Georg Kooper 
633,Peter Kieffer 
634,William Kehres 
635,1839
636,Daniel Kroh 
637,David Maurer 
638,Georg Krebs 
639,Jacob Berckhauser 
640,Abraham Deppen 
641,Jonathon Lebo 
642,Jonathon Smith 
643,Peter Ried 
644,1840
645,Jonathon Schreffler 
646,Heinrich Bohner 
647,John Schneider 
648,Benjamon Knerr 
649,Solomon Rossler 
650,Samuel Ried 
651,Jacob Welker 
652,John Kiehl 
653,Heinrich Hoffman 
654,William Kroh 
655,1841
656,John Daniel 
657,Charles Rothermol 
658,Peter Schmeid 
659,Jacob Heddich 
660,Daniel Holschum 
661,Samuel Heim 
662,Aaron Hose 
663,Peter Braun 
664,Daniel Grow 
665,Jacob Kauffman 
666,Henrich Bohner 
667,Jonathon Schmid 
668,Isaac Mortitz 
669,1842
670,Daniel Knerr 
671,Daniel Ried 
672,William Kehries 
673,Jacob Hoffa 
674,Jacob Herb 
675,John Latscha 
676,Daniel Holtzchuh 
677,John Schafer 
678,Solomon Falk 
679,1843
680,Anthony Schneider 
681,Henrich Bahner 
682,Henrich Mehlig 
683,Abraham Teppy 
684,Johann Kehler 
685,DANIEL;  John 
686,Johann Gansert 
687,John Ulz 
688,Daniel Heim 
689,1844
690,Daniel Holzschun 
691,Joseph Henninger 
692,Aaron Hoffa 
693,Peter Kobel 
694,Daniel Faust 
695,Daniel Zerbe 
696,1845
697,Daniel Seiler 
698,Johann Schaffer 
699,Isaak Seiler 
700,Henry Schroder 
701,Peter Rehbock 
702,Daniel Kiehl 
703,1846
704,Daniel Holzchuh 
705,Isaak Heim 
706,Gottfried Schreffler 
707,Maria Barbara Minniam 
708,Parents (?) Binman 
709,Johannes $ wife Rieth 
710,Nicolaus &b wife Brosius 
711,Magdalene Dunckelberger 
