id,name,gender,race
0,1774,unknown,white
1,Henrich Kobel,male,white
2,John Nicolaus Hettrick,male,white
3,Casper Kobel,male,white
4,Johannes Phillips,male,white
5,Peter Schmidt,male,white
6,Henrich Baumgardener,male,white
7,Valentine Rebock,female,white
8,Daniel Kobel,male,white
9,1775,unknown,white
10,Peter Fisher,male,white
11,Georg Heim,male,white
12,Johannes Ried,male,white
13,Wilhelm Thompson,male,white
14,Johannes Fisher,male,white
15,Ludwig Schreyer,male,white
16,Jacob Minniam,male,white
17,Jacob Ochsenreiter,male,white
18,Christoph Hetterich,male,white
19,Nicol Hetterick,female,white
20,Wilhelm Forster,male,white
21,Henrich Kohler,male,white
22,1776,unknown,white
23,Philip Kunselman,male,white
24,George Furster,male,white
25,Johannes Lips,male,white
26,Johannes Miller,male,white
27,Morte Burgart,unknown,white
28,Daniel Kable,male,white
29,Johannes Hendrick Schreckengast,male,white
30,Peter Troutman,male,white
31,1777,unknown,white
32,Georg Heym,male,white
33,Philip Lofler,male,white
34,HEYL(?):  Martin,unknown,white
35,Elias Althaus,male,white
36,Peter Furster,male,white
37,Peter Albert,male,white
38,Caspar Kobel,male,white
39,Christ Dunkelberger,male,white
40,William Thomson,male,white
41,John George Furst,male,white
42,1779,unknown,white
43,Johann Phillips,male,white
44,Johan Bingeman,male,white
45,1780,unknown,white
46,BROSIUS;  John Georg,unknown,white
47,John Nicolaus Brosius,male,white
48,Heinrich Kohler,male,white
49,Wilhelm Forst,male,white
50,Martin Zartman,male,white
51,1781,unknown,white
52,Henrich Reitz,male,white
53,Henry Groninger,male,white
54,Michael Rohd,male,white
55,1782,unknown,white
56,John (Henry) George Brosius,male,white
57,Andreas Reitz,male,white
58,John Georg Pfeiffer,male,white
59,John George Jr Heim,male,white
60,Mathias Winkelmann,male,white
61,Conrad Nicolaus,male,white
62,John George Borell,male,white
63,Caspar Schneider,male,white
64,Johannes Bingmann,male,white
65,Philip Klinger,male,white
66,Maria Catherine Hedtrick,female,white
67,Michael Schaefer,male,white
68,Peter Forster,male,white
69,Leonhardt Kerstetter,male,white
70,John Heim,male,white
71,Henrich Groninger,male,white
72,1783,unknown,white
73,Henrich Lofler,male,white
74,Martin Zartmann,male,white
75,Henrich Minniam,male,white
76,Johan Leonhardt Kaufman,male,white
77,John George Pfeiffer,male,white
78,John Nicholas Hederich,male,white
79,John Andreas Hederick,male,white
80,Johannes Harter,male,white
81,1784,unknown,white
82,George Krebs,male,white
83,Michael Roth,male,white
84,1785,unknown,white
85,Hendrick Groninger,male,white
86,Adam Hederick,male,white
87,Hendrick Minniam,male,white
88,Christopf Dunkelberger,unknown,white
89,George Pfeiffer,male,white
90,Henrich Zartman,male,white
91,George (Adam) Klinger,male,white
92,Philip Auman,male,white
93,Nicolaus Hederick,male,white
94,Johannes Kreiss,male,white
95,Johannes Hartter,male,white
96,Michael Reitz,male,white
97,Johannes Schafer,male,white
98,Johannes Lofler,male,white
99,Christoph Wenzel,male,white
100,Johannes Bingamen,male,white
101,Peter Zartman,male,white
102,Johannes Heim,male,white
103,John Nicolaus Prosius,male,white
104,Jacob Stauch,male,white
105,Michel Emerich,male,white
106,1786,unknown,white
107,Jacob Hartter,male,white
108,Thomas Dapson,male,white
109,Christoph Dunkelberger,male,white
110,Conrath Schreckengast,unknown,white
111,James Ostman,male,white
112,Michael Derck,male,white
113,Peter Maurer,male,white
114,John Jacob Prosius,male,white
115,Henrich Schreckengast,male,white
116,John George Furster,male,white
117,1787,unknown,white
118,John Nicolaus Hederich,male,white
119,Georg Schreckengast,male,white
120,Christian Stutzman,male,white
121,John Georg Schafer,male,white
122,Christoph Henderich,male,white
123,Henerich Miniam,male,white
124,Leonhart Kaufman,male,white
125,Johan Adam Rebock,male,white
126,Gottfried Kremer,male,white
127,Jacob Harter,male,white
128,Heinrich Daniel,male,white
129,Hann Georg Pfeiffer,unknown,white
130,Johann Heim,male,white
131,Peter Heim,male,white
132,1788,unknown,white
133,Wilhelm Heim,male,white
134,Valentin Britsch,male,white
135,Bill Rosen,male,white
136,Frederick Kobel,male,white
137,Hannes Adam Rebock,male,white
138,1789,unknown,white
139,Johannes George Pfeiffer,male,white
140,Johannes Nicolaus Fredericks,male,white
141,1790,unknown,white
142,Adam Rebock,male,white
143,Henrich Daniels,male,white
144,1791,unknown,white
145,Mathias Heim,male,white
146,Johann Bingman,male,white
147,Nicolaus Hedderick,male,white
148,Georg Karl,male,white
149,Henrich Miniam,male,white
150,Michael Bauers,male,white
151,1792,unknown,white
152,Philip Haupts,male,white
153,Michael Rehbock,male,white
154,Georg Brosius,male,white
155,Johann Nicolaus Brosius,male,white
156,Nicolaus Schneider,male,white
157,Johannes Jacob Brosius,male,white
158,Johannes Adam Rehbock,male,white
159,Johannes Adam Schleich,male,white
160,1793,unknown,white
161,Jacob Bauman,male,white
162,Michael Durck,male,white
163,Jacob Heddericks,male,white
164,Samuel Clark,male,white
165,Friederick Muller,male,white
166,Georg Schafer,male,white
167,Hannes Brosius,male,white
168,Georg Pfeiffer,male,white
169,Johannes Koppenheffer,male,white
170,Daniel Rothermel,male,white
171,Adam Hetterick,male,white
172,Jacob Bingeman,male,white
173,Henrich Kehler,male,white
174,Bernert Kaufman,unknown,white
175,Johannes Schneckengast,male,white
176,Michael Rebock,male,white
177,Jacob Herter,male,white
178,1794,unknown,white
179,Johannes Brosius,male,white
180,1795,unknown,white
181,Paul Bien,male,white
182,Adam Schleich,male,white
183,Jacob Rauninger,male,white
184,Christian Leitner,male,white
185,Michael Billman,male,white
186,Philip Krick,male,white
187,Johannes Strohschnitter,male,white
188,Michael Wolfgang,male,white
189,Peter Ressler,male,white
190,Johannes Schreckengast,male,white
191,Johannes Weixhen,male,white
192,Johannes Roth,male,white
193,Vallentin Britsch,male,white
194,Georg Leonhardt Emrich,male,white
195,Henrich Klock,male,white
196,1796,unknown,white
197,Nicolaus Brosius,male,white
198,Jacob Hetterich,male,white
199,Michael Thill,male,white
200,Conrath Haupt,unknown,white
201,Adam Rehbock,male,white
202,Johannes Maurer,male,white
203,Michael Kopenhaffer,male,white
204,Georg Greib,male,white
205,Philip Dhill,male,white
206,Christian Roth,male,white
207,Jacob Eister,male,white
208,Catarina Schreckengast,female,white
209,Jacob Phillips,male,white
210,Adam Hetterich,male,white
211,1797,unknown,white
212,Abraham Brosius,male,white
213,Peter Hetrich,male,white
214,Anton Werrn,male,white
215,Jacob Klock,male,white
216,Friederich Rausch,male,white
217,Lenert Kaufmann,male,white
218,Johannes Hase,male,white
219,Christoph Burkhart,male,white
220,Lenhart Kerstetter,unknown,white
221,Simon Scherman,male,white
222,Gottfried Thomas,male,white
223,Bennert Emrich,unknown,white
224,Johann Orendorff,male,white
225,Johann Schafer,male,white
226,Jacob Austerly,male,white
227,Mateias Kobenhaffer,unknown,white
228,1798,unknown,white
229,Peter Schmitt,male,white
230,Johannes Hebler,male,white
231,Nicolaus  Schneider,male,white
232,Jacob Traub,male,white
233,Andreas Jr Geist,male,white
234,Johannes Conrad Haupt,male,white
235,Philip Borrell,male,white
236,George Tolp,male,white
237,Christian Kohl,male,white
238,Georg Kehler,male,white
239,Adam Hederich,male,white
240,William Heim,male,white
241,Paulus Bien,male,white
242,John Philip Haupt,male,white
243,1799,unknown,white
244,Christoph Berkhaus,male,white
245,Jacob Hederich,male,white
246,Jacob Reininger,male,white
247,Peter Hederich,male,white
248,Leonhard Emerich,male,white
249,Christoph Roth,male,white
250,Jacob Schmidt,male,white
251,Peter Klock,male,white
252,Johannes Strohschneider,male,white
253,Christian Furster,male,white
254,Lehnhart Kerstetter,unknown,white
255,Andreas Sr Geist,male,white
256,Christian Thomas,male,white
257,Georg Delb,male,white
258,Jacob Reinard,male,white
259,Johannes Wagner,male,white
260,Jacob Thomas,male,white
261,Johannes Schaffer,male,white
262,1800,unknown,white
263,Michael Kederman,male,white
264,Johannes Kehler,male,white
265,Philip Diehl,male,white
266,Adam Heim,male,white
267,Johannes Haas,male,white
268,Johannes Derr,male,white
269,Christoph Hebler,male,white
270,DOFFY (?):  Baniel,unknown,white
271,Johannes Koppenhaffer,male,white
272,Jacob Philip,male,white
273,Johannes Orendorff,male,white
274,Georg Miller,male,white
275,George Kehler,male,white
276,Johannes Hepler,male,white
277,Philip Borrel,male,white
278,Jacob Esterlein,male,white
279,Michael Wagner,male,white
280,Nicolaus Hetterich,male,white
281,Michael Broun,male,white
282,Georg Furster,male,white
283,1801,unknown,white
284,Christian Furst,male,white
285,Christian Kobel,male,white
286,Nicolaus Hetrich,male,white
287,Daniel Toffy,male,white
288,Christoph Burchaus,male,white
289,Michael Paul,male,white
290,Leonhart Kerstetter,male,white
291,Henrich Haupt,male,white
292,Leonhardt Kaufman,male,white
293,Michael Kaderman,male,white
294,Johann Stalman,male,white
295,Christian Rieth,male,white
296,Leonhardt Emrich,male,white
297,Daniel Maurer,male,white
298,Jacob Billman,male,white
299,Jacob Hendricks,male,white
300,Georg Schmidt,male,white
301,Conrath Bopp,unknown,white
302,Johannes Stehr,male,white
303,Peter Magher,male,white
304,Johann Derr,male,white
305,Conrad Schreckengast,male,white
306,Jacob Leitner,male,white
307,1802,unknown,white
308,Jacob Schneider,male,white
309,Johannes Nicolaus Bely,male,white
310,Jacob Philips,male,white
311,Johannes Georg Dunckelberger,male,white
312,Johann Wagner,male,white
313,Johannes Wahry,male,white
314,Michael Druckenmiller,male,white
315,Nicolaus Hetrick,male,white
316,Daniel Dopfi,male,white
317,1803,unknown,white
318,Johannes Peter,male,white
319,Henrich Troutman,male,white
320,Andreas Erdman,male,white
321,Johannas Maurer,unknown,white
322,Petrus Hetterich,male,white
323,Benjamin Eister,male,white
324,(?) Weische,unknown,white
325,Mathias Herder,male,white
326,Johannes Knerr,male,white
327,1804,unknown,white
328,Philip Rauschkolb,male,white
329,Adam Ochlinger,male,white
330,Johannes Kohler,male,white
331,Johannes Eisenhart,male,white
332,Javob Grow,unknown,white
333,Johannes Rieth,male,white
334,Georg Schweinhart,male,white
335,Michael Katerman,male,white
336,Peter Brosius,male,white
337,Abraham Wenzel,male,white
338,Nicolaus Hederich,male,white
339,Henrich Stein,male,white
340,Andreas Harter,male,white
341,Johann Knarr,male,white
342,Andreas Geist,male,white
343,1805,unknown,white
344,Daniel Hoch,male,white
345,Mathias Harter,male,white
346,Michael Braun,male,white
347,Michael Ochsenreiter,male,white
348,Michael Jr Roth,male,white
349,Georg Muller,male,white
350,Johannes Adam Rebock,male,white
351,1806,unknown,white
352,Peter Schneider,male,white
353,Conrad Henssell,male,white
354,Jonathon Ried,male,white
355,Johannes Knarr,male,white
356,Jacob Yoder,male,white
357,Philip Hetterich,male,white
358,Nicholaus Hetterich,unknown,white
359,1807,unknown,white
360,Jacob Long,male,white
361,Mathias Heym,male,white
362,Jacob Heim,male,white
363,Lorentz Bachman,male,white
364,Johannes Gantzert,male,white
365,Jacob Falk,male,white
366,1808,unknown,white
367,Abraham Hoch,male,white
368,Adam Diffenbach,male,white
369,Nicolaus Reitz,male,white
370,Frederick Kehler,male,white
371,Georg Braun,male,white
372,Daniel Gentzert,male,white
373,Michael Oxenrider,male,white
374,Michael Sr Reitz,male,white
375,Jacob Reitz,male,white
376,Conrad Haupt,male,white
377,1809,unknown,white
378,Jacob Druckenmiller,male,white
379,Daniel Gantzert,male,white
380,Johannes Eckman,male,white
381,Peter Kiehl,male,white
382,Nichalaus Reitz,unknown,white
383,1810,unknown,white
384,Nicolaus Rehbock,male,white
385,Michael Jr Reitz,male,white
386,Daniel Kuster,male,white
387,Michael Hoch,male,white
388,1811,unknown,white
389,Conrath Rehbock,unknown,white
390,Peter Reitz,male,white
391,1812,unknown,white
392,Abraham Schneider,male,white
393,Daniel Genzert,male,white
394,1813,unknown,white
395,Absalon Adams,unknown,white
396,Johannes Nicolaus Reitz,male,white
397,1814,unknown,white
398,Jonathon Herbst,male,white
399,1815,unknown,white
400,Heinrich Rehbock,male,white
401,Georg Reitz,male,white
402,Abraham Adam,male,white
403,1816,unknown,white
404,Daniel Kiefer,male,white
405,Michael Ried,male,white
406,Adam Schmidt,male,white
407,Conrad Rehbock,male,white
408,Friederick Ressler,male,white
409,Michael Furst,male,white
410,Bertold Adam,male,white
411,Johannes Geist,male,white
412,David Gros,male,white
413,1817,unknown,white
414,Hannes Knerr,male,white
415,1818,unknown,white
416,Johann Delp,male,white
417,George Klinger,male,white
418,Philip Hedrick,male,white
419,Daniel Gansert,male,white
420,Michael Brosius,male,white
421,Michael Neiswender,male,white
422,Georg Rieth,male,white
423,Georg Trion,male,white
424,Martin Drumheller,male,white
425,Frederick Haupt,male,white
426,Georg Jr Delp,male,white
427,Gideon Adam,male,white
428,George Miller,male,white
429,Georg Paul,male,white
430,Abraham Rothermol,male,white
431,Michael Reith,male,white
432,Henrick Rehbock,male,white
433,Leonhart Kauffman,male,white
434,Berhard Adam,unknown,white
435,Georg Schneider,male,white
436,Michael Thomas,male,white
437,Daniel Beisel,male,white
438,Johannes Baum,male,white
439,Solomon Schankweiler,male,white
440,John Geist,male,white
441,Johann Knerr,male,white
442,Philip Haupt,male,white
443,Jacob Groh,male,white
444,Michael Furster,male,white
445,1819,unknown,white
446,Michael Hetterich,male,white
447,Daniel Gantzer,male,white
448,Michael Neuschwender,male,white
449,Leonhardt Kauffman,male,white
450,Conrad Feger,male,white
451,Adam Kreiligh,male,white
452,Samuel Ressler,male,white
453,George Berkhaus,male,white
454,1820,unknown,white
455,Bernhardt Adam,male,white
456,Jonas Ressler,male,white
457,Georg Jr Delb,male,white
458,Johannes Kiefer,male,white
459,John Reitz,male,white
460,Johannes Thomas,male,white
461,Godfried Jerger,male,white
462,Phillip Rehbock,male,white
463,Peter Furst,male,white
464,Peter Schafer,male,white
465,Jacob Falck,male,white
466,Ludwig Beierle,male,white
467,Abraham Rothermal,male,white
468,Samuel Schafer,male,white
469,Daniel Eister,male,white
470,Johannes Haupt,male,white
471,Fred Ressler,male,white
472,Benjamin Trion,male,white
473,Jacob Kroh,male,white
474,Johannes Reitz,male,white
475,Jacob Meyer,male,white
476,Peter Herb,male,white
477,1821,unknown,white
478,David Hess,male,white
479,Georg Jr Depp,male,white
480,Georg Berkhaus,male,white
481,Cutulius Beryle,unknown,white
482,Solomon Ressler,male,white
483,Jacob Beisel,male,white
484,Gottfried Rehbock,male,white
485,1822,unknown,white
486,Johann Reitz,male,white
487,Jones Ressler,male,white
488,Johann Geist,male,white
489,Samuel Schmidt,male,white
490,Georg Meier,male,white
491,Georg Ried,male,white
492,Georg Thomas,male,white
493,Absolom Adams,unknown,white
494,Bernhadt Adams,unknown,white
495,1823,unknown,white
496,John Baum,male,white
497,Heinrich Hartman Knobel,male,white
498,Johannes Schneider,male,white
499,Michael Trion,male,white
500,Jacob Berkhaus,male,white
501,Jonathon Heim,male,white
502,Jacob Hensel,male,white
503,1824,unknown,white
504,Johannes Eister,male,white
505,Jacob Seitz,male,white
506,Daniel Kieffer,male,white
507,Joseph Hoch,male,white
508,Samuel Reitz,male,white
509,Heinrich Hartman  Knobel,male,white
510,1825,unknown,white
511,David Druckenmiller,male,white
512,Heinrich Hauenstein,male,white
513,Georg Berckhaus,male,white
514,Michael Enderlein,male,white
515,Philip Hetterick,male,white
516,Michael Schmidt,male,white
517,Wilhelm Heckert,male,white
518,Berhart Adams,unknown,white
519,1826,unknown,white
520,Johannes Kieffer,male,white
521,Georg Delp,male,white
522,Henrich Hartman  Knobel,male,white
523,Mathias Horter,male,white
524,Johann Baum,male,white
525,Henrich Noll,male,white
526,Jacob Heckman,male,white
527,Johann Schneider,male,white
528,Nicolaus Drumheller,male,white
529,Bernhardt Rehbock,male,white
530,1827,unknown,white
531,Michael Hedrich,male,white
532,Christian Heinrich,male,white
533,Peter Geist,male,white
534,Philip Hederick,male,white
535,Georg Maier,male,white
536,Jacob Erdman,male,white
537,Solomon Schanckweiler,male,white
538,Gideon Adams,male,white
539,Johannes Busch,male,white
540,Daniel Kaufman,male,white
541,Johann Kiefer,male,white
542,Berhard Adams,unknown,white
543,1828,unknown,white
544,Gottfried Brosius,male,white
545,Lehnert Rehbock,unknown,white
546,Nickolaus Drumheller,unknown,white
547,Johann Griems,male,white
548,Daniel Kauffman,male,white
549,Georg Geist,male,white
550,Daniel Reitz,male,white
551,1829,unknown,white
552,Jonathon Reitz,male,white
553,Philip Reitz,male,white
554,David Uptman,male,white
555,William Groh,male,white
556,Johann Berckhauser,male,white
557,Johann Kiehl,male,white
558,Johann Rehbock,male,white
559,1830,unknown,white
560,Peter Hedrich,male,white
561,Jacob Hofman,male,white
562,Solomon Falck,male,white
563,Jonathon Schneider,male,white
564,Samuel Hetmann,male,white
565,Georg Eister,male,white
566,Heinrich Maier,male,white
567,Jacob Gantzer,male,white
568,Jacob Beissel,male,white
569,Daniel Kembel,male,white
570,1831,unknown,white
571,Philip Hersch,male,white
572,Georg Berckhauser,male,white
573,Peter Hedreich,male,white
574,Wilhelm Groh,male,white
575,1832,unknown,white
576,Samuel Kiehl,male,white
577,Johann Keifer,male,white
578,1833,unknown,white
579,Bernhard Adams,male,white
580,Georg Stein,male,white
581,William Hoffman,male,white
582,Nicolaus Adams,male,white
583,Solomon Kempel,male,white
584,Joseph Schneider,male,white
585,Samuel Geist,male,white
586,1834,unknown,white
587,Heinrich Dressler,male,white
588,Peter Thomas,male,white
589,Johann Berckenhauser,male,white
590,Georg Broun,male,white
591,Jonathon Hauck,male,white
592,Israel Fenstermacher,male,white
593,Johann Bopp,male,white
594,Jacob Wolfgang,male,white
595,David Schneider,male,white
596,Michael Tryon,male,white
597,1835,unknown,white
598,Bernhard Adam,male,white
599,Henrich Hostmann,male,white
600,Wende Latschaw,unknown,white
601,Johann Otto,male,white
602,Andreas Broun,male,white
603,Aaron Beeli,male,white
604,1836,unknown,white
605,Georg Cooper,male,white
606,John Schmick,male,white
607,William Grow,male,white
608,Samuel Heckman,male,white
609,Daniel Schneider,male,white
610,Johann Hedrich,male,white
611,Heinrich Reitz,male,white
612,Abraham Geist,male,white
613,Jacob Berkhauser,male,white
614,1837,unknown,white
615,Samuel Kauffman,male,white
616,1838,unknown,white
617,Johann Ulz,male,white
618,Michael Kiehl,male,white
619,Samuel Rehbock,male,white
620,Georg Brown,male,white
621,Daniel Erdman,male,white
622,Henrich Zerbe,male,white
623,Benjamin Knerr,male,white
624,Michael Bopp,male,white
625,Johann Cares,male,white
626,Georg Snyder,male,white
627,Joacob Baisel,unknown,white
628,Joseph Feger,male,white
629,Paulus Gerhard,male,white
630,Johann Latscha,male,white
631,Christian Horner,male,white
632,Georg Kooper,male,white
633,Peter Kieffer,male,white
634,William Kehres,male,white
635,1839,unknown,white
636,Daniel Kroh,male,white
637,David Maurer,male,white
638,Georg Krebs,male,white
639,Jacob Berckhauser,male,white
640,Abraham Deppen,male,white
641,Jonathon Lebo,male,white
642,Jonathon Smith,male,white
643,Peter Ried,male,white
644,1840,unknown,white
645,Jonathon Schreffler,male,white
646,Heinrich Bohner,male,white
647,John Schneider,male,white
648,Benjamon Knerr,unknown,white
649,Solomon Rossler,male,white
650,Samuel Ried,male,white
651,Jacob Welker,male,white
652,John Kiehl,male,white
653,Heinrich Hoffman,male,white
654,William Kroh,male,white
655,1841,unknown,white
656,John Daniel,male,white
657,Charles Rothermol,male,white
658,Peter Schmeid,male,white
659,Jacob Heddich,male,white
660,Daniel Holschum,male,white
661,Samuel Heim,male,white
662,Aaron Hose,male,white
663,Peter Braun,male,white
664,Daniel Grow,male,white
665,Jacob Kauffman,male,white
666,Henrich Bohner,male,white
667,Jonathon Schmid,male,white
668,Isaac Mortitz,male,white
669,1842,unknown,white
670,Daniel Knerr,male,white
671,Daniel Ried,male,white
672,William Kehries,male,white
673,Jacob Hoffa,male,white
674,Jacob Herb,male,white
675,John Latscha,male,white
676,Daniel Holtzchuh,male,white
677,John Schafer,male,white
678,Solomon Falk,male,white
679,1843,unknown,white
680,Anthony Schneider,male,white
681,Henrich Bahner,male,white
682,Henrich Mehlig,male,white
683,Abraham Teppy,male,white
684,Johann Kehler,male,white
685,DANIEL;  John,unknown,white
686,Johann Gansert,male,white
687,John Ulz,male,white
688,Daniel Heim,male,white
689,1844,unknown,white
690,Daniel Holzschun,male,white
691,Joseph Henninger,male,white
692,Aaron Hoffa,male,white
693,Peter Kobel,male,white
694,Daniel Faust,male,white
695,Daniel Zerbe,male,white
696,1845,unknown,white
697,Daniel Seiler,male,white
698,Johann Schaffer,male,white
699,Isaak Seiler,male,white
700,Henry Schroder,male,white
701,Peter Rehbock,male,white
702,Daniel Kiehl,male,white
703,1846,unknown,white
704,Daniel Holzchuh,male,white
705,Isaak Heim,male,white
706,Gottfried Schreffler,male,white
707,Maria Barbara Minniam,female,white
708,Parents (?) Binman,unknown,white
709,Johannes $ wife Rieth,male,white
710,Nicolaus &b wife Brosius,male,white
711,Magdalene Dunckelberger,female,white
