id,name,gender,race
0,Jacob  Zeiter,male,white
1,Jacob  Albrecht,male,white
2,Gottlieb David Ettle,male,white
3,Michael  Kessinger,male,white
4,Ulrich  Hubscher,male,white
5,Frederick  Hummel,male,white
6,Simon  Bauer,male,white
7,Franz  Newcome,male,white
8,John Conrad Wolfley,male,white
9,Jacob  Lenz,male,white
10,John  Armbruster,male,white
11,George  Slener,male,white
12,Johannes  Deiss,male,white
13,George  Brumbach,male,white
14,Daniel  Braun,male,white
15,George  Schuz,male,white
16,Conrad  Wolffie,male,white
17,John  Wunderich,male,white
18,J Dietrich Morrell,unknown,white
19,Johannes  Leruh,male,white
20,John  Newcomer,male,white
21,Michael Huber Jr,male,white
22,Mattheus  Wenner,male,white
23,Jacob  Schutz,male,white
24,Peter  Spengler,male,white
25,George  Bombach,male,white
26,John Henry Retzel,male,white
27,Philip  Fishburn,male,white
28,John  Braun,male,white
29,Michael  Fensel,male,white
30,William  Denn,male,white
31,Christofel  Mauz,male,white
32,Vincent  Kieffer,male,white
33,Philip  Genter,male,white
34,Christian  Alleman,male,white
35,George  Fry,male,white
36,Philip  Parthemer,male,white
37,John  Boresch,male,white
38,Philip  Gunther,male,white
39,Michael  Gansle,male,white
40,Adam  Delker,male,white
41,Melchior  Flerspach,male,white
42,Christofel  Shupp,male,white
43,John Adam Keller,male,white
44,Michael  Cassel,male,white
45,Frederick  Cassel,male,white
46,Jacob  Baumann,male,white
47,Geo  Gross,male,white
48,Michael  Bolty,male,white
49,Andrew  Viele,male,white
50,Chrisitan  Alleman,unknown,white
51,Conrad  Wolfley,male,white
52,J  Cassel,unknown,white
53,John  Deiss,male,white
54,J  Newcomer,unknown,white
55,Frederick  Forster,male,white
56,Witness Phillip Fisher,unknown,white
57,Mattheus  Stoll,male,white
58,Maxim Hian Speidel,male,white
59,Joseph  Kernanne,male,white
60,Frederick  Morrell,male,white
61,Ludwig  Trabler,male,white
62,Witness John Phillip Gunter,unknown,white
63,Antoine  Blessle,male,white
64,John  Kristler,male,white
65,Wife Of Frederick Hummel,female,white
66,Peter  Gunther,male,white
67,Christopher  Jesupp,male,white
68,Geo Jacob Bolty,male,white
69,Michael  Dauckmann,male,white
70,John  Cassel,male,white
71,Philip  Bolty,male,white
72,John Peitrich Morrell,male,white
73,Henry  Mayer,male,white
74,Nicholas  Cassel,male,white
75,Antoine  Kermanne,male,white
76,Witness John Kermanne,unknown,white
77,Wm  Stricker,unknown,white
78,Ludwig  Beel,male,white
79,John Peter Gunter,male,white
80,Antoine  Blessing,male,white
81,Jacob  Leny,male,white
82,Philip  Fisher,male,white
83,Joseph  Gennanne,male,white
84,John  Corbin,male,white
85,Mckallens,unknown,white
86,Ludwig  Traber,male,white
87,Rudolph  Baab,male,white
88,Adam  Waler,male,white
89,John  Unschild,male,white
90,Jacob  Speidel,male,white
91,Nicholas  Staud,male,white
92,George John Weeber,male,white
93,John  Huber,male,white
94,Charles  Williams,male,white
95,John  Albrecht,male,white
96,Jacob  Burkhard,male,white
97,Wife Of Philip Fishburn,female,white
98,Antoine  Hemperly,male,white
99,Peter  Uehler,male,white
100,Antoine  Ochler,male,white
101,John Adam Schneider,male,white
102,John  Boretsch,male,white
103,Jacob  Koenig,male,white
104,Adam  Mayer,male,white
105,Frederick  Foster,male,white
106,Dietrich  Morrell,male,white
107,Antoine  Uehler,male,white
108,Jacob  Mater,male,white
109,John  Mater,male,white
110,Frederick,unknown,white
111,Henry  Scheffer,male,white
112,Peter  Bucks,male,white
113,George  Bauer,male,white
114,Caspar,unknown,white
115,Joseph  Yoder,male,white
116,Peter  Pfannenkuchen,male,white
117,Henry  Ditzel,male,white
118,John  Kermanne,male,white
119,Antoine  Blessie,male,white
120,Wife Of Anthony Blessie,female,white
121,Joseph  Kermanne,male,white
122,Antoine  Corbin,male,white
123,Michael  Kermanne,male,white
124,John Martin Collmer,male,white
125,John  Goez,male,white
126,John Henry Lampert,male,white
127,John Eberhard Kettering Catharine D,male,white
128,Frederick  Stoll,male,white
129,Nicholas  Bass,male,white
130,Michael  Deebler,male,white
131,Maximilian  Speidel,male,white
132,Maximilian Speidel Jr,male,white
133,Frederick  Eberhard,male,white
134,Maximilian Speidel Sr,male,white
135,Margriet  Speidel,female,white
136,Margriet Elizabeth Stoll,female,white
137,Jacob  Kettering,male,white
138,Jacob Bettering,male,white
139,Henry  Krieger,male,white
140,Maria  Ditzel,female,white
141,Margriet  Fishburn,female,white
142,Henry,unknown,white
143,George  Shupp,male,white
144,Louisa  Shupp,female,white
145,Augustine  Stoll,female,white
146,Anna Elizabeth Stoll,female,white
147,David  Fromin,male,white
148,Rosina  Fromin,female,white
149,William  Crabb,male,white
150,Catharina  Crabb,female,white
151,John George Bucks,male,white
152,Elizabeth  Bucks,female,white
153,Max  Speidel,male,white
154,Jacob,unknown,white
155,John  Bucks,male,white
156,Margriet  Bucks,female,white
157,Peter,unknown,white
158,John  Blessing,male,white
159,Catharina  Blessing,female,white
160,Barbara  Speidel,female,white
161,Philip  Blessing,male,white
162,Magdalena  Blessing,female,white
163,John Peter Bucks,male,white
164,Wife Of John Peter Bucks,female,white
165,Robert  Carnicken,male,white
166,Maria  Carnicken,female,white
167,John  Schneider,male,white
168,Maria Magdalena Schneider,female,white
169,Mattheus  Sesseman,male,white
170,Esther  Sesseman,female,white
171,James M Christel,male,white
172,Catharina  Christel,female,white
173,John  Fromin,male,white
174,Magdalena  Fromin,female,white
175,John  Smith,male,white
176,Susannah  Smith,female,white
177,William  Hamilton,male,white
178,Margriet  Hamilton,female,white
179,William  Thompson,male,white
180,Hannah  Thompson,female,white
181,Henry  Haack,male,white
182,Magdalena  Haack,female,white
183,Molly  Fromin,female,white
184,Jonathan  Miller,male,white
185,Maria  Miller,female,white
186,Jacob  Miller,male,white
187,Catharina  Miller,female,white
188,Adam  Carper,male,white
189,Catharina  Carper,female,white
190,George  Ellinger,male,white
191,Barbara  Ellinger,female,white
192,Ludwig  Clopper,male,white
193,Barbara  Clopper,female,white
194,George  Grun,male,white
195,Nancy  Grun,female,white
196,Maria  Schneider,female,white
197,Michael  Wolz,male,white
198,Maria  Wolz,female,white
199,Witness Catharine Wolz,unknown,white
200,Christian  Blessing,male,white
201,Ludwig  Koppa,male,white
202,Barbara  Koppa,female,white
203,Robert  Cunningham,male,white
204,Maria  Cunningham,female,white
205,Charles  Grunden,male,white
206,Magdalena  Grunden,female,white
207,Adam  Koph,male,white
208,Nancy  Koph,female,white
209,Frederick  Blessing,male,white
210,Elizabeth  Blessing,female,white
211,Jacob  Camp,male,white
212,Margriet  Camp,female,white
213,John  Finney,male,white
214,Sara  Wolz,female,white
215,David  Camp,male,white
216,Barbara  Woltz,female,white
