id,name
0,Jacob  Zeiter
1,Jacob  Albrecht
2,Gottlieb David Ettle
3,Michael  Kessinger
4,Ulrich  Hubscher
5,Frederick  Hummel
6,Simon  Bauer
7,Franz  Newcome
8,John Conrad Wolfley
9,Jacob  Lenz
10,John  Armbruster
11,George  Slener
12,Johannes  Deiss
13,George  Brumbach
14,Daniel  Braun
15,George  Schuz
16,Conrad  Wolffie
17,John  Wunderich
18,J Dietrich Morrell
19,Johannes  Leruh
20,John  Newcomer
21,Michael Huber Jr
22,Mattheus  Wenner
23,Jacob  Schutz
24,Peter  Spengler
25,George  Bombach
26,John Henry Retzel
27,Philip  Fishburn
28,John  Braun
29,Michael  Fensel
30,William  Denn
31,Christofel  Mauz
32,Vincent  Kieffer
33,Philip  Genter
34,Christian  Alleman
35,George  Fry
36,Philip  Parthemer
37,John  Boresch
38,Philip  Gunther
39,Michael  Gansle
40,Adam  Delker
41,Melchior  Flerspach
42,Christofel  Shupp
43,John Adam Keller
44,Michael  Cassel
45,Frederick  Cassel
46,Jacob  Baumann
47,Geo  Gross
48,Michael  Bolty
49,Andrew  Viele
50,Chrisitan  Alleman
51,Conrad  Wolfley
52,J  Cassel
53,John  Deiss
54,J  Newcomer
55,Frederick  Forster
56,Witness Phillip Fisher
57,Mattheus  Stoll
58,Maxim Hian Speidel
59,Joseph  Kernanne
60,Frederick  Morrell
61,Ludwig  Trabler
62,Witness John Phillip Gunter
63,Antoine  Blessle
64,John  Kristler
65,Wife Of Frederick Hummel
66,Peter  Gunther
67,Christopher  Jesupp
68,Geo Jacob Bolty
69,Michael  Dauckmann
70,John  Cassel
71,Philip  Bolty
72,John Peitrich Morrell
73,Henry  Mayer
74,Nicholas  Cassel
75,Antoine  Kermanne
76,Witness John Kermanne
77,Wm  Stricker
78,Ludwig  Beel
79,John Peter Gunter
80,Antoine  Blessing
81,Jacob  Leny
82,Philip  Fisher
83,Joseph  Gennanne
84,John  Corbin
85,Mckallens
86,Ludwig  Traber
87,Rudolph  Baab
88,Adam  Waler
89,John  Unschild
90,Jacob  Speidel
91,Nicholas  Staud
92,George John Weeber
93,John  Huber
94,Charles  Williams
95,John  Albrecht
96,Jacob  Burkhard
97,Wife Of Philip Fishburn
98,Antoine  Hemperly
99,Peter  Uehler
100,Antoine  Ochler
101,John Adam Schneider
102,John  Boretsch
103,Jacob  Koenig
104,Adam  Mayer
105,Frederick  Foster
106,Dietrich  Morrell
107,Antoine  Uehler
108,Jacob  Mater
109,John  Mater
110,Frederick
111,Henry  Scheffer
112,Peter  Bucks
113,George  Bauer
114,Caspar
115,Joseph  Yoder
116,Peter  Pfannenkuchen
117,Henry  Ditzel
118,John  Kermanne
119,Antoine  Blessie
120,Wife Of Anthony Blessie
121,Joseph  Kermanne
122,Antoine  Corbin
123,Michael  Kermanne
124,John Martin Collmer
125,John  Goez
126,John Henry Lampert
127,John Eberhard Kettering Catharine D
128,Frederick  Stoll
129,Nicholas  Bass
130,Michael  Deebler
131,Maximilian  Speidel
132,Maximilian Speidel Jr
133,Frederick  Eberhard
134,Maximilian Speidel Sr
135,Margriet  Speidel
136,Margriet Elizabeth Stoll
137,Jacob  Kettering
138,Jacob Bettering
139,Henry  Krieger
140,Maria  Ditzel
141,Margriet  Fishburn
142,Henry
143,George  Shupp
144,Louisa  Shupp
145,Augustine  Stoll
146,Anna Elizabeth Stoll
147,David  Fromin
148,Rosina  Fromin
149,William  Crabb
150,Catharina  Crabb
151,John George Bucks
152,Elizabeth  Bucks
153,Max  Speidel
154,Jacob
155,John  Bucks
156,Margriet  Bucks
157,Peter
158,John  Blessing
159,Catharina  Blessing
160,Barbara  Speidel
161,Philip  Blessing
162,Magdalena  Blessing
163,John Peter Bucks
164,Wife Of John Peter Bucks
165,Robert  Carnicken
166,Maria  Carnicken
167,John  Schneider
168,Maria Magdalena Schneider
169,Mattheus  Sesseman
170,Esther  Sesseman
171,James M Christel
172,Catharina  Christel
173,John  Fromin
174,Magdalena  Fromin
175,John  Smith
176,Susannah  Smith
177,William  Hamilton
178,Margriet  Hamilton
179,William  Thompson
180,Hannah  Thompson
181,Henry  Haack
182,Magdalena  Haack
183,Molly  Fromin
184,Jonathan  Miller
185,Maria  Miller
186,Jacob  Miller
187,Catharina  Miller
188,Adam  Carper
189,Catharina  Carper
190,George  Ellinger
191,Barbara  Ellinger
192,Ludwig  Clopper
193,Barbara  Clopper
194,George  Grun
195,Nancy  Grun
196,Maria  Schneider
197,Michael  Wolz
198,Maria  Wolz
199,Witness Catharine Wolz
200,Christian  Blessing
201,Ludwig  Koppa
202,Barbara  Koppa
203,Robert  Cunningham
204,Maria  Cunningham
205,Charles  Grunden
206,Magdalena  Grunden
207,Adam  Koph
208,Nancy  Koph
209,Frederick  Blessing
210,Elizabeth  Blessing
211,Jacob  Camp
212,Margriet  Camp
213,John  Finney
214,Sara  Wolz
215,David  Camp
216,Barbara  Woltz
