id,name,gender
0,Jacob  Zeiter,male
1,Jacob  Albrecht,male
2,Gottlieb David Ettle,male
3,Michael  Kessinger,male
4,Ulrich  Hubscher,male
5,Frederick  Hummel,male
6,Simon  Bauer,male
7,Franz  Newcome,male
8,John Conrad Wolfley,male
9,Jacob  Lenz,male
10,John  Armbruster,male
11,George  Slener,male
12,Johannes  Deiss,male
13,George  Brumbach,male
14,Daniel  Braun,male
15,George  Schuz,male
16,Conrad  Wolffie,male
17,John  Wunderich,male
18,J Dietrich Morrell,unknown
19,Johannes  Leruh,male
20,John  Newcomer,male
21,Michael Huber Jr,male
22,Mattheus  Wenner,unknown
23,Jacob  Schutz,male
24,Peter  Spengler,male
25,George  Bombach,male
26,John Henry Retzel,male
27,Philip  Fishburn,male
28,John  Braun,male
29,Michael  Fensel,male
30,William  Denn,male
31,Christofel  Mauz,unknown
32,Vincent  Kieffer,male
33,Philip  Genter,male
34,Christian  Alleman,male
35,George  Fry,male
36,Philip  Parthemer,male
37,John  Boresch,male
38,Philip  Gunther,male
39,Michael  Gansle,male
40,Adam  Delker,male
41,Melchior  Flerspach,male
42,Christofel  Shupp,unknown
43,John Adam Keller,male
44,Michael  Cassel,male
45,Frederick  Cassel,male
46,Jacob  Baumann,male
47,Geo  Gross,male
48,Michael  Bolty,male
49,Andrew  Viele,male
50,Chrisitan  Alleman,unknown
51,Conrad  Wolfley,male
52,J  Cassel,unknown
53,John  Deiss,male
54,J  Newcomer,unknown
55,Frederick  Forster,male
56,Witness Phillip Fisher,unknown
57,Mattheus  Stoll,unknown
58,Maxim Hian Speidel,male
59,Joseph  Kernanne,male
60,Frederick  Morrell,male
61,Ludwig  Trabler,male
62,Witness John Phillip Gunter,unknown
63,Antoine  Blessle,male
64,John  Kristler,male
65,Wife Of Frederick Hummel,unknown
66,Peter  Gunther,male
67,Christopher  Jesupp,male
68,Geo Jacob Bolty,male
69,Michael  Dauckmann,male
70,John  Cassel,male
71,Philip  Bolty,male
72,John Peitrich Morrell,male
73,Henry  Mayer,male
74,Nicholas  Cassel,male
75,Antoine  Kermanne,male
76,Witness John Kermanne,unknown
77,Wm  Stricker,unknown
78,Ludwig  Beel,male
79,John Peter Gunter,male
80,Antoine  Blessing,male
81,Jacob  Leny,male
82,Philip  Fisher,male
83,Joseph  Gennanne,male
84,John  Corbin,male
85,Mckallens,unknown
86,Ludwig  Traber,male
87,Rudolph  Baab,male
88,Adam  Waler,male
89,John  Unschild,male
90,Jacob  Speidel,male
91,Nicholas  Staud,male
92,George John Weeber,male
93,John  Huber,male
94,Charles  Williams,male
95,John  Albrecht,male
96,Jacob  Burkhard,male
97,Wife Of Philip Fishburn,unknown
98,Antoine  Hemperly,male
99,Peter  Uehler,male
100,Antoine  Ochler,male
101,John Adam Schneider,male
102,John  Boretsch,male
103,Jacob  Koenig,male
104,Adam  Mayer,male
105,Frederick  Foster,male
106,Dietrich  Morrell,male
107,Antoine  Uehler,male
108,Jacob  Mater,male
109,John  Mater,male
110,Frederick,unknown
111,Henry  Scheffer,male
112,Peter  Bucks,male
113,George  Bauer,male
114,Caspar,unknown
115,Joseph  Yoder,male
116,Peter  Pfannenkuchen,male
117,Henry  Ditzel,male
118,John  Kermanne,male
119,Antoine  Blessie,male
120,Wife Of Anthony Blessie,unknown
121,Joseph  Kermanne,male
122,Antoine  Corbin,male
123,Michael  Kermanne,male
124,John Martin Collmer,male
125,John  Goez,male
126,John Henry Lampert,male
127,John Eberhard Kettering Catharine D,male
128,Frederick  Stoll,male
129,Nicholas  Bass,male
130,Michael  Deebler,male
131,Maximilian  Speidel,male
132,Maximilian Speidel Jr,male
133,Frederick  Eberhard,male
134,Maximilian Speidel Sr,male
135,Margriet  Speidel,mostly_female
136,Margriet Elizabeth Stoll,mostly_female
137,Jacob  Kettering,male
138,Jacob Bettering,male
139,Henry  Krieger,male
140,Maria  Ditzel,female
141,Margriet  Fishburn,mostly_female
142,Henry,unknown
143,George  Shupp,male
144,Louisa  Shupp,female
145,Augustine  Stoll,female
146,Anna Elizabeth Stoll,female
147,David  Fromin,male
148,Rosina  Fromin,female
149,William  Crabb,male
150,Catharina  Crabb,female
151,John George Bucks,male
152,Elizabeth  Bucks,female
153,Max  Speidel,male
154,Jacob,unknown
155,John  Bucks,male
156,Margriet  Bucks,mostly_female
157,Peter,unknown
158,John  Blessing,male
159,Catharina  Blessing,female
160,Barbara  Speidel,female
161,Philip  Blessing,male
162,Magdalena  Blessing,female
163,John Peter Bucks,male
164,Wife Of John Peter Bucks,unknown
165,Robert  Carnicken,male
166,Maria  Carnicken,female
167,John  Schneider,male
168,Maria Magdalena Schneider,female
169,Mattheus  Sesseman,unknown
170,Esther  Sesseman,female
171,James M Christel,male
172,Catharina  Christel,female
173,John  Fromin,male
174,Magdalena  Fromin,female
175,John  Smith,male
176,Susannah  Smith,female
177,William  Hamilton,male
178,Margriet  Hamilton,mostly_female
179,William  Thompson,male
180,Hannah  Thompson,female
181,Henry  Haack,male
182,Magdalena  Haack,female
183,Molly  Fromin,female
184,Jonathan  Miller,male
185,Maria  Miller,female
186,Jacob  Miller,male
187,Catharina  Miller,female
188,Adam  Carper,male
189,Catharina  Carper,female
190,George  Ellinger,male
191,Barbara  Ellinger,female
192,Ludwig  Clopper,male
193,Barbara  Clopper,female
194,George  Grun,male
195,Nancy  Grun,female
196,Maria  Schneider,female
197,Michael  Wolz,male
198,Maria  Wolz,female
199,Witness Catharine Wolz,unknown
200,Christian  Blessing,male
201,Ludwig  Koppa,male
202,Barbara  Koppa,female
203,Robert  Cunningham,male
204,Maria  Cunningham,female
205,Charles  Grunden,male
206,Magdalena  Grunden,female
207,Adam  Koph,male
208,Nancy  Koph,female
209,Frederick  Blessing,male
210,Elizabeth  Blessing,female
211,Jacob  Camp,male
212,Margriet  Camp,mostly_female
213,John  Finney,male
214,Sara  Wolz,female
215,David  Camp,male
216,Barbara  Woltz,female
