{
  "directed": false,
  "graph": {},
  "links": [
    {
      "end": "1824",
      "source": 256,
      "start": 1824,
      "target": 198
    },
    {
      "end": "1824",
      "source": 256,
      "start": 1807,
      "target": 257
    },
    {
      "end": 1822,
      "source": 256,
      "start": 1802,
      "target": 627
    },
    {
      "end": 1813,
      "source": 321,
      "start": 1793,
      "target": 134
    },
    {
      "end": 1800,
      "source": 134,
      "start": 1780,
      "target": 135
    },
    {
      "end": 1821,
      "source": 134,
      "start": 1801,
      "target": 198
    },
    {
      "end": 1803,
      "source": 134,
      "start": 1783,
      "target": 718
    },
    {
      "end": 1811,
      "source": 177,
      "start": 1791,
      "target": 178
    },
    {
      "end": 1803,
      "source": 177,
      "start": 1783,
      "target": 180
    },
    {
      "end": "1824",
      "source": 177,
      "start": 1818,
      "target": 510
    },
    {
      "end": "1824",
      "source": 177,
      "start": 1806,
      "target": 531
    },
    {
      "end": "1824",
      "source": 177,
      "start": 1808,
      "target": 627
    },
    {
      "end": 1799,
      "source": 178,
      "start": 1779,
      "target": 179
    },
    {
      "end": "1824",
      "source": 627,
      "start": 1824,
      "target": 531
    }
  ],
  "multigraph": false,
  "nodes": [
    {
      "between_1779": 0,
      "between_1780": 0,
      "between_1781": 0,
      "between_1782": 0,
      "between_1783": 0,
      "between_1784": 0,
      "between_1785": 0,
      "between_1786": 0,
      "between_1787": 0,
      "between_1788": 0,
      "between_1789": 0,
      "between_1790": 0,
      "between_1791": 0,
      "between_1792": 0,
      "between_1793": 0,
      "between_1794": 0,
      "between_1795": 0,
      "between_1796": 0,
      "between_1797": 0,
      "between_1798": 0,
      "between_1799": 0,
      "between_1800": 0,
      "between_1801": 0,
      "between_1802": 0,
      "between_1803": 0,
      "between_1804": 0,
      "between_1805": 0,
      "between_1806": 0,
      "between_1807": 0,
      "between_1808": 0,
      "between_1809": 0,
      "between_1810": 0,
      "between_1811": 0,
      "between_1812": 0,
      "between_1813": 0,
      "between_1814": 0,
      "between_1815": 0,
      "between_1816": 0,
      "between_1817": 0,
      "between_1818": 0,
      "between_1819": 0,
      "between_1820": 0,
      "between_1821": 0,
      "between_1822": 0,
      "between_1823": 0,
      "between_1824": 0,
      "between_1825": 0,
      "betweenness": 0,
      "bridge": "male_bridge",
      "degree": 3,
      "degree_1779": 0,
      "degree_1780": 0,
      "degree_1781": 0,
      "degree_1782": 0,
      "degree_1783": 0,
      "degree_1784": 0,
      "degree_1785": 0,
      "degree_1786": 0,
      "degree_1787": 0,
      "degree_1788": 0,
      "degree_1789": 0,
      "degree_1790": 0,
      "degree_1791": 0,
      "degree_1792": 0,
      "degree_1793": 0,
      "degree_1794": 0,
      "degree_1795": 0,
      "degree_1796": 0,
      "degree_1797": 0,
      "degree_1798": 0,
      "degree_1799": 0,
      "degree_1800": 0,
      "degree_1801": 0,
      "degree_1802": 1,
      "degree_1803": 1,
      "degree_1804": 1,
      "degree_1805": 1,
      "degree_1806": 1,
      "degree_1807": 2,
      "degree_1808": 2,
      "degree_1809": 2,
      "degree_1810": 2,
      "degree_1811": 2,
      "degree_1812": 2,
      "degree_1813": 2,
      "degree_1814": 2,
      "degree_1815": 2,
      "degree_1816": 2,
      "degree_1817": 2,
      "degree_1818": 2,
      "degree_1819": 2,
      "degree_1820": 2,
      "degree_1821": 2,
      "degree_1822": 2,
      "degree_1823": 1,
      "degree_1824": 2,
      "degree_1825": 2,
      "end": 1824,
      "gender": "male",
      "id": 256,
      "modularity": 0,
      "name": "Jacob  Gohn",
      "race": "white",
      "start": 1802
    },
    {
      "between_1779": 0,
      "between_1780": 0,
      "between_1781": 0,
      "between_1782": 0,
      "between_1783": 0,
      "between_1784": 0,
      "between_1785": 0,
      "between_1786": 0,
      "between_1787": 0,
      "between_1788": 0,
      "between_1789": 0,
      "between_1790": 0,
      "between_1791": 0,
      "between_1792": 0,
      "between_1793": 0,
      "between_1794": 0,
      "between_1795": 0,
      "between_1796": 0,
      "between_1797": 0,
      "between_1798": 0,
      "between_1799": 0,
      "between_1800": 0,
      "between_1801": 0,
      "between_1802": 0,
      "between_1803": 0,
      "between_1804": 0,
      "between_1805": 0,
      "between_1806": 0,
      "between_1807": 0,
      "between_1808": 0,
      "between_1809": 0,
      "between_1810": 0,
      "between_1811": 0,
      "between_1812": 0,
      "between_1813": 0,
      "between_1814": 0,
      "between_1815": 0,
      "between_1816": 0,
      "between_1817": 0,
      "between_1818": 0,
      "between_1819": 0,
      "between_1820": 0,
      "between_1821": 0,
      "between_1822": 0,
      "between_1823": 0,
      "between_1824": 0,
      "between_1825": 0,
      "betweenness": 0,
      "bridge": "false",
      "degree": 1,
      "degree_1779": 0,
      "degree_1780": 0,
      "degree_1781": 0,
      "degree_1782": 0,
      "degree_1783": 0,
      "degree_1784": 0,
      "degree_1785": 0,
      "degree_1786": 0,
      "degree_1787": 0,
      "degree_1788": 0,
      "degree_1789": 0,
      "degree_1790": 0,
      "degree_1791": 0,
      "degree_1792": 0,
      "degree_1793": 1,
      "degree_1794": 1,
      "degree_1795": 1,
      "degree_1796": 1,
      "degree_1797": 1,
      "degree_1798": 1,
      "degree_1799": 1,
      "degree_1800": 1,
      "degree_1801": 1,
      "degree_1802": 1,
      "degree_1803": 1,
      "degree_1804": 1,
      "degree_1805": 1,
      "degree_1806": 1,
      "degree_1807": 1,
      "degree_1808": 1,
      "degree_1809": 1,
      "degree_1810": 1,
      "degree_1811": 1,
      "degree_1812": 1,
      "degree_1813": 1,
      "degree_1814": 0,
      "degree_1815": 0,
      "degree_1816": 0,
      "degree_1817": 0,
      "degree_1818": 0,
      "degree_1819": 0,
      "degree_1820": 0,
      "degree_1821": 0,
      "degree_1822": 0,
      "degree_1823": 0,
      "degree_1824": 0,
      "degree_1825": 0,
      "end": 1813,
      "gender": "unknown",
      "id": 321,
      "modularity": 1,
      "name": "Eelisabetaha  Gohn",
      "race": "white",
      "start": 1793
    },
    {
      "between_1779": 0,
      "between_1780": 0,
      "between_1781": 0,
      "between_1782": 0,
      "between_1783": 0,
      "between_1784": 0,
      "between_1785": 0,
      "between_1786": 0,
      "between_1787": 0,
      "between_1788": 0,
      "between_1789": 0,
      "between_1790": 0,
      "between_1791": 0,
      "between_1792": 0,
      "between_1793": 0,
      "between_1794": 0,
      "between_1795": 0,
      "between_1796": 0,
      "between_1797": 0,
      "between_1798": 0,
      "between_1799": 0,
      "between_1800": 0,
      "between_1801": 0,
      "between_1802": 0,
      "between_1803": 0,
      "between_1804": 0,
      "between_1805": 0,
      "between_1806": 0,
      "between_1807": 0,
      "between_1808": 0,
      "between_1809": 0,
      "between_1810": 0,
      "between_1811": 0,
      "between_1812": 0,
      "between_1813": 0,
      "between_1814": 0,
      "between_1815": 0,
      "between_1816": 0,
      "between_1817": 0,
      "between_1818": 0,
      "between_1819": 0,
      "between_1820": 0,
      "between_1821": 0,
      "between_1822": 0,
      "between_1823": 0,
      "between_1824": 0,
      "between_1825": 0,
      "betweenness": 0,
      "bridge": "false",
      "degree": 1,
      "degree_1779": 0,
      "degree_1780": 0,
      "degree_1781": 0,
      "degree_1782": 0,
      "degree_1783": 0,
      "degree_1784": 0,
      "degree_1785": 0,
      "degree_1786": 0,
      "degree_1787": 0,
      "degree_1788": 0,
      "degree_1789": 0,
      "degree_1790": 0,
      "degree_1791": 0,
      "degree_1792": 0,
      "degree_1793": 0,
      "degree_1794": 0,
      "degree_1795": 0,
      "degree_1796": 0,
      "degree_1797": 0,
      "degree_1798": 0,
      "degree_1799": 0,
      "degree_1800": 0,
      "degree_1801": 0,
      "degree_1802": 0,
      "degree_1803": 0,
      "degree_1804": 0,
      "degree_1805": 0,
      "degree_1806": 0,
      "degree_1807": 1,
      "degree_1808": 1,
      "degree_1809": 1,
      "degree_1810": 1,
      "degree_1811": 1,
      "degree_1812": 1,
      "degree_1813": 1,
      "degree_1814": 1,
      "degree_1815": 1,
      "degree_1816": 1,
      "degree_1817": 1,
      "degree_1818": 1,
      "degree_1819": 1,
      "degree_1820": 1,
      "degree_1821": 1,
      "degree_1822": 1,
      "degree_1823": 1,
      "degree_1824": 1,
      "degree_1825": 1,
      "end": 1824,
      "gender": "female",
      "id": 257,
      "modularity": 0,
      "name": "Barbara  Gohn",
      "race": "white",
      "start": 1807
    },
    {
      "between_1779": 0,
      "between_1780": 0,
      "between_1781": 0,
      "between_1782": 0,
      "between_1783": 0,
      "between_1784": 0,
      "between_1785": 0,
      "between_1786": 0,
      "between_1787": 0,
      "between_1788": 0,
      "between_1789": 0,
      "between_1790": 0,
      "between_1791": 0,
      "between_1792": 0,
      "between_1793": 0,
      "between_1794": 0,
      "between_1795": 0,
      "between_1796": 0,
      "between_1797": 0,
      "between_1798": 0,
      "between_1799": 0,
      "between_1800": 0,
      "between_1801": 0,
      "between_1802": 0,
      "between_1803": 0,
      "between_1804": 0,
      "between_1805": 0,
      "between_1806": 0,
      "between_1807": 0,
      "between_1808": 0,
      "between_1809": 0,
      "between_1810": 0,
      "between_1811": 0,
      "between_1812": 0,
      "between_1813": 0,
      "between_1814": 0,
      "between_1815": 0,
      "between_1816": 0,
      "between_1817": 0,
      "between_1818": 0,
      "between_1819": 0,
      "between_1820": 0,
      "between_1821": 0,
      "between_1822": 0,
      "between_1823": 0,
      "between_1824": 0,
      "between_1825": 0,
      "betweenness": 0,
      "bridge": "male_bridge",
      "degree": 4,
      "degree_1779": 0,
      "degree_1780": 1,
      "degree_1781": 1,
      "degree_1782": 1,
      "degree_1783": 2,
      "degree_1784": 2,
      "degree_1785": 2,
      "degree_1786": 2,
      "degree_1787": 2,
      "degree_1788": 2,
      "degree_1789": 2,
      "degree_1790": 2,
      "degree_1791": 2,
      "degree_1792": 2,
      "degree_1793": 3,
      "degree_1794": 3,
      "degree_1795": 3,
      "degree_1796": 3,
      "degree_1797": 3,
      "degree_1798": 3,
      "degree_1799": 3,
      "degree_1800": 3,
      "degree_1801": 3,
      "degree_1802": 3,
      "degree_1803": 3,
      "degree_1804": 2,
      "degree_1805": 2,
      "degree_1806": 2,
      "degree_1807": 2,
      "degree_1808": 2,
      "degree_1809": 2,
      "degree_1810": 2,
      "degree_1811": 2,
      "degree_1812": 2,
      "degree_1813": 2,
      "degree_1814": 1,
      "degree_1815": 1,
      "degree_1816": 1,
      "degree_1817": 1,
      "degree_1818": 1,
      "degree_1819": 1,
      "degree_1820": 1,
      "degree_1821": 1,
      "degree_1822": 0,
      "degree_1823": 0,
      "degree_1824": 0,
      "degree_1825": 0,
      "end": 1821,
      "gender": "male",
      "id": 134,
      "modularity": 1,
      "name": "Philip  Gohn",
      "race": "white",
      "start": 1780
    },
    {
      "between_1779": 0,
      "between_1780": 0,
      "between_1781": 0,
      "between_1782": 0,
      "between_1783": 0,
      "between_1784": 0,
      "between_1785": 0,
      "between_1786": 0,
      "between_1787": 0,
      "between_1788": 0,
      "between_1789": 0,
      "between_1790": 0,
      "between_1791": 0,
      "between_1792": 0,
      "between_1793": 0,
      "between_1794": 0,
      "between_1795": 0,
      "between_1796": 0,
      "between_1797": 0,
      "between_1798": 0,
      "between_1799": 0,
      "between_1800": 0,
      "between_1801": 0,
      "between_1802": 0,
      "between_1803": 0,
      "between_1804": 0,
      "between_1805": 0,
      "between_1806": 0,
      "between_1807": 0,
      "between_1808": 0,
      "between_1809": 0,
      "between_1810": 0,
      "between_1811": 0,
      "between_1812": 0,
      "between_1813": 0,
      "between_1814": 0,
      "between_1815": 0,
      "between_1816": 0,
      "between_1817": 0,
      "between_1818": 0,
      "between_1819": 0,
      "between_1820": 0,
      "between_1821": 0,
      "between_1822": 0,
      "between_1823": 0,
      "between_1824": 0,
      "between_1825": 0,
      "betweenness": 0,
      "bridge": "male_bridge",
      "degree": 2,
      "degree_1779": 0,
      "degree_1780": 0,
      "degree_1781": 0,
      "degree_1782": 0,
      "degree_1783": 0,
      "degree_1784": 0,
      "degree_1785": 0,
      "degree_1786": 0,
      "degree_1787": 0,
      "degree_1788": 0,
      "degree_1789": 0,
      "degree_1790": 0,
      "degree_1791": 0,
      "degree_1792": 0,
      "degree_1793": 0,
      "degree_1794": 0,
      "degree_1795": 0,
      "degree_1796": 0,
      "degree_1797": 0,
      "degree_1798": 0,
      "degree_1799": 0,
      "degree_1800": 0,
      "degree_1801": 1,
      "degree_1802": 1,
      "degree_1803": 1,
      "degree_1804": 1,
      "degree_1805": 1,
      "degree_1806": 1,
      "degree_1807": 1,
      "degree_1808": 1,
      "degree_1809": 1,
      "degree_1810": 1,
      "degree_1811": 1,
      "degree_1812": 1,
      "degree_1813": 1,
      "degree_1814": 1,
      "degree_1815": 1,
      "degree_1816": 1,
      "degree_1817": 1,
      "degree_1818": 1,
      "degree_1819": 1,
      "degree_1820": 1,
      "degree_1821": 1,
      "degree_1822": 0,
      "degree_1823": 0,
      "degree_1824": 1,
      "degree_1825": 1,
      "end": 1824,
      "gender": "unknown",
      "id": 198,
      "modularity": 0,
      "name": "Eliesabetha  Gohn",
      "race": "white",
      "start": 1801
    },
    {
      "between_1779": 0,
      "between_1780": 0,
      "between_1781": 0,
      "between_1782": 0,
      "between_1783": 0,
      "between_1784": 0,
      "between_1785": 0,
      "between_1786": 0,
      "between_1787": 0,
      "between_1788": 0,
      "between_1789": 0,
      "between_1790": 0,
      "between_1791": 0,
      "between_1792": 0,
      "between_1793": 0,
      "between_1794": 0,
      "between_1795": 0,
      "between_1796": 0,
      "between_1797": 0,
      "between_1798": 0,
      "between_1799": 0,
      "between_1800": 0,
      "between_1801": 0,
      "between_1802": 0,
      "between_1803": 0,
      "between_1804": 0,
      "between_1805": 0,
      "between_1806": 0,
      "between_1807": 0,
      "between_1808": 0,
      "between_1809": 0,
      "between_1810": 0,
      "between_1811": 0,
      "between_1812": 0,
      "between_1813": 0,
      "between_1814": 0,
      "between_1815": 0,
      "between_1816": 0,
      "between_1817": 0,
      "between_1818": 0,
      "between_1819": 0,
      "between_1820": 0,
      "between_1821": 0,
      "between_1822": 0,
      "between_1823": 0,
      "between_1824": 0,
      "between_1825": 0,
      "betweenness": 0,
      "bridge": "false",
      "degree": 1,
      "degree_1779": 0,
      "degree_1780": 1,
      "degree_1781": 1,
      "degree_1782": 1,
      "degree_1783": 1,
      "degree_1784": 1,
      "degree_1785": 1,
      "degree_1786": 1,
      "degree_1787": 1,
      "degree_1788": 1,
      "degree_1789": 1,
      "degree_1790": 1,
      "degree_1791": 1,
      "degree_1792": 1,
      "degree_1793": 1,
      "degree_1794": 1,
      "degree_1795": 1,
      "degree_1796": 1,
      "degree_1797": 1,
      "degree_1798": 1,
      "degree_1799": 1,
      "degree_1800": 1,
      "degree_1801": 0,
      "degree_1802": 0,
      "degree_1803": 0,
      "degree_1804": 0,
      "degree_1805": 0,
      "degree_1806": 0,
      "degree_1807": 0,
      "degree_1808": 0,
      "degree_1809": 0,
      "degree_1810": 0,
      "degree_1811": 0,
      "degree_1812": 0,
      "degree_1813": 0,
      "degree_1814": 0,
      "degree_1815": 0,
      "degree_1816": 0,
      "degree_1817": 0,
      "degree_1818": 0,
      "degree_1819": 0,
      "degree_1820": 0,
      "degree_1821": 0,
      "degree_1822": 0,
      "degree_1823": 0,
      "degree_1824": 0,
      "degree_1825": 0,
      "end": 1800,
      "gender": "female",
      "id": 135,
      "modularity": 1,
      "name": "Anna Liesbeta Gohn",
      "race": "white",
      "start": 1780
    },
    {
      "between_1779": 0,
      "between_1780": 0,
      "between_1781": 0,
      "between_1782": 0,
      "between_1783": 0,
      "between_1784": 0,
      "between_1785": 0,
      "between_1786": 0,
      "between_1787": 0,
      "between_1788": 0,
      "between_1789": 0,
      "between_1790": 0,
      "between_1791": 0,
      "between_1792": 0,
      "between_1793": 0,
      "between_1794": 0,
      "between_1795": 0,
      "between_1796": 0,
      "between_1797": 0,
      "between_1798": 0,
      "between_1799": 0,
      "between_1800": 0,
      "between_1801": 0,
      "between_1802": 0,
      "between_1803": 0,
      "between_1804": 0,
      "between_1805": 0,
      "between_1806": 0,
      "between_1807": 0,
      "between_1808": 0,
      "between_1809": 0,
      "between_1810": 0,
      "between_1811": 0,
      "between_1812": 0,
      "between_1813": 0,
      "between_1814": 0,
      "between_1815": 0,
      "between_1816": 0,
      "between_1817": 0,
      "between_1818": 0,
      "between_1819": 0,
      "between_1820": 0,
      "between_1821": 0,
      "between_1822": 0,
      "between_1823": 0,
      "between_1824": 0,
      "between_1825": 0,
      "betweenness": 0,
      "bridge": "false",
      "degree": 1,
      "degree_1779": 0,
      "degree_1780": 0,
      "degree_1781": 0,
      "degree_1782": 0,
      "degree_1783": 1,
      "degree_1784": 1,
      "degree_1785": 1,
      "degree_1786": 1,
      "degree_1787": 1,
      "degree_1788": 1,
      "degree_1789": 1,
      "degree_1790": 1,
      "degree_1791": 1,
      "degree_1792": 1,
      "degree_1793": 1,
      "degree_1794": 1,
      "degree_1795": 1,
      "degree_1796": 1,
      "degree_1797": 1,
      "degree_1798": 1,
      "degree_1799": 1,
      "degree_1800": 1,
      "degree_1801": 1,
      "degree_1802": 1,
      "degree_1803": 1,
      "degree_1804": 0,
      "degree_1805": 0,
      "degree_1806": 0,
      "degree_1807": 0,
      "degree_1808": 0,
      "degree_1809": 0,
      "degree_1810": 0,
      "degree_1811": 0,
      "degree_1812": 0,
      "degree_1813": 0,
      "degree_1814": 0,
      "degree_1815": 0,
      "degree_1816": 0,
      "degree_1817": 0,
      "degree_1818": 0,
      "degree_1819": 0,
      "degree_1820": 0,
      "degree_1821": 0,
      "degree_1822": 0,
      "degree_1823": 0,
      "degree_1824": 0,
      "degree_1825": 0,
      "end": 1803,
      "gender": "male",
      "id": 718,
      "modularity": 1,
      "name": "Antony  Clary",
      "race": "white",
      "start": 1783
    },
    {
      "between_1779": 0,
      "between_1780": 0,
      "between_1781": 0,
      "between_1782": 0,
      "between_1783": 0,
      "between_1784": 0,
      "between_1785": 0,
      "between_1786": 0,
      "between_1787": 0,
      "between_1788": 0,
      "between_1789": 0,
      "between_1790": 0,
      "between_1791": 0,
      "between_1792": 0,
      "between_1793": 0,
      "between_1794": 0,
      "between_1795": 0,
      "between_1796": 0,
      "between_1797": 0,
      "between_1798": 0,
      "between_1799": 0,
      "between_1800": 0,
      "between_1801": 0,
      "between_1802": 0,
      "between_1803": 0,
      "between_1804": 0,
      "between_1805": 0,
      "between_1806": 0,
      "between_1807": 0,
      "between_1808": 0,
      "between_1809": 0,
      "between_1810": 0,
      "between_1811": 0,
      "between_1812": 0,
      "between_1813": 0,
      "between_1814": 0,
      "between_1815": 0,
      "between_1816": 0,
      "between_1817": 0,
      "between_1818": 0,
      "between_1819": 0,
      "between_1820": 0,
      "between_1821": 0,
      "between_1822": 0,
      "between_1823": 0,
      "between_1824": 0,
      "between_1825": 0,
      "betweenness": 0,
      "bridge": "male_bridge",
      "degree": 5,
      "degree_1779": 0,
      "degree_1780": 0,
      "degree_1781": 0,
      "degree_1782": 0,
      "degree_1783": 1,
      "degree_1784": 1,
      "degree_1785": 1,
      "degree_1786": 1,
      "degree_1787": 1,
      "degree_1788": 1,
      "degree_1789": 1,
      "degree_1790": 1,
      "degree_1791": 2,
      "degree_1792": 2,
      "degree_1793": 2,
      "degree_1794": 2,
      "degree_1795": 2,
      "degree_1796": 2,
      "degree_1797": 2,
      "degree_1798": 2,
      "degree_1799": 2,
      "degree_1800": 2,
      "degree_1801": 2,
      "degree_1802": 2,
      "degree_1803": 2,
      "degree_1804": 1,
      "degree_1805": 1,
      "degree_1806": 2,
      "degree_1807": 2,
      "degree_1808": 3,
      "degree_1809": 3,
      "degree_1810": 3,
      "degree_1811": 3,
      "degree_1812": 2,
      "degree_1813": 2,
      "degree_1814": 2,
      "degree_1815": 2,
      "degree_1816": 2,
      "degree_1817": 2,
      "degree_1818": 3,
      "degree_1819": 3,
      "degree_1820": 3,
      "degree_1821": 3,
      "degree_1822": 3,
      "degree_1823": 3,
      "degree_1824": 3,
      "degree_1825": 3,
      "end": 1824,
      "gender": "male",
      "id": 177,
      "modularity": 2,
      "name": "Georg  Oberdorff",
      "race": "white",
      "start": 1783
    },
    {
      "between_1779": 0,
      "between_1780": 0,
      "between_1781": 0,
      "between_1782": 0,
      "between_1783": 0,
      "between_1784": 0,
      "between_1785": 0,
      "between_1786": 0,
      "between_1787": 0,
      "between_1788": 0,
      "between_1789": 0,
      "between_1790": 0,
      "between_1791": 0,
      "between_1792": 0,
      "between_1793": 0,
      "between_1794": 0,
      "between_1795": 0,
      "between_1796": 0,
      "between_1797": 0,
      "between_1798": 0,
      "between_1799": 0,
      "between_1800": 0,
      "between_1801": 0,
      "between_1802": 0,
      "between_1803": 0,
      "between_1804": 0,
      "between_1805": 0,
      "between_1806": 0,
      "between_1807": 0,
      "between_1808": 0,
      "between_1809": 0,
      "between_1810": 0,
      "between_1811": 0,
      "between_1812": 0,
      "between_1813": 0,
      "between_1814": 0,
      "between_1815": 0,
      "between_1816": 0,
      "between_1817": 0,
      "between_1818": 0,
      "between_1819": 0,
      "between_1820": 0,
      "between_1821": 0,
      "between_1822": 0,
      "between_1823": 0,
      "between_1824": 0,
      "between_1825": 0,
      "betweenness": 0,
      "bridge": "male_bridge",
      "degree": 2,
      "degree_1779": 1,
      "degree_1780": 1,
      "degree_1781": 1,
      "degree_1782": 1,
      "degree_1783": 1,
      "degree_1784": 1,
      "degree_1785": 1,
      "degree_1786": 1,
      "degree_1787": 1,
      "degree_1788": 1,
      "degree_1789": 1,
      "degree_1790": 1,
      "degree_1791": 2,
      "degree_1792": 2,
      "degree_1793": 2,
      "degree_1794": 2,
      "degree_1795": 2,
      "degree_1796": 2,
      "degree_1797": 2,
      "degree_1798": 2,
      "degree_1799": 2,
      "degree_1800": 1,
      "degree_1801": 1,
      "degree_1802": 1,
      "degree_1803": 1,
      "degree_1804": 1,
      "degree_1805": 1,
      "degree_1806": 1,
      "degree_1807": 1,
      "degree_1808": 1,
      "degree_1809": 1,
      "degree_1810": 1,
      "degree_1811": 1,
      "degree_1812": 0,
      "degree_1813": 0,
      "degree_1814": 0,
      "degree_1815": 0,
      "degree_1816": 0,
      "degree_1817": 0,
      "degree_1818": 0,
      "degree_1819": 0,
      "degree_1820": 0,
      "degree_1821": 0,
      "degree_1822": 0,
      "degree_1823": 0,
      "degree_1824": 0,
      "degree_1825": 0,
      "end": 1811,
      "gender": "unknown",
      "id": 178,
      "modularity": 2,
      "name": "Eliesabetha  Oberdorff",
      "race": "white",
      "start": 1779
    },
    {
      "between_1779": 0,
      "between_1780": 0,
      "between_1781": 0,
      "between_1782": 0,
      "between_1783": 0,
      "between_1784": 0,
      "between_1785": 0,
      "between_1786": 0,
      "between_1787": 0,
      "between_1788": 0,
      "between_1789": 0,
      "between_1790": 0,
      "between_1791": 0,
      "between_1792": 0,
      "between_1793": 0,
      "between_1794": 0,
      "between_1795": 0,
      "between_1796": 0,
      "between_1797": 0,
      "between_1798": 0,
      "between_1799": 0,
      "between_1800": 0,
      "between_1801": 0,
      "between_1802": 0,
      "between_1803": 0,
      "between_1804": 0,
      "between_1805": 0,
      "between_1806": 0,
      "between_1807": 0,
      "between_1808": 0,
      "between_1809": 0,
      "between_1810": 0,
      "between_1811": 0,
      "between_1812": 0,
      "between_1813": 0,
      "between_1814": 0,
      "between_1815": 0,
      "between_1816": 0,
      "between_1817": 0,
      "between_1818": 0,
      "between_1819": 0,
      "between_1820": 0,
      "between_1821": 0,
      "between_1822": 0,
      "between_1823": 0,
      "between_1824": 0,
      "between_1825": 0,
      "betweenness": 0,
      "bridge": "male_bridge",
      "degree": 3,
      "degree_1779": 0,
      "degree_1780": 0,
      "degree_1781": 0,
      "degree_1782": 0,
      "degree_1783": 0,
      "degree_1784": 0,
      "degree_1785": 0,
      "degree_1786": 0,
      "degree_1787": 0,
      "degree_1788": 0,
      "degree_1789": 0,
      "degree_1790": 0,
      "degree_1791": 0,
      "degree_1792": 0,
      "degree_1793": 0,
      "degree_1794": 0,
      "degree_1795": 0,
      "degree_1796": 0,
      "degree_1797": 0,
      "degree_1798": 0,
      "degree_1799": 0,
      "degree_1800": 0,
      "degree_1801": 0,
      "degree_1802": 1,
      "degree_1803": 1,
      "degree_1804": 1,
      "degree_1805": 1,
      "degree_1806": 1,
      "degree_1807": 1,
      "degree_1808": 2,
      "degree_1809": 2,
      "degree_1810": 2,
      "degree_1811": 2,
      "degree_1812": 2,
      "degree_1813": 2,
      "degree_1814": 2,
      "degree_1815": 2,
      "degree_1816": 2,
      "degree_1817": 2,
      "degree_1818": 2,
      "degree_1819": 2,
      "degree_1820": 2,
      "degree_1821": 2,
      "degree_1822": 2,
      "degree_1823": 1,
      "degree_1824": 2,
      "degree_1825": 2,
      "end": 1824,
      "gender": "male",
      "id": 627,
      "modularity": 2,
      "name": "George  Oberdorff",
      "race": "white",
      "start": 1802
    },
    {
      "between_1779": 0,
      "between_1780": 0,
      "between_1781": 0,
      "between_1782": 0,
      "between_1783": 0,
      "between_1784": 0,
      "between_1785": 0,
      "between_1786": 0,
      "between_1787": 0,
      "between_1788": 0,
      "between_1789": 0,
      "between_1790": 0,
      "between_1791": 0,
      "between_1792": 0,
      "between_1793": 0,
      "between_1794": 0,
      "between_1795": 0,
      "between_1796": 0,
      "between_1797": 0,
      "between_1798": 0,
      "between_1799": 0,
      "between_1800": 0,
      "between_1801": 0,
      "between_1802": 0,
      "between_1803": 0,
      "between_1804": 0,
      "between_1805": 0,
      "between_1806": 0,
      "between_1807": 0,
      "between_1808": 0,
      "between_1809": 0,
      "between_1810": 0,
      "between_1811": 0,
      "between_1812": 0,
      "between_1813": 0,
      "between_1814": 0,
      "between_1815": 0,
      "between_1816": 0,
      "between_1817": 0,
      "between_1818": 0,
      "between_1819": 0,
      "between_1820": 0,
      "between_1821": 0,
      "between_1822": 0,
      "between_1823": 0,
      "between_1824": 0,
      "between_1825": 0,
      "betweenness": 0,
      "bridge": "false",
      "degree": 2,
      "degree_1779": 0,
      "degree_1780": 0,
      "degree_1781": 0,
      "degree_1782": 0,
      "degree_1783": 0,
      "degree_1784": 0,
      "degree_1785": 0,
      "degree_1786": 0,
      "degree_1787": 0,
      "degree_1788": 0,
      "degree_1789": 0,
      "degree_1790": 0,
      "degree_1791": 0,
      "degree_1792": 0,
      "degree_1793": 0,
      "degree_1794": 0,
      "degree_1795": 0,
      "degree_1796": 0,
      "degree_1797": 0,
      "degree_1798": 0,
      "degree_1799": 0,
      "degree_1800": 0,
      "degree_1801": 0,
      "degree_1802": 0,
      "degree_1803": 0,
      "degree_1804": 0,
      "degree_1805": 0,
      "degree_1806": 1,
      "degree_1807": 1,
      "degree_1808": 1,
      "degree_1809": 1,
      "degree_1810": 1,
      "degree_1811": 1,
      "degree_1812": 1,
      "degree_1813": 1,
      "degree_1814": 1,
      "degree_1815": 1,
      "degree_1816": 1,
      "degree_1817": 1,
      "degree_1818": 1,
      "degree_1819": 1,
      "degree_1820": 1,
      "degree_1821": 1,
      "degree_1822": 1,
      "degree_1823": 1,
      "degree_1824": 2,
      "degree_1825": 2,
      "end": 1824,
      "gender": "female",
      "id": 531,
      "modularity": 2,
      "name": "Maria  Oberdorff",
      "race": "white",
      "start": 1806
    },
    {
      "between_1779": 0,
      "between_1780": 0,
      "between_1781": 0,
      "between_1782": 0,
      "between_1783": 0,
      "between_1784": 0,
      "between_1785": 0,
      "between_1786": 0,
      "between_1787": 0,
      "between_1788": 0,
      "between_1789": 0,
      "between_1790": 0,
      "between_1791": 0,
      "between_1792": 0,
      "between_1793": 0,
      "between_1794": 0,
      "between_1795": 0,
      "between_1796": 0,
      "between_1797": 0,
      "between_1798": 0,
      "between_1799": 0,
      "between_1800": 0,
      "between_1801": 0,
      "between_1802": 0,
      "between_1803": 0,
      "between_1804": 0,
      "between_1805": 0,
      "between_1806": 0,
      "between_1807": 0,
      "between_1808": 0,
      "between_1809": 0,
      "between_1810": 0,
      "between_1811": 0,
      "between_1812": 0,
      "between_1813": 0,
      "between_1814": 0,
      "between_1815": 0,
      "between_1816": 0,
      "between_1817": 0,
      "between_1818": 0,
      "between_1819": 0,
      "between_1820": 0,
      "between_1821": 0,
      "between_1822": 0,
      "between_1823": 0,
      "between_1824": 0,
      "between_1825": 0,
      "betweenness": 0,
      "bridge": "false",
      "degree": 1,
      "degree_1779": 0,
      "degree_1780": 0,
      "degree_1781": 0,
      "degree_1782": 0,
      "degree_1783": 1,
      "degree_1784": 1,
      "degree_1785": 1,
      "degree_1786": 1,
      "degree_1787": 1,
      "degree_1788": 1,
      "degree_1789": 1,
      "degree_1790": 1,
      "degree_1791": 1,
      "degree_1792": 1,
      "degree_1793": 1,
      "degree_1794": 1,
      "degree_1795": 1,
      "degree_1796": 1,
      "degree_1797": 1,
      "degree_1798": 1,
      "degree_1799": 1,
      "degree_1800": 1,
      "degree_1801": 1,
      "degree_1802": 1,
      "degree_1803": 1,
      "degree_1804": 0,
      "degree_1805": 0,
      "degree_1806": 0,
      "degree_1807": 0,
      "degree_1808": 0,
      "degree_1809": 0,
      "degree_1810": 0,
      "degree_1811": 0,
      "degree_1812": 0,
      "degree_1813": 0,
      "degree_1814": 0,
      "degree_1815": 0,
      "degree_1816": 0,
      "degree_1817": 0,
      "degree_1818": 0,
      "degree_1819": 0,
      "degree_1820": 0,
      "degree_1821": 0,
      "degree_1822": 0,
      "degree_1823": 0,
      "degree_1824": 0,
      "degree_1825": 0,
      "end": 1803,
      "gender": "female",
      "id": 180,
      "modularity": 2,
      "name": "Wife Of Georg Oberdorff",
      "race": "white",
      "start": 1783
    },
    {
      "between_1779": 0,
      "between_1780": 0,
      "between_1781": 0,
      "between_1782": 0,
      "between_1783": 0,
      "between_1784": 0,
      "between_1785": 0,
      "between_1786": 0,
      "between_1787": 0,
      "between_1788": 0,
      "between_1789": 0,
      "between_1790": 0,
      "between_1791": 0,
      "between_1792": 0,
      "between_1793": 0,
      "between_1794": 0,
      "between_1795": 0,
      "between_1796": 0,
      "between_1797": 0,
      "between_1798": 0,
      "between_1799": 0,
      "between_1800": 0,
      "between_1801": 0,
      "between_1802": 0,
      "between_1803": 0,
      "between_1804": 0,
      "between_1805": 0,
      "between_1806": 0,
      "between_1807": 0,
      "between_1808": 0,
      "between_1809": 0,
      "between_1810": 0,
      "between_1811": 0,
      "between_1812": 0,
      "between_1813": 0,
      "between_1814": 0,
      "between_1815": 0,
      "between_1816": 0,
      "between_1817": 0,
      "between_1818": 0,
      "between_1819": 0,
      "between_1820": 0,
      "between_1821": 0,
      "between_1822": 0,
      "between_1823": 0,
      "between_1824": 0,
      "between_1825": 0,
      "betweenness": 0,
      "bridge": "false",
      "degree": 1,
      "degree_1779": 1,
      "degree_1780": 1,
      "degree_1781": 1,
      "degree_1782": 1,
      "degree_1783": 1,
      "degree_1784": 1,
      "degree_1785": 1,
      "degree_1786": 1,
      "degree_1787": 1,
      "degree_1788": 1,
      "degree_1789": 1,
      "degree_1790": 1,
      "degree_1791": 1,
      "degree_1792": 1,
      "degree_1793": 1,
      "degree_1794": 1,
      "degree_1795": 1,
      "degree_1796": 1,
      "degree_1797": 1,
      "degree_1798": 1,
      "degree_1799": 1,
      "degree_1800": 0,
      "degree_1801": 0,
      "degree_1802": 0,
      "degree_1803": 0,
      "degree_1804": 0,
      "degree_1805": 0,
      "degree_1806": 0,
      "degree_1807": 0,
      "degree_1808": 0,
      "degree_1809": 0,
      "degree_1810": 0,
      "degree_1811": 0,
      "degree_1812": 0,
      "degree_1813": 0,
      "degree_1814": 0,
      "degree_1815": 0,
      "degree_1816": 0,
      "degree_1817": 0,
      "degree_1818": 0,
      "degree_1819": 0,
      "degree_1820": 0,
      "degree_1821": 0,
      "degree_1822": 0,
      "degree_1823": 0,
      "degree_1824": 0,
      "degree_1825": 0,
      "end": 1799,
      "gender": "male",
      "id": 179,
      "modularity": 2,
      "name": "Gorg  Oberdorff",
      "race": "white",
      "start": 1779
    },
    {
      "between_1779": 0,
      "between_1780": 0,
      "between_1781": 0,
      "between_1782": 0,
      "between_1783": 0,
      "between_1784": 0,
      "between_1785": 0,
      "between_1786": 0,
      "between_1787": 0,
      "between_1788": 0,
      "between_1789": 0,
      "between_1790": 0,
      "between_1791": 0,
      "between_1792": 0,
      "between_1793": 0,
      "between_1794": 0,
      "between_1795": 0,
      "between_1796": 0,
      "between_1797": 0,
      "between_1798": 0,
      "between_1799": 0,
      "between_1800": 0,
      "between_1801": 0,
      "between_1802": 0,
      "between_1803": 0,
      "between_1804": 0,
      "between_1805": 0,
      "between_1806": 0,
      "between_1807": 0,
      "between_1808": 0,
      "between_1809": 0,
      "between_1810": 0,
      "between_1811": 0,
      "between_1812": 0,
      "between_1813": 0,
      "between_1814": 0,
      "between_1815": 0,
      "between_1816": 0,
      "between_1817": 0,
      "between_1818": 0,
      "between_1819": 0,
      "between_1820": 0,
      "between_1821": 0,
      "between_1822": 0,
      "between_1823": 0,
      "between_1824": 0,
      "between_1825": 0,
      "betweenness": 0,
      "bridge": "false",
      "degree": 1,
      "degree_1779": 0,
      "degree_1780": 0,
      "degree_1781": 0,
      "degree_1782": 0,
      "degree_1783": 0,
      "degree_1784": 0,
      "degree_1785": 0,
      "degree_1786": 0,
      "degree_1787": 0,
      "degree_1788": 0,
      "degree_1789": 0,
      "degree_1790": 0,
      "degree_1791": 0,
      "degree_1792": 0,
      "degree_1793": 0,
      "degree_1794": 0,
      "degree_1795": 0,
      "degree_1796": 0,
      "degree_1797": 0,
      "degree_1798": 0,
      "degree_1799": 0,
      "degree_1800": 0,
      "degree_1801": 0,
      "degree_1802": 0,
      "degree_1803": 0,
      "degree_1804": 0,
      "degree_1805": 0,
      "degree_1806": 0,
      "degree_1807": 0,
      "degree_1808": 0,
      "degree_1809": 0,
      "degree_1810": 0,
      "degree_1811": 0,
      "degree_1812": 0,
      "degree_1813": 0,
      "degree_1814": 0,
      "degree_1815": 0,
      "degree_1816": 0,
      "degree_1817": 0,
      "degree_1818": 1,
      "degree_1819": 1,
      "degree_1820": 1,
      "degree_1821": 1,
      "degree_1822": 1,
      "degree_1823": 1,
      "degree_1824": 1,
      "degree_1825": 1,
      "end": 1824,
      "gender": "female",
      "id": 510,
      "modularity": 2,
      "name": "Anna Maria Oberdorff",
      "race": "white",
      "start": 1818
    }
  ]
}