id,name,gender
0,Adam  Gohn,male
1,Maria Catharina Gohn,female
2,Peter  Dritt,male
3,Maria Barbara Dellinger,female
4,Heinrich  Liebharth,male
5,Maria Catharina Liebharth,female
6,Philip  Muhlhof,male
7,Luise Catharina Muhlhof,female
8,Philip  Bentz,male
9,Maria Magdalena Bentz,female
10,Peter  Imschwiller,male
11,Maria Eva Imschwiller,female
12,Heinrich  Bannix,male
13,Wife Of Heinrich Bannix,unknown
14,Johannes Nicolaus Deh,male
15,Anna Margaretha Abel,female
16,Michael  Wallendin,male
17,Maria Elizabeth Dietenhofer,female
18,Nicholas  Kauffelt,male
19,Barbara  Kauffelt,female
20,Johannes Nicolaus Sen Geipp,male
21,Anna Scharlotta Geipp,female
22,Jacob  Riemann,male
23,Christina  Riemann,female
24,Heinrich  Stoll,male
25,Sussana  Stoll,unknown
26,Jacob  Leber,male
27,Anna Maria Leber,female
28,Johannes  Cron,male
29,Anna Maria Cron,female
30,Adam  Imenhauser,male
31,Anna Margaretha Imenhauser,female
32,Johannes  Hahn,male
33,Eliesabetha Margaretha Hahn,unknown
34,Agnes  Legnier,female
35,Lorentz  Hirschener,male
36,Maria Salome Hirschener,female
37,Michael  Zimermann,male
38,Maria Magdalena Zimermann,female
39,Johannes  Bayer,male
40,Anna Margaretha Bayer,female
41,William  Bord-Jou,male
42,Rebecca  Bord-Jou,female
43,Johannes Wilhelm Michel,male
44,Anna Barbara Schonberger,female
45,Christoph  Schafer,male
46,Sybilla Christina Bard,female
47,Paulus  Schafer,male
48,Anna Elizabeth Bard,female
49,Georg Philipp Lantz,male
50,Anna Margaretha Muhlhof,female
51,Mattheus  Demuth,unknown
52,Anna Maria Brehm,female
53,Georg Ludwig Grisch,male
54,Maria Catharina Grisch,female
55,Philip  Bennighof,male
56,Maria Elizabeth Schwerd,female
57,Jacob  Harington,male
58,Maria  Harington,female
59,Isaac  Harington,male
60,John  Harington,male
61,Balthaser  Schonberger,unknown
62,Jacob  Michel,male
63,Eliesabetha  Michel,unknown
64,Jacob  Schon,male
65,Eliesabetha Catharina Schon,unknown
66,Michael  Buttner,male
67,Eliesabetha  Buttner,unknown
68,Michael  Schwartz,male
69,Eva  Buschung,female
70,Melchior  Hermann,male
71,Agne  Schneider,female
72,Simmon  Cron,unknown
73,Antony  Kirchhard,male
74,Veronica  Albrecht,female
75,Martin  Bleymeyer,male
76,Catharina  Bleymeyer,female
77,Balthaser  Zumwald,unknown
78,Maria Clara Zumwald,female
79,Philip  Smith,male
80,Cathar:  Eliesabetha,unknown
81,Johnjacob  Schultz,unknown
82,Maria Barbara Ament,female
83,Valendin  Heyger,unknown
84,Anna Catharina Heyger,female
85,Philip  Hebeisen,male
86,Anna Margaretha Hebeisen,female
87,Peter  Attich,male
88,Anna Christina Attich,female
89,Georg  Wachtel,male
90,Maria Barbara Berckley,female
91,Samuel  Evans,male
92,Francisca  Evans,female
93,Johannes  Hirschener,male
94,Christina  Hirschener,female
95,Maria Margaretha Schonberger,female
96,Maria Catharina Cron,female
97,Johannes Philipp* Gohn,male
98,Maria Sophia Gohn,female
99,Johannes Philipp Gohn,male
100,Vitus  Behner,male
101,Maria Sophia Behner,female
102,Joseph  Infeld,male
103,Christina  Infeld,female
104,Jacob Schmelzer,male
105,Anna Margaretha Wacker,female
106,Jacob  Schmelzer,male
107,Isaac  Brubacher,male
108,Anna Maria Tiefenddorffer,female
109,Anna Elisabet Paulis,female
110,Antony  Ament,male
111,Heinrich  Wolff,male
112,Anna Maria Kramer,female
113,Ulrich  Seiler,male
114,Maria Elisabeta Geiss,female
115,Georg  Lafeber,male
116,Anna Barbara Schleyermacher,female
117,Johannes  Ament,male
118,Maria Apollonia Paulis,female
119,John Henric Willd,male
120,Catharina  Willd,female
121,John Georg Deh,male
122,Anna Margaret Deh,female
123,Deh Maria Catharina,unknown
124,Johannes  Nicolaus,male
125,Deh  Petter,unknown
126,Johannes Nicolaus Strehr,male
127,Mirick Catharina Strehr,unknown
128,Johannes Georg Meyer,male
129,Liesabeta  Meyer,unknown
130,John Nicolaus Schweytzer,male
131,Vendelina Gertraude Schafmann,unknown
132,Jacob  Gering,male
133,Margriet  Gering,mostly_female
134,Philip  Gohn,male
135,Anna Liesbeta Gohn,female
136,Johannes  Groff,male
137,Anna Madlinna Groff,female
138,Georg  Schmitt,male
139,Catharina  Schmitt,female
140,Lorentz  Paulis,male
141,Anna Christina Paulis,female
142,Jacob  Dritt,male
143,Eliesabetha  Dritt,unknown
144,Baltzer  Schonberger,unknown
145,Maria Margaret Schonberger,female
146,Philip  Schleifer,male
147,Maria Magdalena Schleifer,female
148,Caspar  Seiler,male
149,Maria Margaret Seiler,female
150,Heinrich  Lipphard,male
151,Anna Barbara Lipphard,female
152,Jacob  Hederich,male
153,Barbara  Hederich,female
154,Josua  Dellinger,male
155,Barbara  Dellinger,female
156,Jacob  Bayer,male
157,Catharina  Bayer,female
158,Madeis  Bekker,unknown
159,Esther  Bekker,female
160,Hanes  Brubacher,unknown
161,Esther  Brubacher,female
162,Georg Ludwig Eller,male
163,Barbara  Eller,female
164,Georg  Fuchs,male
165,Catharina  Fuchs,female
166,Georg  Feg,male
167,Sussana  Feg,unknown
168,Joseph  Williams,male
169,Eliesabetha  Williams,unknown
170,Peter  Dity,male
171,Anna Maria Dity,female
172,Wife Of Lorentz Herschner,unknown
173,Andries  Gohn,male
174,Euphronica  Gohn,unknown
175,Georg  Abel,male
176,Maria  Abel,female
177,Georg  Oberdorff,male
178,Eliesabetha  Oberdorff,unknown
179,Gorg  Oberdorff,male
180,Wife Of Georg Oberdorff,unknown
181,Cartolus  Manges,unknown
182,Wife Of Cartolus Manges,unknown
183,Johannes Wilhelm Young,male
184,Wife Of Johannes Wilhelm Young,unknown
185,Catharina  Wolff,female
186,Georg  Weinhold,male
187,Margriet  Weinhold,mostly_female
188,Veronica  Gohn,female
189,Peter  Kleyn,male
190,Eliesabetha  Kleyn,unknown
191,Michael  Strohmenger,male
192,Regina  Strohmenger,female
193,Johannes  Ruby,male
194,Salome  Ruby,female
195,Michael Miller Michaels,male
196,Sussana Miller Michaels,unknown
197,Johannes  Dellinger,male
198,Eliesabetha  Gohn,unknown
199,Michael  Zimer,male
200,Wife Of Michael Zimer,unknown
201,Catharina  Herschner,female
202,Michael  Miller,male
203,Sussana  Miller,unknown
204,Jacob  Schaub,male
205,Maria  Schaub,female
206,Wilhelm  Willis,male
207,Wife Of Wilhelm Willis,unknown
208,Peter  Geipp,male
209,Barbara  Geipp,female
210,Georg  Gartner,male
211,Eliesabetha  Gartner,unknown
212,Wilhelm  Thomassen,male
213,Eliesabetha  Thomassen,unknown
214,Daniel  Voigt,male
215,Eliesabetha  Voigt,unknown
216,James  Hinds,male
217,Sussana  Hinds,unknown
218,Heinrich  Petermann,male
219,Anna Maria Petermann,female
220,Solomon  Volck,male
221,Catharina  Volck,female
222,Christian  Kreley,male
223,Catharina  Kreley,female
224,Maria Elizabeth Kleyn,female
225,Conrad  Brubacher,male
226,Christina  Brubacher,female
227,Jacob  Imenhauser,male
228,Christina  Imenhauser,female
229,Philip  Holtzlein,male
230,Anna Maria Holtzlein,female
231,Froncia  Gohn,unknown
232,Adam  Schlott,male
233,Catharina  Schlott,female
234,Philip  Bayer,male
235,Magdalena  Bayer,female
236,Jacob  Schukley,male
237,Rosina  Schukley,female
238,Philip  Ruber,male
239,Christina  Ruber,female
240,Jacob  Vollweiler,male
241,Anna Maria Vollweiler,female
242,Mattheus  Kepler,unknown
243,Maria Lisabeth Kepler,female
244,Johannes  Reissinger,male
245,Magdalena  Reissinger,female
246,Friedrich  Frey,male
247,Dorothea  Frey,female
248,Adam  Schenberger,male
249,Catharina  Schenberger,female
250,Michael  Schlott,male
251,Johannes  Will,male
252,Catharina  Will,female
253,Anna Maria Ruby,female
254,Dennis  Clary,male
255,Brigitta  Clary,female
256,Jacob  Gohn,male
257,Barbara  Gohn,female
258,Friedrich  Spatz,male
259,Catharina  Spatz,female
260,Adam  Paulis,male
261,Eliesabetha  Paulis,unknown
262,Friedrich  Hammer,male
263,Sussana  Hammer,unknown
264,Margriet  Abel,mostly_female
265,Conrad  Brubache,male
266,Christina  Brubache,female
267,Conrad  Bebersen,male
268,Catharina  Bebersen,female
269,Lorentz  Heindel,male
270,Sussana  Heindel,unknown
271,Thomas  Williams,male
272,Johannes  Geiss,male
273,Anna Maria Geiss,female
274,Mattheus  Bekker,unknown
275,Hester  Bekker,female
276,Jacob  Weibel,male
277,Ursula  Weibel,female
278,Daniel  Clary,male
279,Eliesabetha  Clary,unknown
280,Jacob  Holzel,male
281,Christina  Holzel,female
282,Abraham  Albrecht,male
283,Magaret  Albrecht,unknown
284,Michael  Behmuller,male
285,Anna Maria Behmuller,female
286,Heinrich  Gohn,male
287,Christina  Gohn,female
288,Jacob  Neff,male
289,Magdalena  Neff,female
290,Edward  Smith,male
291,Sara  Smith,female
292,Andries  Wollheim,male
293,Margriet  Wollheim,mostly_female
294,Georg  Paulis,male
295,Magdalena  Paulis,female
296,Jacob  Berckley,male
297,Veronica  Berckley,female
298,Jacob  Dellinger,male
299,Christina  Dellinger,female
300,Gartner Georg Schlott,unknown
301,Eliesabetha  Schlott,unknown
302,Catharina  Imschwiller,female
303,Gorg  Abel,male
304,Michael  Cron,male
305,Catharina  Cron,female
306,Conrath  Bebersen,unknown
307,Johannes  Rauffvon,male
308,Wife Of Johannes Rauffvon,unknown
309,Wife Of Johannes Cron,unknown
310,Heinrich  Hammer,male
311,Magdalena  Hammer,female
312,Heinrich  Paulis,male
313,Sussana  Paulis,unknown
314,Michael  Kauffelt,male
315,Sophia  Kauffelt,female
316,Philip  Holzel,male
317,Maria  Holzel,female
318,Maria Elizabeth Williams,female
319,Benjamin  Williams,male
320,Rosina  Williams,female
321,Eelisabetaha  Gohn,unknown
322,Carl  Bernats,male
323,Christina  Bernats,female
324,Jacob  Holtzel,male
325,Christina  Holtzel,female
326,Georg  Lieberknecht,male
327,Catharina  Eliesabetha,female
328,David  Gehr,male
329,Anna Maria Gehr,female
330,Edward  Schmitt,male
331,Wife Of Etward Schmitt,unknown
332,Wife Of Johannes Ruby,unknown
333,Grety  Clary,female
334,Daniel  Reuter,male
335,Margriet  Reuter,mostly_female
336,William  Thomassen,male
337,Marthin  Ruby,unknown
338,Margretha  Ruby,female
339,Johannes  Mase,male
340,Magaret  Mase,unknown
341,Wife Of Mathias Bekker,unknown
342,Antony  Grovall,male
343,Wife Of Antony Grovall,unknown
344,Wife Of Johannes Mase,unknown
345,Adam  Heindel,male
346,Eliesabetha  Heindel,unknown
347,Michael  Ziegler,male
348,Anna Maria Ziegler,female
349,Peter  Optegraf,male
350,Eliesabetha  Optegraf,unknown
351,Lorentz  Brubacher,male
352,Heinrich  Urberich,male
353,Wife Of Heinrich Urberich,unknown
354,Wife Of Michael Cron,unknown
355,Wife Of Michael Strohmenger,unknown
356,Philip  Holtzel,male
357,Anna Maria Holtzel,female
358,Friedrich  Pfaff,male
359,Anna Magaret Pfaff,female
360,Jacob  Kraft,male
361,Anna Maria Kraft,female
362,Heinrich  Dellinger,male
363,Sussana  Dellinger,unknown
364,Catharina Elizabeth Lieberknecht,female
365,Nicklos  Rieser,unknown
366,Margretha  Rieser,female
367,Mart:  Ruby,unknown
368,Margriet  Schonberg,mostly_female
369,Regina  Dellinger,female
370,Jacob  Ohlweiler,male
371,Anna Maria Ohlweiler,female
372,Thomas  Harris,male
373,Maria  Harris,female
374,Heinrich  Wachtel,male
375,Catharina  Wachtel,female
376,Peter  Billotz,male
377,Margriet  Billotz,mostly_female
378,Adam  Ottstatt,male
379,Sophia  Ottstatt,female
380,Johannes  Brubacher,male
381,Rechina  Dellinger,unknown
382,Jacob  Petermann,male
383,Catharina  Petermann,female
384,Nicholas  Walliser,male
385,Margriet  Walliser,mostly_female
386,Johannes  Walliser,male
387,Eliesabetha  Walliser,unknown
388,Georg  Albrecht,male
389,Magdalena  Albrecht,female
390,Heinrich  Ottstatt,male
391,Catharina  Ottstatt,female
392,Maria  Kraft,female
393,Philip  Jacob,male
394,Peter  Miller,male
395,Charles  Barnes,male
396,John  Barnes,male
397,Johannes  Schlott,male
398,Anna Margaretha Pfaff,female
399,Michael  Brubacher,male
400,Magdalena  Brubacher,female
401,Johannes Michael Kauffelt,male
402,Johannes  Petermann,male
403,Barbara  Petermann,female
404,Peter  Wanbach,male
405,Anna Maria Wanbach,female
406,Frantz  Wenner,male
407,Catharina  Wenner,female
408,Johannes Peter Erlenkieser,male
409,Anna Maria Erlenkieser,female
410,Heinrich  Kleyn,male
411,Catharina  Kleyn,female
412,Johanna  Barnes,female
413,Johannes  Clary,male
414,Sussana  Clary,unknown
415,Johannes Daniel Rauss,male
416,Anna Barbara Rauss,female
417,Johannes Georg Lieberknecht,male
418,Adam  Othstadt,male
419,Sophia  Othstadt,female
420,Margriet  Pfaff,mostly_female
421,Christoph  Ruby,male
422,Regina  Ruby,female
423,Barbara  Ament,female
424,Catharina  Jacob,female
425,Maria Elizabeth Heibele,female
426,Peter  Wambach,male
427,Anna Maria Wambach,female
428,Johannes  Schafer,male
429,Anna Margaret Schafer,female
430,Samuel  Clary,male
431,Magdalena  Clary,female
432,Frantz  Warner,male
433,Catharina  Warner,female
434,Joseph  Gordon,male
435,Catharina  Gordon,female
436,Michael  Strohnmenger,male
437,Regina  Strohnmenger,female
438,Peter  Erlenkieser,male
439,Anna Margaretha Erlenkieser,female
440,Peter  Abel,male
441,Catharina  Abel,female
442,Johannes  Gilbert,male
443,Anna Maria Gilbert,female
444,John  Neukom,male
445,Margriet  Neukom,mostly_female
446,Peter  Ehrlichhauser,male
447,Anna Margaret Ehrlichhauser,female
448,Robert  Andersen,male
449,Eliesabetha  Andersen,unknown
450,Friedrich  Ament,male
451,Rebecca  Ament,female
452,James  Strong,male
453,Catharina  Strong,female
454,Adam  Sternberg,male
455,Christina  Sternberg,female
456,Johannes Nicolaus Young,male
457,Magdalena  Young,female
458,Anna Margaret Pfaff,female
459,Johannes  Schonberger,male
460,Georg  Dosch,male
461,Eliesabetha  Dosch,unknown
462,Bernardus  Sculy,male
463,Maria  Sculy,female
464,Jacob  Lieberknecht,male
465,Magdalena  Lieberknecht,female
466,Georg  Frey,male
467,Sussana  Frey,unknown
468,Hanes  Ruby,unknown
469,Hanes  Philib,unknown
470,Efalisabetha  Philib,unknown
471,Christian  Walck,male
472,Eliesabetha  Walck,unknown
473,Johannes  Walck,male
474,Barbara  Walck,female
475,Wife Of Philib Holtzel,unknown
476,Wife Of Daniel Clary,unknown
477,Hana  Wolff,female
478,Cadarina  Strong,unknown
479,Eliesabetha  Lipphard,unknown
480,Nicklos  Young,unknown
481,Eliesabetha  Hammer,unknown
482,Daniel  Ruby,male
483,Eliesabetha  Ruby,unknown
484,Andries  Gilbert,male
485,David  Rim,male
486,Anna Maria  Rim,female
487,Adam  Sternberger,male
488,Christina  Sternberger,female
489,Sophia  Dellinger,female
490,Anna Maria Ament,female
491,Magdalena  Imenhauser,female
492,James  Norris,male
493,Barbara  Norris,female
494,Friedrich  Lieberknecht,male
495,Margriet  Lieberknecht,mostly_female
496,Peter  Clary,male
497,Juliana  Clary,female
498,George  Kuntz,male
499,Eliesabetha  Kuntz,unknown
500,Georg  Gohn,male
501,Magdalena  Gohn,female
502,Peter  Manges,male
503,Eliesabetha  Manges,unknown
504,Georg  Young,male
505,Eliesabetha  Young,unknown
506,Michael  Dellinger,male
507,Eliesabetha  Dellinger,unknown
508,Barbara  Clary,female
509,Regina  Neff,female
510,Anna Maria Oberdorff,female
511,Bernhardt  Sculy,male
512,Martin  Evans,male
513,Eliesabetha  Evans,unknown
514,Georg  Ziegler,male
515,Dorothea  Ziegler,female
516,Johannes  Abel,male
517,Sophia  Clary,female
518,Anna Elizabeth Voigt,female
519,Rebecca Dosh,female
520,Daniel  Wittman,male
521,Friederich Lehmann,male
522,Anna Lehmann,female
523,Peter  Seib,male
524,Maria  Seib,female
525,George  Geiss,male
526,Eliesabetha  Geiss,unknown
527,Friedrich  Dosch,male
528,Rebecca  Dosch,female
529,Christian  Schnell,male
530,Magdalena  Schnell,female
531,Maria  Oberdorff,female
532,Johannes  Kauffelt,male
533,Maria  Kauffelt,female
534,Jacob  Kauffelt,male
535,Eliesabetha  Kauffelt,unknown
536,Heinrich  Einstein,male
537,Christina  Einstein,female
538,Johannes Georg Young,male
539,Friedrich  Ottstatt,male
540,Eliesabetha  Ottstatt,unknown
541,Adam  Adig,male
542,Eliesabetha  Adig,unknown
543,Michael  Hengst,male
544,Juliana  Hengst,female
545,Peter  Ziegler,male
546,Sussana  Ziegler,unknown
547,Andries  Schweytzer,male
548,Catharina  Schweytzer,female
549,George Christian Borgholthaus,male
550,A M Elisabeth Borgholthaus,unknown
551,Catharina  Lieberknecht,female
552,Philip  Jacobs,male
553,Catharina  Jacobs,female
554,Andrew  Gilbert,male
555,Michael  Schonberger,male
556,Samuel  Miller,male
557,Nancy  Miller,female
558,Philip  Lipphard,male
559,Elisasbeth  Voigt,unknown
560,Georg  Pfaff,male
561,Catharina  Pfaff,female
562,Peter  Abe,male
563,Catharina  Abe,female
564,Georg  Sculy,male
565,Dorothea  Sculy,female
566,Stophel  Ruby,unknown
567,Christian  Heindel,male
568,Rebecca  Heindel,female
569,Catharina  Dellinger,female
570,Georg  Ahl,male
571,Sussana  Schlott,unknown
572,Georg  Liebeknecht,male
573,Catharina  Liebeknecht,female
574,Samuel  Winters,male
575,Eva  Winters,female
576,John  Ferleman,male
577,Henrietta  Ferleman,female
578,Daniel  Dellinger,male
579,Johannes  Pfaff,male
580,Eliesabetha  Pfaff,unknown
581,Frederick Wilhelm Bergholdhaus,male
582,Eliesabetha  Bergholdhaus,unknown
583,Adam  Attich,male
584,Maria  Attich,female
585,Johannes  Gohn,male
586,Catharina  Gohn,female
587,Nicklos  Hemstet,unknown
588,Margriet  Hemstet,mostly_female
589,Gartman  Magdalena,unknown
590,Heinrich  Magdalena,male
591,Joseph  Small,male
592,Wife Of Joseph Small,unknown
593,Lorentz  Cron,male
594,Eliesabetha  Cron,unknown
595,Daniel  Oberdorff,male
596,Lydia  Oberdorff,female
597,Joseph  Reuter,male
598,Eliesabetha  Reuter,unknown
599,Christian  Maurer,male
600,Christina  Maurer,female
601,Robert  Jones,male
602,Catharina  Jones,female
603,John  Steward,male
604,Cassia  Steward,female
605,Heinrich  Wohlleber,male
606,Catharina  Wohlleber,female
607,Georg  Ruby,male
608,Anna  Ruby,female
609,Adam  Butscher,male
610,Maria  Butscher,female
611,Christopher  Dosch,male
612,Magdalena  Dosch,female
613,Johannes  Lutz,male
614,Eliesabetha  Lutz,unknown
615,Eliesabetha  Holtzel,unknown
616,Abraham  Peik,male
617,Catharina  Peik,female
618,Maria  Reissinger,female
619,Balser  Schenberger,unknown
620,Maria  Schenberger,female
621,Daniel  Neff,male
622,Maria  Neff,female
623,Friedrich  Miller,male
624,Barbara  Schlott,female
625,Adam  Kramlich,male
626,Magdalena  Kramlich,female
627,George  Oberdorff,male
628,Peter  Leber,male
629,Wife Of Peder Leber,unknown
630,Johannes  Philips,male
631,Eva Elizabeth Philips,female
632,Michael  Ottstatt,male
633,Magdalena  Ottstatt,female
634,Peter  Liebengut,male
635,Sussana  Liebengut,unknown
636,Christia  Dritt,unknown
637,Frena  Dritt,unknown
638,Lorenz  Cron,male
639,Jacob  Geiss,male
640,Margretha  Lieberknecht,female
641,Francis  Hartman,male
642,Magdalena  Hartman,female
643,Jacob  Smith,male
644,Rusy  Smith,unknown
645,Conrad  Krepgaher,male
646,Christina  Krepgaher,female
647,Adolf  Ottstatt,male
648,Gotfried  Thomase,unknown
649,Magdalena  Thomase,female
650,Peter  Cron,male
651,Magdalena  Cron,female
652,Frantz  Wohlleber,male
653,Margriet  Wohlleber,mostly_female
654,Christ  Dritt,male
655,Michael  Busick,male
656,Anna  Busick,female
657,Georg  Voth,male
658,Sussana  Voth,unknown
659,Jacob  Imheiser,male
660,Magdalena  Imheiser,female
661,George  Gohn,male
662,Magdalena  Ziegler,female
663,Jacob  Liebenknecht,male
664,Magdalena  Liebenknecht,female
665,Catharina  Oberdorff,female
666,Sussana  Kauffelt,unknown
667,Conrath  Hicks,unknown
668,Eva  Hicks,female
669,Georg  Weimer,male
670,Christina  Weimer,female
671,Franz  Wohlleber,male
672,Jacob  Schmitt,male
673,Eliesabetha  Schmitt,unknown
674,Christofel  Dosch,unknown
675,Francis  Dritt,male
676,Jacob  Lipphard,male
677,Johannes  Wilhelm,male
678,Juliana  Wilhelm,female
679,Jacob  Liebeknecht,male
680,Magdalena  Liebeknecht,female
681,Thomas  Herst,male
682,Catharina  Herst,female
683,Christian  Selzer,male
684,Hana  Selzer,female
685,Philip  Schafer,male
686,Eliesabetha  Schafer,unknown
687,Christoph  Dosch,male
688,John  Dritt,male
689,Maria  Dritt,female
690,Anna Maria  Weber,female
691,Christian  Dritt,male
692,Christian  Flory,male
693,Eliesabetha  Flory,unknown
694,July  Wilhelm,unknown
695,And  Gilbert,unknown
696,Johannes  Omig,male
697,Anna Maria Omig,female
698,Michael  Paulis,male
699,Rebecca  Paulis,female
700,Johannes  Knepfiehl,male
701,Catharina  Knepfiehl,female
702,Nicklos  Leber,unknown
703,Eliesabetha  Leber,unknown
704,Heinrich  Sherer,male
705,Eliesabetha  Sherer,unknown
706,Nicholas  Hempstett,male
707,Margriet  Hempstett,mostly_female
708,Heinrich  Wohlleben,male
709,Catharina  Wohlleben,female
710,David  Ruby,male
711,Rebecca  Ruby,female
712,Christian  Seltzer,male
713,Catharina  Seltzer,female
714,Daniel  Fischel,male
715,Eliesabetha  Fischel,unknown
716,Johannes Friederich Lieberknecht,male
717,Ernst Christoffel Holtzel,male
718,Antony  Clary,male
719,Carolus  Manges,male
720,Catharina  Johanes,female
721,John  Weber,male
722,Heinrich  Weber,male
723,Johannes Lorenz Paulis,male
724,Pfillib  Schleifer,unknown
725,Johannes  Tormann,male
726,Catharina Margaret Tormann,female
727,Gorg  Attich,male
728,Cadarina  Erford,unknown
729,Gorg  Behner,male
730,Annelis  Schafer,female
731,Wife Of Michael Miller,unknown
732,Barbara  Hamm,female
733,Georg  Papff,male
734,Wife Of Georg Papff,unknown
