id,name,gender,race
0,Adam  Gohn,male,white
1,Maria Catharina Gohn,female,white
2,Peter  Dritt,male,white
3,Maria Barbara Dellinger,female,white
4,Heinrich  Liebharth,male,white
5,Maria Catharina Liebharth,female,white
6,Philip  Muhlhof,male,white
7,Luise Catharina Muhlhof,female,white
8,Philip  Bentz,male,white
9,Maria Magdalena Bentz,female,white
10,Peter  Imschwiller,male,white
11,Maria Eva Imschwiller,female,white
12,Heinrich  Bannix,male,white
13,Wife Of Heinrich Bannix,female,white
14,Johannes Nicolaus Deh,male,white
15,Anna Margaretha Abel,female,white
16,Michael  Wallendin,male,white
17,Maria Elizabeth Dietenhofer,female,white
18,Nicholas  Kauffelt,male,white
19,Barbara  Kauffelt,female,white
20,Johannes Nicolaus Sen Geipp,male,white
21,Anna Scharlotta Geipp,female,white
22,Jacob  Riemann,male,white
23,Christina  Riemann,female,white
24,Heinrich  Stoll,male,white
25,Sussana  Stoll,female,white
26,Jacob  Leber,male,white
27,Anna Maria Leber,female,white
28,Johannes  Cron,male,white
29,Anna Maria Cron,female,white
30,Adam  Imenhauser,male,white
31,Anna Margaretha Imenhauser,female,white
32,Johannes  Hahn,male,white
33,Eliesabetha Margaretha Hahn,unknown,white
34,Agnes  Legnier,female,white
35,Lorentz  Hirschener,male,white
36,Maria Salome Hirschener,female,white
37,Michael  Zimermann,male,white
38,Maria Magdalena Zimermann,female,white
39,Johannes  Bayer,male,white
40,Anna Margaretha Bayer,female,white
41,William  Bord-Jou,male,white
42,Rebecca  Bord-Jou,female,white
43,Johannes Wilhelm Michel,male,white
44,Anna Barbara Schonberger,female,white
45,Christoph  Schafer,male,white
46,Sybilla Christina Bard,female,white
47,Paulus  Schafer,male,white
48,Anna Elizabeth Bard,female,white
49,Georg Philipp Lantz,male,white
50,Anna Margaretha Muhlhof,female,white
51,Mattheus  Demuth,male,white
52,Anna Maria Brehm,female,white
53,Georg Ludwig Grisch,male,white
54,Maria Catharina Grisch,female,white
55,Philip  Bennighof,male,white
56,Maria Elizabeth Schwerd,female,white
57,Jacob  Harington,male,white
58,Maria  Harington,female,white
59,Isaac  Harington,male,white
60,John  Harington,male,white
61,Balthaser  Schonberger,male,white
62,Jacob  Michel,male,white
63,Eliesabetha  Michel,unknown,white
64,Jacob  Schon,male,white
65,Eliesabetha Catharina Schon,unknown,white
66,Michael  Buttner,male,white
67,Eliesabetha  Buttner,unknown,white
68,Michael  Schwartz,male,white
69,Eva  Buschung,female,white
70,Melchior  Hermann,male,white
71,Agne  Schneider,female,white
72,Simmon  Cron,unknown,white
73,Antony  Kirchhard,male,white
74,Veronica  Albrecht,female,white
75,Martin  Bleymeyer,male,white
76,Catharina  Bleymeyer,female,white
77,Balthaser  Zumwald,male,white
78,Maria Clara Zumwald,female,white
79,Philip  Smith,male,white
80,Cathar:  Eliesabetha,unknown,white
81,Johnjacob  Schultz,unknown,white
82,Maria Barbara Ament,female,white
83,Valendin  Heyger,unknown,white
84,Anna Catharina Heyger,female,white
85,Philip  Hebeisen,male,white
86,Anna Margaretha Hebeisen,female,white
87,Peter  Attich,male,white
88,Anna Christina Attich,female,white
89,Georg  Wachtel,male,white
90,Maria Barbara Berckley,female,white
91,Samuel  Evans,male,white
92,Francisca  Evans,female,white
93,Johannes  Hirschener,male,white
94,Christina  Hirschener,female,white
95,Maria Margaretha Schonberger,female,white
96,Maria Catharina Cron,female,white
97,Johannes Philipp* Gohn,male,white
98,Maria Sophia Gohn,female,white
99,Johannes Philipp Gohn,male,white
100,Vitus  Behner,male,white
101,Maria Sophia Behner,female,white
102,Joseph  Infeld,male,white
103,Christina  Infeld,female,white
104,Jacob Schmelzer,male,white
105,Anna Margaretha Wacker,female,white
106,Jacob  Schmelzer,male,white
107,Isaac  Brubacher,male,white
108,Anna Maria Tiefenddorffer,female,white
109,Anna Elisabet Paulis,female,white
110,Antony  Ament,male,white
111,Heinrich  Wolff,male,white
112,Anna Maria Kramer,female,white
113,Ulrich  Seiler,male,white
114,Maria Elisabeta Geiss,female,white
115,Georg  Lafeber,male,white
116,Anna Barbara Schleyermacher,female,white
117,Johannes  Ament,male,white
118,Maria Apollonia Paulis,female,white
119,John Henric Willd,male,white
120,Catharina  Willd,female,white
121,John Georg Deh,male,white
122,Anna Margaret Deh,female,white
123,Deh Maria Catharina,unknown,white
124,Johannes  Nicolaus,male,white
125,Deh  Petter,unknown,white
126,Johannes Nicolaus Strehr,male,white
127,Mirick Catharina Strehr,unknown,white
128,Johannes Georg Meyer,male,white
129,Liesabeta  Meyer,unknown,white
130,John Nicolaus Schweytzer,male,white
131,Vendelina Gertraude Schafmann,unknown,white
132,Jacob  Gering,male,white
133,Margriet  Gering,female,white
134,Philip  Gohn,male,white
135,Anna Liesbeta Gohn,female,white
136,Johannes  Groff,male,white
137,Anna Madlinna Groff,female,white
138,Georg  Schmitt,male,white
139,Catharina  Schmitt,female,white
140,Lorentz  Paulis,male,white
141,Anna Christina Paulis,female,white
142,Jacob  Dritt,male,white
143,Eliesabetha  Dritt,unknown,white
144,Baltzer  Schonberger,unknown,white
145,Maria Margaret Schonberger,female,white
146,Philip  Schleifer,male,white
147,Maria Magdalena Schleifer,female,white
148,Caspar  Seiler,male,white
149,Maria Margaret Seiler,female,white
150,Heinrich  Lipphard,male,white
151,Anna Barbara Lipphard,female,white
152,Jacob  Hederich,male,white
153,Barbara  Hederich,female,white
154,Josua  Dellinger,male,white
155,Barbara  Dellinger,female,white
156,Jacob  Bayer,male,white
157,Catharina  Bayer,female,white
158,Madeis  Bekker,unknown,white
159,Esther  Bekker,female,white
160,Hanes  Brubacher,unknown,white
161,Esther  Brubacher,female,white
162,Georg Ludwig Eller,male,white
163,Barbara  Eller,female,white
164,Georg  Fuchs,male,white
165,Catharina  Fuchs,female,white
166,Georg  Feg,male,white
167,Sussana  Feg,female,white
168,Joseph  Williams,male,white
169,Eliesabetha  Williams,unknown,white
170,Peter  Dity,male,white
171,Anna Maria Dity,female,white
172,Wife Of Lorentz Herschner,female,white
173,Andries  Gohn,male,white
174,Euphronica  Gohn,unknown,white
175,Georg  Abel,male,white
176,Maria  Abel,female,white
177,Georg  Oberdorff,male,white
178,Eliesabetha  Oberdorff,unknown,white
179,Gorg  Oberdorff,male,white
180,Wife Of Georg Oberdorff,female,white
181,Cartolus  Manges,unknown,white
182,Wife Of Cartolus Manges,female,white
183,Johannes Wilhelm Young,male,white
184,Wife Of Johannes Wilhelm Young,female,white
185,Catharina  Wolff,female,white
186,Georg  Weinhold,male,white
187,Margriet  Weinhold,female,white
188,Veronica  Gohn,female,white
189,Peter  Kleyn,male,white
190,Eliesabetha  Kleyn,unknown,white
191,Michael  Strohmenger,male,white
192,Regina  Strohmenger,female,white
193,Johannes  Ruby,male,white
194,Salome  Ruby,female,white
195,Michael Miller Michaels,male,white
196,Sussana Miller Michaels,female,white
197,Johannes  Dellinger,male,white
198,Eliesabetha  Gohn,unknown,white
199,Michael  Zimer,male,white
200,Wife Of Michael Zimer,female,white
201,Catharina  Herschner,female,white
202,Michael  Miller,male,white
203,Sussana  Miller,female,white
204,Jacob  Schaub,male,white
205,Maria  Schaub,female,white
206,Wilhelm  Willis,male,white
207,Wife Of Wilhelm Willis,female,white
208,Peter  Geipp,male,white
209,Barbara  Geipp,female,white
210,Georg  Gartner,male,white
211,Eliesabetha  Gartner,unknown,white
212,Wilhelm  Thomassen,male,white
213,Eliesabetha  Thomassen,unknown,white
214,Daniel  Voigt,male,white
215,Eliesabetha  Voigt,unknown,white
216,James  Hinds,male,white
217,Sussana  Hinds,female,white
218,Heinrich  Petermann,male,white
219,Anna Maria Petermann,female,white
220,Solomon  Volck,male,white
221,Catharina  Volck,female,white
222,Christian  Kreley,male,white
223,Catharina  Kreley,female,white
224,Maria Elizabeth Kleyn,female,white
225,Conrad  Brubacher,male,white
226,Christina  Brubacher,female,white
227,Jacob  Imenhauser,male,white
228,Christina  Imenhauser,female,white
229,Philip  Holtzlein,male,white
230,Anna Maria Holtzlein,female,white
231,Froncia  Gohn,unknown,white
232,Adam  Schlott,male,white
233,Catharina  Schlott,female,white
234,Philip  Bayer,male,white
235,Magdalena  Bayer,female,white
236,Jacob  Schukley,male,white
237,Rosina  Schukley,female,white
238,Philip  Ruber,male,white
239,Christina  Ruber,female,white
240,Jacob  Vollweiler,male,white
241,Anna Maria Vollweiler,female,white
242,Mattheus  Kepler,male,white
243,Maria Lisabeth Kepler,female,white
244,Johannes  Reissinger,male,white
245,Magdalena  Reissinger,female,white
246,Friedrich  Frey,male,white
247,Dorothea  Frey,female,white
248,Adam  Schenberger,male,white
249,Catharina  Schenberger,female,white
250,Michael  Schlott,male,white
251,Johannes  Will,male,white
252,Catharina  Will,female,white
253,Anna Maria Ruby,female,white
254,Dennis  Clary,male,white
255,Brigitta  Clary,female,white
256,Jacob  Gohn,male,white
257,Barbara  Gohn,female,white
258,Friedrich  Spatz,male,white
259,Catharina  Spatz,female,white
260,Adam  Paulis,male,white
261,Eliesabetha  Paulis,unknown,white
262,Friedrich  Hammer,male,white
263,Sussana  Hammer,female,white
264,Margriet  Abel,female,white
265,Conrad  Brubache,male,white
266,Christina  Brubache,female,white
267,Conrad  Bebersen,male,white
268,Catharina  Bebersen,female,white
269,Lorentz  Heindel,male,white
270,Sussana  Heindel,female,white
271,Thomas  Williams,male,white
272,Johannes  Geiss,male,white
273,Anna Maria Geiss,female,white
274,Mattheus  Bekker,male,white
275,Hester  Bekker,female,white
276,Jacob  Weibel,male,white
277,Ursula  Weibel,female,white
278,Daniel  Clary,male,white
279,Eliesabetha  Clary,unknown,white
280,Jacob  Holzel,male,white
281,Christina  Holzel,female,white
282,Abraham  Albrecht,male,white
283,Magaret  Albrecht,unknown,white
284,Michael  Behmuller,male,white
285,Anna Maria Behmuller,female,white
286,Heinrich  Gohn,male,white
287,Christina  Gohn,female,white
288,Jacob  Neff,male,white
289,Magdalena  Neff,female,white
290,Edward  Smith,male,white
291,Sara  Smith,female,white
292,Andries  Wollheim,male,white
293,Margriet  Wollheim,female,white
294,Georg  Paulis,male,white
295,Magdalena  Paulis,female,white
296,Jacob  Berckley,male,white
297,Veronica  Berckley,female,white
298,Jacob  Dellinger,male,white
299,Christina  Dellinger,female,white
300,Gartner Georg Schlott,unknown,white
301,Eliesabetha  Schlott,unknown,white
302,Catharina  Imschwiller,female,white
303,Gorg  Abel,male,white
304,Michael  Cron,male,white
305,Catharina  Cron,female,white
306,Conrath  Bebersen,unknown,white
307,Johannes  Rauffvon,male,white
308,Wife Of Johannes Rauffvon,female,white
309,Wife Of Johannes Cron,female,white
310,Heinrich  Hammer,male,white
311,Magdalena  Hammer,female,white
312,Heinrich  Paulis,male,white
313,Sussana  Paulis,female,white
314,Michael  Kauffelt,male,white
315,Sophia  Kauffelt,female,white
316,Philip  Holzel,male,white
317,Maria  Holzel,female,white
318,Maria Elizabeth Williams,female,white
319,Benjamin  Williams,male,white
320,Rosina  Williams,female,white
321,Eelisabetaha  Gohn,unknown,white
322,Carl  Bernats,male,white
323,Christina  Bernats,female,white
324,Jacob  Holtzel,male,white
325,Christina  Holtzel,female,white
326,Georg  Lieberknecht,male,white
327,Catharina  Eliesabetha,female,white
328,David  Gehr,male,white
329,Anna Maria Gehr,female,white
330,Edward  Schmitt,male,white
331,Wife Of Etward Schmitt,female,white
332,Wife Of Johannes Ruby,female,white
333,Grety  Clary,female,white
334,Daniel  Reuter,male,white
335,Margriet  Reuter,female,white
336,William  Thomassen,male,white
337,Marthin  Ruby,unknown,white
338,Margretha  Ruby,female,white
339,Johannes  Mase,male,white
340,Magaret  Mase,unknown,white
341,Wife Of Mathias Bekker,female,white
342,Antony  Grovall,male,white
343,Wife Of Antony Grovall,female,white
344,Wife Of Johannes Mase,female,white
345,Adam  Heindel,male,white
346,Eliesabetha  Heindel,unknown,white
347,Michael  Ziegler,male,white
348,Anna Maria Ziegler,female,white
349,Peter  Optegraf,male,white
350,Eliesabetha  Optegraf,unknown,white
351,Lorentz  Brubacher,male,white
352,Heinrich  Urberich,male,white
353,Wife Of Heinrich Urberich,female,white
354,Wife Of Michael Cron,female,white
355,Wife Of Michael Strohmenger,female,white
356,Philip  Holtzel,male,white
357,Anna Maria Holtzel,female,white
358,Friedrich  Pfaff,male,white
359,Anna Magaret Pfaff,female,white
360,Jacob  Kraft,male,white
361,Anna Maria Kraft,female,white
362,Heinrich  Dellinger,male,white
363,Sussana  Dellinger,female,white
364,Catharina Elizabeth Lieberknecht,female,white
365,Nicklos  Rieser,unknown,white
366,Margretha  Rieser,female,white
367,Mart:  Ruby,unknown,white
368,Margriet  Schonberg,female,white
369,Regina  Dellinger,female,white
370,Jacob  Ohlweiler,male,white
371,Anna Maria Ohlweiler,female,white
372,Thomas  Harris,male,white
373,Maria  Harris,female,white
374,Heinrich  Wachtel,male,white
375,Catharina  Wachtel,female,white
376,Peter  Billotz,male,white
377,Margriet  Billotz,female,white
378,Adam  Ottstatt,male,white
379,Sophia  Ottstatt,female,white
380,Johannes  Brubacher,male,white
381,Rechina  Dellinger,unknown,white
382,Jacob  Petermann,male,white
383,Catharina  Petermann,female,white
384,Nicholas  Walliser,male,white
385,Margriet  Walliser,female,white
386,Johannes  Walliser,male,white
387,Eliesabetha  Walliser,unknown,white
388,Georg  Albrecht,male,white
389,Magdalena  Albrecht,female,white
390,Heinrich  Ottstatt,male,white
391,Catharina  Ottstatt,female,white
392,Maria  Kraft,female,white
393,Philip  Jacob,male,white
394,Peter  Miller,male,white
395,Charles  Barnes,male,white
396,John  Barnes,male,white
397,Johannes  Schlott,male,white
398,Anna Margaretha Pfaff,female,white
399,Michael  Brubacher,male,white
400,Magdalena  Brubacher,female,white
401,Johannes Michael Kauffelt,male,white
402,Johannes  Petermann,male,white
403,Barbara  Petermann,female,white
404,Peter  Wanbach,male,white
405,Anna Maria Wanbach,female,white
406,Frantz  Wenner,male,white
407,Catharina  Wenner,female,white
408,Johannes Peter Erlenkieser,male,white
409,Anna Maria Erlenkieser,female,white
410,Heinrich  Kleyn,male,white
411,Catharina  Kleyn,female,white
412,Johanna  Barnes,female,white
413,Johannes  Clary,male,white
414,Sussana  Clary,female,white
415,Johannes Daniel Rauss,male,white
416,Anna Barbara Rauss,female,white
417,Johannes Georg Lieberknecht,male,white
418,Adam  Othstadt,male,white
419,Sophia  Othstadt,female,white
420,Margriet  Pfaff,female,white
421,Christoph  Ruby,male,white
422,Regina  Ruby,female,white
423,Barbara  Ament,female,white
424,Catharina  Jacob,female,white
425,Maria Elizabeth Heibele,female,white
426,Peter  Wambach,male,white
427,Anna Maria Wambach,female,white
428,Johannes  Schafer,male,white
429,Anna Margaret Schafer,female,white
430,Samuel  Clary,male,white
431,Magdalena  Clary,female,white
432,Frantz  Warner,male,white
433,Catharina  Warner,female,white
434,Joseph  Gordon,male,white
435,Catharina  Gordon,female,white
436,Michael  Strohnmenger,male,white
437,Regina  Strohnmenger,female,white
438,Peter  Erlenkieser,male,white
439,Anna Margaretha Erlenkieser,female,white
440,Peter  Abel,male,white
441,Catharina  Abel,female,white
442,Johannes  Gilbert,male,white
443,Anna Maria Gilbert,female,white
444,John  Neukom,male,white
445,Margriet  Neukom,female,white
446,Peter  Ehrlichhauser,male,white
447,Anna Margaret Ehrlichhauser,female,white
448,Robert  Andersen,male,white
449,Eliesabetha  Andersen,unknown,white
450,Friedrich  Ament,male,white
451,Rebecca  Ament,female,white
452,James  Strong,male,white
453,Catharina  Strong,female,white
454,Adam  Sternberg,male,white
455,Christina  Sternberg,female,white
456,Johannes Nicolaus Young,male,white
457,Magdalena  Young,female,white
458,Anna Margaret Pfaff,female,white
459,Johannes  Schonberger,male,white
460,Georg  Dosch,male,white
461,Eliesabetha  Dosch,unknown,white
462,Bernardus  Sculy,male,white
463,Maria  Sculy,female,white
464,Jacob  Lieberknecht,male,white
465,Magdalena  Lieberknecht,female,white
466,Georg  Frey,male,white
467,Sussana  Frey,female,white
468,Hanes  Ruby,unknown,white
469,Hanes  Philib,unknown,white
470,Efalisabetha  Philib,unknown,white
471,Christian  Walck,male,white
472,Eliesabetha  Walck,unknown,white
473,Johannes  Walck,male,white
474,Barbara  Walck,female,white
475,Wife Of Philib Holtzel,female,white
476,Wife Of Daniel Clary,female,white
477,Hana  Wolff,female,white
478,Cadarina  Strong,unknown,white
479,Eliesabetha  Lipphard,unknown,white
480,Nicklos  Young,unknown,white
481,Eliesabetha  Hammer,unknown,white
482,Daniel  Ruby,male,white
483,Eliesabetha  Ruby,unknown,white
484,Andries  Gilbert,male,white
485,David  Rim,male,white
486,Anna Maria  Rim,female,white
487,Adam  Sternberger,male,white
488,Christina  Sternberger,female,white
489,Sophia  Dellinger,female,white
490,Anna Maria Ament,female,white
491,Magdalena  Imenhauser,female,white
492,James  Norris,male,white
493,Barbara  Norris,female,white
494,Friedrich  Lieberknecht,male,white
495,Margriet  Lieberknecht,female,white
496,Peter  Clary,male,white
497,Juliana  Clary,female,white
498,George  Kuntz,male,white
499,Eliesabetha  Kuntz,unknown,white
500,Georg  Gohn,male,white
501,Magdalena  Gohn,female,white
502,Peter  Manges,male,white
503,Eliesabetha  Manges,unknown,white
504,Georg  Young,male,white
505,Eliesabetha  Young,unknown,white
506,Michael  Dellinger,male,white
507,Eliesabetha  Dellinger,unknown,white
508,Barbara  Clary,female,white
509,Regina  Neff,female,white
510,Anna Maria Oberdorff,female,white
511,Bernhardt  Sculy,male,white
512,Martin  Evans,male,white
513,Eliesabetha  Evans,unknown,white
514,Georg  Ziegler,male,white
515,Dorothea  Ziegler,female,white
516,Johannes  Abel,male,white
517,Sophia  Clary,female,white
518,Anna Elizabeth Voigt,female,white
519,Rebecca Dosh,female,white
520,Daniel  Wittman,male,white
521,Friederich Lehmann,male,white
522,Anna Lehmann,female,white
523,Peter  Seib,male,white
524,Maria  Seib,female,white
525,George  Geiss,male,white
526,Eliesabetha  Geiss,unknown,white
527,Friedrich  Dosch,male,white
528,Rebecca  Dosch,female,white
529,Christian  Schnell,male,white
530,Magdalena  Schnell,female,white
531,Maria  Oberdorff,female,white
532,Johannes  Kauffelt,male,white
533,Maria  Kauffelt,female,white
534,Jacob  Kauffelt,male,white
535,Eliesabetha  Kauffelt,unknown,white
536,Heinrich  Einstein,male,white
537,Christina  Einstein,female,white
538,Johannes Georg Young,male,white
539,Friedrich  Ottstatt,male,white
540,Eliesabetha  Ottstatt,unknown,white
541,Adam  Adig,male,white
542,Eliesabetha  Adig,unknown,white
543,Michael  Hengst,male,white
544,Juliana  Hengst,female,white
545,Peter  Ziegler,male,white
546,Sussana  Ziegler,female,white
547,Andries  Schweytzer,male,white
548,Catharina  Schweytzer,female,white
549,George Christian Borgholthaus,male,white
550,A M Elisabeth Borgholthaus,unknown,white
551,Catharina  Lieberknecht,female,white
552,Philip  Jacobs,male,white
553,Catharina  Jacobs,female,white
554,Andrew  Gilbert,male,white
555,Michael  Schonberger,male,white
556,Samuel  Miller,male,white
557,Nancy  Miller,female,white
558,Philip  Lipphard,male,white
559,Elisasbeth  Voigt,unknown,white
560,Georg  Pfaff,male,white
561,Catharina  Pfaff,female,white
562,Peter  Abe,male,white
563,Catharina  Abe,female,white
564,Georg  Sculy,male,white
565,Dorothea  Sculy,female,white
566,Stophel  Ruby,male,white
567,Christian  Heindel,male,white
568,Rebecca  Heindel,female,white
569,Catharina  Dellinger,female,white
570,Georg  Ahl,male,white
571,Sussana  Schlott,female,white
572,Georg  Liebeknecht,male,white
573,Catharina  Liebeknecht,female,white
574,Samuel  Winters,male,white
575,Eva  Winters,female,white
576,John  Ferleman,male,white
577,Henrietta  Ferleman,female,white
578,Daniel  Dellinger,male,white
579,Johannes  Pfaff,male,white
580,Eliesabetha  Pfaff,unknown,white
581,Frederick Wilhelm Bergholdhaus,male,white
582,Eliesabetha  Bergholdhaus,unknown,white
583,Adam  Attich,male,white
584,Maria  Attich,female,white
585,Johannes  Gohn,male,white
586,Catharina  Gohn,female,white
587,Nicklos  Hemstet,unknown,white
588,Margriet  Hemstet,female,white
589,Gartman  Magdalena,unknown,white
590,Heinrich  Magdalena,male,white
591,Joseph  Small,male,white
592,Wife Of Joseph Small,female,white
593,Lorentz  Cron,male,white
594,Eliesabetha  Cron,unknown,white
595,Daniel  Oberdorff,male,white
596,Lydia  Oberdorff,female,white
597,Joseph  Reuter,male,white
598,Eliesabetha  Reuter,unknown,white
599,Christian  Maurer,male,white
600,Christina  Maurer,female,white
601,Robert  Jones,male,white
602,Catharina  Jones,female,white
603,John  Steward,male,white
604,Cassia  Steward,female,white
605,Heinrich  Wohlleber,male,white
606,Catharina  Wohlleber,female,white
607,Georg  Ruby,male,white
608,Anna  Ruby,female,white
609,Adam  Butscher,male,white
610,Maria  Butscher,female,white
611,Christopher  Dosch,male,white
612,Magdalena  Dosch,female,white
613,Johannes  Lutz,male,white
614,Eliesabetha  Lutz,unknown,white
615,Eliesabetha  Holtzel,unknown,white
616,Abraham  Peik,male,white
617,Catharina  Peik,female,white
618,Maria  Reissinger,female,white
619,Balser  Schenberger,unknown,white
620,Maria  Schenberger,female,white
621,Daniel  Neff,male,white
622,Maria  Neff,female,white
623,Friedrich  Miller,male,white
624,Barbara  Schlott,female,white
625,Adam  Kramlich,male,white
626,Magdalena  Kramlich,female,white
627,George  Oberdorff,male,white
628,Peter  Leber,male,white
629,Wife Of Peder Leber,female,white
630,Johannes  Philips,male,white
631,Eva Elizabeth Philips,female,white
632,Michael  Ottstatt,male,white
633,Magdalena  Ottstatt,female,white
634,Peter  Liebengut,male,white
635,Sussana  Liebengut,female,white
636,Christia  Dritt,unknown,white
637,Frena  Dritt,female,white
638,Lorenz  Cron,male,white
639,Jacob  Geiss,male,white
640,Margretha  Lieberknecht,female,white
641,Francis  Hartman,male,white
642,Magdalena  Hartman,female,white
643,Jacob  Smith,male,white
644,Rusy  Smith,unknown,white
645,Conrad  Krepgaher,male,white
646,Christina  Krepgaher,female,white
647,Adolf  Ottstatt,male,white
648,Gotfried  Thomase,male,white
649,Magdalena  Thomase,female,white
650,Peter  Cron,male,white
651,Magdalena  Cron,female,white
652,Frantz  Wohlleber,male,white
653,Margriet  Wohlleber,female,white
654,Christ  Dritt,male,white
655,Michael  Busick,male,white
656,Anna  Busick,female,white
657,Georg  Voth,male,white
658,Sussana  Voth,female,white
659,Jacob  Imheiser,male,white
660,Magdalena  Imheiser,female,white
661,George  Gohn,male,white
662,Magdalena  Ziegler,female,white
663,Jacob  Liebenknecht,male,white
664,Magdalena  Liebenknecht,female,white
665,Catharina  Oberdorff,female,white
666,Sussana  Kauffelt,female,white
667,Conrath  Hicks,unknown,white
668,Eva  Hicks,female,white
669,Georg  Weimer,male,white
670,Christina  Weimer,female,white
671,Franz  Wohlleber,male,white
672,Jacob  Schmitt,male,white
673,Eliesabetha  Schmitt,unknown,white
674,Christofel  Dosch,male,white
675,Francis  Dritt,male,white
676,Jacob  Lipphard,male,white
677,Johannes  Wilhelm,male,white
678,Juliana  Wilhelm,female,white
679,Jacob  Liebeknecht,male,white
680,Magdalena  Liebeknecht,female,white
681,Thomas  Herst,male,white
682,Catharina  Herst,female,white
683,Christian  Selzer,male,white
684,Hana  Selzer,female,white
685,Philip  Schafer,male,white
686,Eliesabetha  Schafer,unknown,white
687,Christoph  Dosch,male,white
688,John  Dritt,male,white
689,Maria  Dritt,female,white
690,Anna Maria  Weber,female,white
691,Christian  Dritt,male,white
692,Christian  Flory,male,white
693,Eliesabetha  Flory,unknown,white
694,July  Wilhelm,unknown,white
695,And  Gilbert,unknown,white
696,Johannes  Omig,male,white
697,Anna Maria Omig,female,white
698,Michael  Paulis,male,white
699,Rebecca  Paulis,female,white
700,Johannes  Knepfiehl,male,white
701,Catharina  Knepfiehl,female,white
702,Nicklos  Leber,unknown,white
703,Eliesabetha  Leber,unknown,white
704,Heinrich  Sherer,male,white
705,Eliesabetha  Sherer,unknown,white
706,Nicholas  Hempstett,male,white
707,Margriet  Hempstett,female,white
708,Heinrich  Wohlleben,male,white
709,Catharina  Wohlleben,female,white
710,David  Ruby,male,white
711,Rebecca  Ruby,female,white
712,Christian  Seltzer,male,white
713,Catharina  Seltzer,female,white
714,Daniel  Fischel,male,white
715,Eliesabetha  Fischel,unknown,white
716,Johannes Friederich Lieberknecht,male,white
717,Ernst Christoffel Holtzel,male,white
718,Antony  Clary,male,white
719,Carolus  Manges,male,white
720,Catharina  Johanes,female,white
721,John  Weber,male,white
722,Heinrich  Weber,male,white
723,Johannes Lorenz Paulis,male,white
724,Pfillib  Schleifer,unknown,white
725,Johannes  Tormann,male,white
726,Catharina Margaret Tormann,female,white
727,Gorg  Attich,male,white
728,Cadarina  Erford,unknown,white
729,Gorg  Behner,male,white
730,Annelis  Schafer,female,white
731,Wife Of Michael Miller,female,white
732,Barbara  Hamm,female,white
733,Georg  Papff,male,white
734,Wife Of Georg Papff,female,white
