id,name
0,Adam  Gohn
1,Maria Catharina Gohn
2,Peter  Dritt
3,Maria Barbara Dellinger
4,Heinrich  Liebharth
5,Maria Catharina Liebharth
6,Philip  Muhlhof
7,Luise Catharina Muhlhof
8,Philip  Bentz
9,Maria Magdalena Bentz
10,Peter  Imschwiller
11,Maria Eva Imschwiller
12,Heinrich  Bannix
13,Wife Of Heinrich Bannix
14,Johannes Nicolaus Deh
15,Anna Margaretha Abel
16,Michael  Wallendin
17,Maria Elizabeth Dietenhofer
18,Nicholas  Kauffelt
19,Barbara  Kauffelt
20,Johannes Nicolaus Sen Geipp
21,Anna Scharlotta Geipp
22,Jacob  Riemann
23,Christina  Riemann
24,Heinrich  Stoll
25,Sussana  Stoll
26,Jacob  Leber
27,Anna Maria Leber
28,Johannes  Cron
29,Anna Maria Cron
30,Adam  Imenhauser
31,Anna Margaretha Imenhauser
32,Johannes  Hahn
33,Eliesabetha Margaretha Hahn
34,Agnes  Legnier
35,Lorentz  Hirschener
36,Maria Salome Hirschener
37,Michael  Zimermann
38,Maria Magdalena Zimermann
39,Johannes  Bayer
40,Anna Margaretha Bayer
41,William  Bord-Jou
42,Rebecca  Bord-Jou
43,Johannes Wilhelm Michel
44,Anna Barbara Schonberger
45,Christoph  Schafer
46,Sybilla Christina Bard
47,Paulus  Schafer
48,Anna Elizabeth Bard
49,Georg Philipp Lantz
50,Anna Margaretha Muhlhof
51,Mattheus  Demuth
52,Anna Maria Brehm
53,Georg Ludwig Grisch
54,Maria Catharina Grisch
55,Philip  Bennighof
56,Maria Elizabeth Schwerd
57,Jacob  Harington
58,Maria  Harington
59,Isaac  Harington
60,John  Harington
61,Balthaser  Schonberger
62,Jacob  Michel
63,Eliesabetha  Michel
64,Jacob  Schon
65,Eliesabetha Catharina Schon
66,Michael  Buttner
67,Eliesabetha  Buttner
68,Michael  Schwartz
69,Eva  Buschung
70,Melchior  Hermann
71,Agne  Schneider
72,Simmon  Cron
73,Antony  Kirchhard
74,Veronica  Albrecht
75,Martin  Bleymeyer
76,Catharina  Bleymeyer
77,Balthaser  Zumwald
78,Maria Clara Zumwald
79,Philip  Smith
80,Cathar:  Eliesabetha
81,Johnjacob  Schultz
82,Maria Barbara Ament
83,Valendin  Heyger
84,Anna Catharina Heyger
85,Philip  Hebeisen
86,Anna Margaretha Hebeisen
87,Peter  Attich
88,Anna Christina Attich
89,Georg  Wachtel
90,Maria Barbara Berckley
91,Samuel  Evans
92,Francisca  Evans
93,Johannes  Hirschener
94,Christina  Hirschener
95,Maria Margaretha Schonberger
96,Maria Catharina Cron
97,Johannes Philipp* Gohn
98,Maria Sophia Gohn
99,Johannes Philipp Gohn
100,Vitus  Behner
101,Maria Sophia Behner
102,Joseph  Infeld
103,Christina  Infeld
104,Jacob Schmelzer 
105,Anna Margaretha Wacker
106,Jacob  Schmelzer
107,Isaac  Brubacher
108,Anna Maria Tiefenddorffer
109,Anna Elisabet Paulis 
110,Antony  Ament
111,Heinrich  Wolff
112,Anna Maria Kramer
113,Ulrich  Seiler
114,Maria Elisabeta Geiss
115,Georg  Lafeber
116,Anna Barbara Schleyermacher
117,Johannes  Ament
118,Maria Apollonia Paulis
119,John Henric Willd
120,Catharina  Willd
121,John Georg Deh
122,Anna Margaret Deh
123,Deh Maria Catharina
124,Johannes  Nicolaus
125,Deh  Petter
126,Johannes Nicolaus Strehr
127,Mirick Catharina Strehr
128,Johannes Georg Meyer
129,Liesabeta  Meyer
130,John Nicolaus Schweytzer
131,Vendelina Gertraude Schafmann
132,Jacob  Gering
133,Margriet  Gering
134,Philip  Gohn
135,Anna Liesbeta Gohn
136,Johannes  Groff
137,Anna Madlinna Groff
138,Georg  Schmitt
139,Catharina  Schmitt
140,Lorentz  Paulis
141,Anna Christina Paulis
142,Jacob  Dritt
143,Eliesabetha  Dritt
144,Baltzer  Schonberger
145,Maria Margaret Schonberger
146,Philip  Schleifer
147,Maria Magdalena Schleifer
148,Caspar  Seiler
149,Maria Margaret Seiler
150,Heinrich  Lipphard
151,Anna Barbara Lipphard
152,Jacob  Hederich
153,Barbara  Hederich
154,Josua  Dellinger
155,Barbara  Dellinger
156,Jacob  Bayer
157,Catharina  Bayer
158,Madeis  Bekker
159,Esther  Bekker
160,Hanes  Brubacher
161,Esther  Brubacher
162,Georg Ludwig Eller
163,Barbara  Eller
164,Georg  Fuchs
165,Catharina  Fuchs
166,Georg  Feg
167,Sussana  Feg
168,Joseph  Williams
169,Eliesabetha  Williams
170,Peter  Dity
171,Anna Maria Dity
172,Wife Of Lorentz Herschner
173,Andries  Gohn
174,Euphronica  Gohn
175,Georg  Abel
176,Maria  Abel
177,Georg  Oberdorff
178,Eliesabetha  Oberdorff
179,Gorg  Oberdorff
180,Wife Of Georg Oberdorff
181,Cartolus  Manges
182,Wife Of Cartolus Manges
183,Johannes Wilhelm Young
184,Wife Of Johannes Wilhelm Young
185,Catharina  Wolff
186,Georg  Weinhold
187,Margriet  Weinhold
188,Veronica  Gohn
189,Peter  Kleyn
190,Eliesabetha  Kleyn
191,Michael  Strohmenger
192,Regina  Strohmenger
193,Johannes  Ruby
194,Salome  Ruby
195,Michael Miller Michaels
196,Sussana Miller Michaels
197,Johannes  Dellinger
198,Eliesabetha  Gohn
199,Michael  Zimer
200,Wife Of Michael Zimer
201,Catharina  Herschner
202,Michael  Miller
203,Sussana  Miller
204,Jacob  Schaub
205,Maria  Schaub
206,Wilhelm  Willis
207,Wife Of Wilhelm Willis
208,Peter  Geipp
209,Barbara  Geipp
210,Georg  Gartner
211,Eliesabetha  Gartner
212,Wilhelm  Thomassen
213,Eliesabetha  Thomassen
214,Daniel  Voigt
215,Eliesabetha  Voigt
216,James  Hinds
217,Sussana  Hinds
218,Heinrich  Petermann
219,Anna Maria Petermann
220,Solomon  Volck
221,Catharina  Volck
222,Christian  Kreley
223,Catharina  Kreley
224,Maria Elizabeth Kleyn
225,Conrad  Brubacher
226,Christina  Brubacher
227,Jacob  Imenhauser
228,Christina  Imenhauser
229,Philip  Holtzlein
230,Anna Maria Holtzlein
231,Froncia  Gohn
232,Adam  Schlott
233,Catharina  Schlott
234,Philip  Bayer
235,Magdalena  Bayer
236,Jacob  Schukley
237,Rosina  Schukley
238,Philip  Ruber
239,Christina  Ruber
240,Jacob  Vollweiler
241,Anna Maria Vollweiler
242,Mattheus  Kepler
243,Maria Lisabeth Kepler
244,Johannes  Reissinger
245,Magdalena  Reissinger
246,Friedrich  Frey
247,Dorothea  Frey
248,Adam  Schenberger
249,Catharina  Schenberger
250,Michael  Schlott
251,Johannes  Will
252,Catharina  Will
253,Anna Maria Ruby
254,Dennis  Clary
255,Brigitta  Clary
256,Jacob  Gohn
257,Barbara  Gohn
258,Friedrich  Spatz
259,Catharina  Spatz
260,Adam  Paulis
261,Eliesabetha  Paulis
262,Friedrich  Hammer
263,Sussana  Hammer
264,Margriet  Abel
265,Conrad  Brubache
266,Christina  Brubache
267,Conrad  Bebersen
268,Catharina  Bebersen
269,Lorentz  Heindel
270,Sussana  Heindel
271,Thomas  Williams
272,Johannes  Geiss
273,Anna Maria Geiss
274,Mattheus  Bekker
275,Hester  Bekker
276,Jacob  Weibel
277,Ursula  Weibel
278,Daniel  Clary
279,Eliesabetha  Clary
280,Jacob  Holzel
281,Christina  Holzel
282,Abraham  Albrecht
283,Magaret  Albrecht
284,Michael  Behmuller
285,Anna Maria Behmuller
286,Heinrich  Gohn
287,Christina  Gohn
288,Jacob  Neff
289,Magdalena  Neff
290,Edward  Smith
291,Sara  Smith
292,Andries  Wollheim
293,Margriet  Wollheim
294,Georg  Paulis
295,Magdalena  Paulis
296,Jacob  Berckley
297,Veronica  Berckley
298,Jacob  Dellinger
299,Christina  Dellinger
300,Gartner Georg Schlott
301,Eliesabetha  Schlott
302,Catharina  Imschwiller
303,Gorg  Abel
304,Michael  Cron
305,Catharina  Cron
306,Conrath  Bebersen
307,Johannes  Rauffvon
308,Wife Of Johannes Rauffvon
309,Wife Of Johannes Cron
310,Heinrich  Hammer
311,Magdalena  Hammer
312,Heinrich  Paulis
313,Sussana  Paulis
314,Michael  Kauffelt
315,Sophia  Kauffelt
316,Philip  Holzel
317,Maria  Holzel
318,Maria Elizabeth Williams
319,Benjamin  Williams
320,Rosina  Williams
321,Eelisabetaha  Gohn
322,Carl  Bernats
323,Christina  Bernats
324,Jacob  Holtzel
325,Christina  Holtzel
326,Georg  Lieberknecht
327,Catharina  Eliesabetha
328,David  Gehr
329,Anna Maria Gehr
330,Edward  Schmitt
331,Wife Of Etward Schmitt
332,Wife Of Johannes Ruby
333,Grety  Clary
334,Daniel  Reuter
335,Margriet  Reuter
336,William  Thomassen
337,Marthin  Ruby
338,Margretha  Ruby
339,Johannes  Mase
340,Magaret  Mase
341,Wife Of Mathias Bekker
342,Antony  Grovall
343,Wife Of Antony Grovall
344,Wife Of Johannes Mase
345,Adam  Heindel
346,Eliesabetha  Heindel
347,Michael  Ziegler
348,Anna Maria Ziegler
349,Peter  Optegraf
350,Eliesabetha  Optegraf
351,Lorentz  Brubacher
352,Heinrich  Urberich
353,Wife Of Heinrich Urberich
354,Wife Of Michael Cron
355,Wife Of Michael Strohmenger
356,Philip  Holtzel
357,Anna Maria Holtzel
358,Friedrich  Pfaff
359,Anna Magaret Pfaff
360,Jacob  Kraft
361,Anna Maria Kraft
362,Heinrich  Dellinger
363,Sussana  Dellinger
364,Catharina Elizabeth Lieberknecht
365,Nicklos  Rieser
366,Margretha  Rieser
367,Mart:  Ruby
368,Margriet  Schonberg
369,Regina  Dellinger
370,Jacob  Ohlweiler
371,Anna Maria Ohlweiler
372,Thomas  Harris
373,Maria  Harris
374,Heinrich  Wachtel
375,Catharina  Wachtel
376,Peter  Billotz
377,Margriet  Billotz
378,Adam  Ottstatt
379,Sophia  Ottstatt
380,Johannes  Brubacher
381,Rechina  Dellinger
382,Jacob  Petermann
383,Catharina  Petermann
384,Nicholas  Walliser
385,Margriet  Walliser
386,Johannes  Walliser
387,Eliesabetha  Walliser
388,Georg  Albrecht
389,Magdalena  Albrecht
390,Heinrich  Ottstatt
391,Catharina  Ottstatt
392,Maria  Kraft
393,Philip  Jacob
394,Peter  Miller
395,Charles  Barnes
396,John  Barnes
397,Johannes  Schlott
398,Anna Margaretha Pfaff
399,Michael  Brubacher
400,Magdalena  Brubacher
401,Johannes Michael Kauffelt
402,Johannes  Petermann
403,Barbara  Petermann
404,Peter  Wanbach
405,Anna Maria Wanbach
406,Frantz  Wenner
407,Catharina  Wenner
408,Johannes Peter Erlenkieser
409,Anna Maria Erlenkieser
410,Heinrich  Kleyn
411,Catharina  Kleyn
412,Johanna  Barnes
413,Johannes  Clary
414,Sussana  Clary
415,Johannes Daniel Rauss
416,Anna Barbara Rauss
417,Johannes Georg Lieberknecht
418,Adam  Othstadt
419,Sophia  Othstadt
420,Margriet  Pfaff
421,Christoph  Ruby
422,Regina  Ruby
423,Barbara  Ament
424,Catharina  Jacob
425,Maria Elizabeth Heibele
426,Peter  Wambach
427,Anna Maria Wambach
428,Johannes  Schafer
429,Anna Margaret Schafer
430,Samuel  Clary
431,Magdalena  Clary
432,Frantz  Warner
433,Catharina  Warner
434,Joseph  Gordon
435,Catharina  Gordon
436,Michael  Strohnmenger
437,Regina  Strohnmenger
438,Peter  Erlenkieser
439,Anna Margaretha Erlenkieser
440,Peter  Abel
441,Catharina  Abel
442,Johannes  Gilbert
443,Anna Maria Gilbert
444,John  Neukom
445,Margriet  Neukom
446,Peter  Ehrlichhauser
447,Anna Margaret Ehrlichhauser
448,Robert  Andersen
449,Eliesabetha  Andersen
450,Friedrich  Ament
451,Rebecca  Ament
452,James  Strong
453,Catharina  Strong
454,Adam  Sternberg
455,Christina  Sternberg
456,Johannes Nicolaus Young
457,Magdalena  Young
458,Anna Margaret Pfaff
459,Johannes  Schonberger
460,Georg  Dosch
461,Eliesabetha  Dosch
462,Bernardus  Sculy
463,Maria  Sculy
464,Jacob  Lieberknecht
465,Magdalena  Lieberknecht
466,Georg  Frey
467,Sussana  Frey
468,Hanes  Ruby
469,Hanes  Philib
470,Efalisabetha  Philib
471,Christian  Walck
472,Eliesabetha  Walck
473,Johannes  Walck
474,Barbara  Walck
475,Wife Of Philib Holtzel
476,Wife Of Daniel Clary
477,Hana  Wolff
478,Cadarina  Strong
479,Eliesabetha  Lipphard
480,Nicklos  Young
481,Eliesabetha  Hammer
482,Daniel  Ruby
483,Eliesabetha  Ruby
484,Andries  Gilbert
485,David  Rim
486,Anna Maria  Rim
487,Adam  Sternberger
488,Christina  Sternberger
489,Sophia  Dellinger
490,Anna Maria Ament
491,Magdalena  Imenhauser
492,James  Norris
493,Barbara  Norris
494,Friedrich  Lieberknecht
495,Margriet  Lieberknecht
496,Peter  Clary
497,Juliana  Clary
498,George  Kuntz
499,Eliesabetha  Kuntz
500,Georg  Gohn
501,Magdalena  Gohn
502,Peter  Manges
503,Eliesabetha  Manges
504,Georg  Young
505,Eliesabetha  Young
506,Michael  Dellinger
507,Eliesabetha  Dellinger
508,Barbara  Clary
509,Regina  Neff
510,Anna Maria Oberdorff
511,Bernhardt  Sculy
512,Martin  Evans
513,Eliesabetha  Evans
514,Georg  Ziegler
515,Dorothea  Ziegler
516,Johannes  Abel
517,Sophia  Clary
518,Anna Elizabeth Voigt
519,Rebecca Dosh 
520,Daniel  Wittman
521,Friederich Lehmann 
522,Anna Lehmann 
523,Peter  Seib
524,Maria  Seib
525,George  Geiss
526,Eliesabetha  Geiss
527,Friedrich  Dosch
528,Rebecca  Dosch
529,Christian  Schnell
530,Magdalena  Schnell
531,Maria  Oberdorff
532,Johannes  Kauffelt
533,Maria  Kauffelt
534,Jacob  Kauffelt
535,Eliesabetha  Kauffelt
536,Heinrich  Einstein
537,Christina  Einstein
538,Johannes Georg Young
539,Friedrich  Ottstatt
540,Eliesabetha  Ottstatt
541,Adam  Adig
542,Eliesabetha  Adig
543,Michael  Hengst
544,Juliana  Hengst
545,Peter  Ziegler
546,Sussana  Ziegler
547,Andries  Schweytzer
548,Catharina  Schweytzer
549,George Christian Borgholthaus
550,A M Elisabeth Borgholthaus
551,Catharina  Lieberknecht
552,Philip  Jacobs
553,Catharina  Jacobs
554,Andrew  Gilbert
555,Michael  Schonberger
556,Samuel  Miller
557,Nancy  Miller
558,Philip  Lipphard
559,Elisasbeth  Voigt
560,Georg  Pfaff
561,Catharina  Pfaff
562,Peter  Abe
563,Catharina  Abe
564,Georg  Sculy
565,Dorothea  Sculy
566,Stophel  Ruby
567,Christian  Heindel
568,Rebecca  Heindel
569,Catharina  Dellinger
570,Georg  Ahl
571,Sussana  Schlott
572,Georg  Liebeknecht
573,Catharina  Liebeknecht
574,Samuel  Winters
575,Eva  Winters
576,John  Ferleman
577,Henrietta  Ferleman
578,Daniel  Dellinger
579,Johannes  Pfaff
580,Eliesabetha  Pfaff
581,Frederick Wilhelm Bergholdhaus
582,Eliesabetha  Bergholdhaus
583,Adam  Attich
584,Maria  Attich
585,Johannes  Gohn
586,Catharina  Gohn
587,Nicklos  Hemstet
588,Margriet  Hemstet
589,Gartman  Magdalena
590,Heinrich  Magdalena
591,Joseph  Small
592,Wife Of Joseph Small
593,Lorentz  Cron
594,Eliesabetha  Cron
595,Daniel  Oberdorff
596,Lydia  Oberdorff
597,Joseph  Reuter
598,Eliesabetha  Reuter
599,Christian  Maurer
600,Christina  Maurer
601,Robert  Jones
602,Catharina  Jones
603,John  Steward
604,Cassia  Steward
605,Heinrich  Wohlleber
606,Catharina  Wohlleber
607,Georg  Ruby
608,Anna  Ruby
609,Adam  Butscher
610,Maria  Butscher
611,Christopher  Dosch
612,Magdalena  Dosch
613,Johannes  Lutz
614,Eliesabetha  Lutz
615,Eliesabetha  Holtzel
616,Abraham  Peik
617,Catharina  Peik
618,Maria  Reissinger
619,Balser  Schenberger
620,Maria  Schenberger
621,Daniel  Neff
622,Maria  Neff
623,Friedrich  Miller
624,Barbara  Schlott
625,Adam  Kramlich
626,Magdalena  Kramlich
627,George  Oberdorff
628,Peter  Leber
629,Wife Of Peder Leber
630,Johannes  Philips
631,Eva Elizabeth Philips
632,Michael  Ottstatt
633,Magdalena  Ottstatt
634,Peter  Liebengut
635,Sussana  Liebengut
636,Christia  Dritt
637,Frena  Dritt
638,Lorenz  Cron
639,Jacob  Geiss
640,Margretha  Lieberknecht
641,Francis  Hartman
642,Magdalena  Hartman
643,Jacob  Smith
644,Rusy  Smith
645,Conrad  Krepgaher
646,Christina  Krepgaher
647,Adolf  Ottstatt
648,Gotfried  Thomase
649,Magdalena  Thomase
650,Peter  Cron
651,Magdalena  Cron
652,Frantz  Wohlleber
653,Margriet  Wohlleber
654,Christ  Dritt
655,Michael  Busick
656,Anna  Busick
657,Georg  Voth
658,Sussana  Voth
659,Jacob  Imheiser
660,Magdalena  Imheiser
661,George  Gohn
662,Magdalena  Ziegler
663,Jacob  Liebenknecht
664,Magdalena  Liebenknecht
665,Catharina  Oberdorff
666,Sussana  Kauffelt
667,Conrath  Hicks
668,Eva  Hicks
669,Georg  Weimer
670,Christina  Weimer
671,Franz  Wohlleber
672,Jacob  Schmitt
673,Eliesabetha  Schmitt
674,Christofel  Dosch
675,Francis  Dritt
676,Jacob  Lipphard
677,Johannes  Wilhelm
678,Juliana  Wilhelm
679,Jacob  Liebeknecht
680,Magdalena  Liebeknecht
681,Thomas  Herst
682,Catharina  Herst
683,Christian  Selzer
684,Hana  Selzer
685,Philip  Schafer
686,Eliesabetha  Schafer
687,Christoph  Dosch
688,John  Dritt
689,Maria  Dritt
690,Anna Maria  Weber
691,Christian  Dritt
692,Christian  Flory
693,Eliesabetha  Flory
694,July  Wilhelm
695,And  Gilbert
696,Johannes  Omig
697,Anna Maria Omig
698,Michael  Paulis
699,Rebecca  Paulis
700,Johannes  Knepfiehl
701,Catharina  Knepfiehl
702,Nicklos  Leber
703,Eliesabetha  Leber
704,Heinrich  Sherer
705,Eliesabetha  Sherer
706,Nicholas  Hempstett
707,Margriet  Hempstett
708,Heinrich  Wohlleben
709,Catharina  Wohlleben
710,David  Ruby
711,Rebecca  Ruby
712,Christian  Seltzer
713,Catharina  Seltzer
714,Daniel  Fischel
715,Eliesabetha  Fischel
716,Johannes Friederich Lieberknecht
717,Ernst Christoffel Holtzel
718,Antony  Clary
719,Carolus  Manges
720,Catharina  Johanes
721,John  Weber
722,Heinrich  Weber
723,Johannes Lorenz Paulis
724,Pfillib  Schleifer
725,Johannes  Tormann
726,Catharina Margaret Tormann
727,Gorg  Attich
728,Cadarina  Erford
729,Gorg  Behner
730,Annelis  Schafer
731,Wife Of Michael Miller
732,Barbara  Hamm
733,Georg  Papff
734,Wife Of Georg Papff
