id,name,gender,race
0,Conrad  Kirschner,male,white
1,Anthoy  Erb,unknown,white
2,John  Graff,male,white
3,John Jacob Graff,male,white
4,John  Rausch,male,white
5,Magdalena  Rausch,female,white
6,Gabriel  Eisenberger,male,white
7,Eva  Eisenberg,female,white
8,Jacob  Leiby,male,white
9,Maria  Leiby,female,white
10,Henry  Mayer,male,white
11,Catharina  Adam,female,white
12,John  Kiehl,male,white
13,Lorentz  Bloss,male,white
14,Philip  Faust,male,white
15,Frederick Casimie Miller,male,white
16,Jacob  Wehry,male,white
17,Barbara  Wehry,female,white
18,Peter  Dunkelberger,male,white
19,Catharina  Dunkelberger,female,white
20,Jacob  Brandstetter,male,white
21,Mattheus  Alsbach,male,white
22,Sebastian  Graff,male,white
23,Phillipina  Faust,unknown,white
24,John  Schlieger,male,white
25,Anna Maria 119,female,white
26,Michael  Kelchner,male,white
27,Michael  Heninger,male,white
28,Reinhard  Alsbach,male,white
29,John Jacob Faust,male,white
30,Simon  Eisenberger,male,white
31,Wife Of Simon Eisenberger,female,white
32,Carl  Balmer,male,white
33,Anna Maria Bollender,female,white
34,George  Leiby,male,white
35,Andrew  Winters,male,white
36,Valentyn  Gerkhart,male,white
37,Anna Gertrude Baum,female,white
38,Jacob  Faust,male,white
39,Catharina  Leiby,female,white
40,Jacob  Graff,male,white
41,Emanuel  Berkhart,male,white
42,John Henry Mayer,male,white
43,Anna Christina Miller,female,white
44,Jacob  Gerhart,male,white
45,Elizabeth  Buss,female,white
46,John  Schedener,male,white
47,Christina  Schmidt,female,white
48,Frederick  Hauer,male,white
49,Nicholas  Warner,male,white
50,George  Kirschner,male,white
51,John  Schlinger,male,white
52,George William Rigel,male,white
53,Leonard  Koblinger,male,white
54,Jacob  Jeffry,male,white
55,Jacob  Bossert,male,white
56,John  Fraufelder,male,white
57,Philip  119,male,white
58,John Nicholas Roemer,male,white
59,John  Bron,male,white
60,John  Schermacher,male,white
61,Paulus  Rebliger,male,white
62,Maria Sara Buss,female,white
63,Michael  Mauser,male,white
64,Peter  Hag,male,white
65,John  Schmedener,male,white
66,Peter  Kartin,male,white
67,John Henry Bollender,male,white
68,Peter  Bill,male,white
69,Wife Of Peter Bill,female,white
70,Gabriel  Eisenberg,male,white
71,Henry  Kalbach,male,white
72,Ulrich  Wagener,male,white
73,Adam  Faust,male,white
74,Nicholas  Haff,male,white
75,Apollonia  Mayer,female,white
76,Philip  Leinhardt,male,white
77,Anna  Leinhardt,female,white
78,Conrad  Heninger,male,white
79,Christian  Neuman,male,white
80,John  Lescher,male,white
81,John  Dunckel,male,white
82,Rudolf  Bossert,male,white
83,Martin  Ebler,male,white
84,George  Bromer,male,white
85,Catharina  Bromer,female,white
86,Jacob  Dierich,male,white
87,Catharina  Dierich,female,white
88,Leonard  Seydel,male,white
89,Magdalena  Seydel,female,white
90,William  Bossler,male,white
91,Catharina  Bossler,female,white
92,John Adam Faust,male,white
93,Anna Louisa Faust,female,white
94,Michael  Lescher,male,white
95,Catharina  Lescher,female,white
96,George  Branner,male,white
97,Michael  Ley,male,white
98,Henry Adam Retter,male,white
99,Michael  Schmidt,male,white
100,John Michael Heninger,male,white
101,Henry  Back,male,white
102,Nicholas  Lien,male,white
103,Peter  Dunckel,male,white
104,Catharina  Dunckel,female,white
105,John  Reinhart,male,white
106,Magdalena  Reinhart,female,white
107,Jacob  Mayer,male,white
108,Elizabeth  Mayer,female,white
109,Maria Appolenia Mayer,female,white
110,Martin  Reple,male,white
111,Barbara  Reple,female,white
112,Jacob  Stein,male,white
113,Kiliaan  Dunckel,male,white
114,Maria Magdalene Dunckel,female,white
115,Jacob  Sidler,male,white
116,Catharina  Sidler,female,white
117,Henry  Christman,male,white
118,Anna  Christman,female,white
119,Martin  Ebly,male,white
120,Barbara  Ebly,female,white
121,Eva  Dunckel,female,white
122,William  Rigel,male,white
123,Adam  Closs,male,white
124,John  Blattner,male,white
125,John Nicholas Lien,male,white
126,Peter  Will,male,white
127,George  Rab,male,white
128,Dorothea  Rab,female,white
129,Jacob  Will,male,white
