{
  "directed": false,
  "graph": {},
  "links": [
    {
      "end": 1766,
      "source": 2,
      "start": 1746,
      "target": 3
    },
    {
      "end": 1768,
      "source": 2,
      "start": 1748,
      "target": 22
    },
    {
      "end": 1775,
      "source": 71,
      "start": 1755,
      "target": 40
    },
    {
      "end": 1777,
      "source": 71,
      "start": 1757,
      "target": 79
    },
    {
      "end": 1770,
      "source": 40,
      "start": 1750,
      "target": 22
    }
  ],
  "multigraph": false,
  "nodes": [
    {
      "between_1746": 0,
      "between_1747": 0,
      "between_1748": 1,
      "between_1749": 1,
      "between_1750": 0,
      "between_1751": 0,
      "between_1752": 0,
      "between_1753": 0,
      "between_1754": 0,
      "between_1755": 0,
      "between_1756": 0,
      "between_1757": 0,
      "between_1758": 0,
      "between_1759": 0,
      "between_1760": 0,
      "between_1761": 0,
      "between_1762": 0,
      "between_1763": 0,
      "between_1764": 0,
      "between_1765": 0,
      "between_1766": 0,
      "between_1767": 0,
      "between_1768": 0,
      "between_1769": 0,
      "between_1770": 0,
      "between_1771": 0,
      "between_1772": 0,
      "between_1773": 0,
      "between_1774": 0,
      "between_1775": 0,
      "between_1776": 0,
      "between_1777": 0,
      "betweenness": 0,
      "bridge": "male_bridge",
      "degree": 2,
      "degree_1746": 1,
      "degree_1747": 1,
      "degree_1748": 2,
      "degree_1749": 2,
      "degree_1750": 2,
      "degree_1751": 2,
      "degree_1752": 2,
      "degree_1753": 2,
      "degree_1754": 2,
      "degree_1755": 2,
      "degree_1756": 2,
      "degree_1757": 2,
      "degree_1758": 2,
      "degree_1759": 2,
      "degree_1760": 2,
      "degree_1761": 2,
      "degree_1762": 2,
      "degree_1763": 2,
      "degree_1764": 2,
      "degree_1765": 2,
      "degree_1766": 2,
      "degree_1767": 1,
      "degree_1768": 1,
      "degree_1769": 0,
      "degree_1770": 0,
      "degree_1771": 0,
      "degree_1772": 0,
      "degree_1773": 0,
      "degree_1774": 0,
      "degree_1775": 0,
      "degree_1776": 0,
      "degree_1777": 0,
      "end": 1768,
      "gender": "male",
      "id": 2,
      "modularity": 1,
      "name": "John  Graff",
      "race": "white",
      "start": 1746
    },
    {
      "between_1746": 0,
      "between_1747": 0,
      "between_1748": 0,
      "between_1749": 0,
      "between_1750": 0,
      "between_1751": 0,
      "between_1752": 0,
      "between_1753": 0,
      "between_1754": 0,
      "between_1755": 0,
      "between_1756": 0,
      "between_1757": 0,
      "between_1758": 0,
      "between_1759": 0,
      "between_1760": 0,
      "between_1761": 0,
      "between_1762": 0,
      "between_1763": 0,
      "between_1764": 0,
      "between_1765": 0,
      "between_1766": 0,
      "between_1767": 0,
      "between_1768": 0,
      "between_1769": 0,
      "between_1770": 0,
      "between_1771": 0,
      "between_1772": 0,
      "between_1773": 0,
      "between_1774": 0,
      "between_1775": 0,
      "between_1776": 0,
      "between_1777": 0,
      "betweenness": 0,
      "bridge": "false",
      "degree": 1,
      "degree_1746": 1,
      "degree_1747": 1,
      "degree_1748": 1,
      "degree_1749": 1,
      "degree_1750": 1,
      "degree_1751": 1,
      "degree_1752": 1,
      "degree_1753": 1,
      "degree_1754": 1,
      "degree_1755": 1,
      "degree_1756": 1,
      "degree_1757": 1,
      "degree_1758": 1,
      "degree_1759": 1,
      "degree_1760": 1,
      "degree_1761": 1,
      "degree_1762": 1,
      "degree_1763": 1,
      "degree_1764": 1,
      "degree_1765": 1,
      "degree_1766": 1,
      "degree_1767": 0,
      "degree_1768": 0,
      "degree_1769": 0,
      "degree_1770": 0,
      "degree_1771": 0,
      "degree_1772": 0,
      "degree_1773": 0,
      "degree_1774": 0,
      "degree_1775": 0,
      "degree_1776": 0,
      "degree_1777": 0,
      "end": 1766,
      "gender": "male",
      "id": 3,
      "modularity": 1,
      "name": "John Jacob Graff",
      "race": "white",
      "start": 1746
    },
    {
      "between_1746": 0,
      "between_1747": 0,
      "between_1748": 0,
      "between_1749": 0,
      "between_1750": 0,
      "between_1751": 0,
      "between_1752": 0,
      "between_1753": 0,
      "between_1754": 0,
      "between_1755": 0,
      "between_1756": 0,
      "between_1757": 0,
      "between_1758": 0,
      "between_1759": 0,
      "between_1760": 0,
      "between_1761": 0,
      "between_1762": 0,
      "between_1763": 0,
      "between_1764": 0,
      "between_1765": 0,
      "between_1766": 0,
      "between_1767": 0,
      "between_1768": 0,
      "between_1769": 0,
      "between_1770": 0,
      "between_1771": 1,
      "between_1772": 1,
      "between_1773": 1,
      "between_1774": 1,
      "between_1775": 1,
      "between_1776": 0,
      "between_1777": 0,
      "betweenness": 0,
      "bridge": "male_bridge",
      "degree": 2,
      "degree_1746": 0,
      "degree_1747": 0,
      "degree_1748": 0,
      "degree_1749": 0,
      "degree_1750": 0,
      "degree_1751": 0,
      "degree_1752": 0,
      "degree_1753": 0,
      "degree_1754": 0,
      "degree_1755": 1,
      "degree_1756": 1,
      "degree_1757": 2,
      "degree_1758": 2,
      "degree_1759": 2,
      "degree_1760": 2,
      "degree_1761": 2,
      "degree_1762": 2,
      "degree_1763": 2,
      "degree_1764": 2,
      "degree_1765": 2,
      "degree_1766": 2,
      "degree_1767": 2,
      "degree_1768": 2,
      "degree_1769": 2,
      "degree_1770": 2,
      "degree_1771": 2,
      "degree_1772": 2,
      "degree_1773": 2,
      "degree_1774": 2,
      "degree_1775": 2,
      "degree_1776": 1,
      "degree_1777": 1,
      "end": 1777,
      "gender": "male",
      "id": 71,
      "modularity": 0,
      "name": "Henry  Kalbach",
      "race": "white",
      "start": 1755
    },
    {
      "between_1746": 0,
      "between_1747": 0,
      "between_1748": 0,
      "between_1749": 0,
      "between_1750": 0,
      "between_1751": 0,
      "between_1752": 0,
      "between_1753": 0,
      "between_1754": 0,
      "between_1755": 0,
      "between_1756": 0,
      "between_1757": 0,
      "between_1758": 0,
      "between_1759": 0,
      "between_1760": 0,
      "between_1761": 0,
      "between_1762": 0,
      "between_1763": 0,
      "between_1764": 0,
      "between_1765": 0,
      "between_1766": 0,
      "between_1767": 0,
      "between_1768": 0,
      "between_1769": 0,
      "between_1770": 0,
      "between_1771": 0,
      "between_1772": 0,
      "between_1773": 0,
      "between_1774": 0,
      "between_1775": 0,
      "between_1776": 0,
      "between_1777": 0,
      "betweenness": 0,
      "bridge": "male_bridge",
      "degree": 2,
      "degree_1746": 0,
      "degree_1747": 0,
      "degree_1748": 0,
      "degree_1749": 0,
      "degree_1750": 1,
      "degree_1751": 1,
      "degree_1752": 1,
      "degree_1753": 1,
      "degree_1754": 1,
      "degree_1755": 2,
      "degree_1756": 2,
      "degree_1757": 2,
      "degree_1758": 2,
      "degree_1759": 2,
      "degree_1760": 2,
      "degree_1761": 2,
      "degree_1762": 2,
      "degree_1763": 2,
      "degree_1764": 2,
      "degree_1765": 2,
      "degree_1766": 2,
      "degree_1767": 2,
      "degree_1768": 2,
      "degree_1769": 2,
      "degree_1770": 2,
      "degree_1771": 1,
      "degree_1772": 1,
      "degree_1773": 1,
      "degree_1774": 1,
      "degree_1775": 1,
      "degree_1776": 0,
      "degree_1777": 0,
      "end": 1775,
      "gender": "male",
      "id": 40,
      "modularity": 2,
      "name": "Jacob  Graff",
      "race": "white",
      "start": 1750
    },
    {
      "between_1746": 0,
      "between_1747": 0,
      "between_1748": 0,
      "between_1749": 0,
      "between_1750": 0,
      "between_1751": 0,
      "between_1752": 0,
      "between_1753": 0,
      "between_1754": 0,
      "between_1755": 0,
      "between_1756": 0,
      "between_1757": 0,
      "between_1758": 0,
      "between_1759": 0,
      "between_1760": 0,
      "between_1761": 0,
      "between_1762": 0,
      "between_1763": 0,
      "between_1764": 0,
      "between_1765": 0,
      "between_1766": 0,
      "between_1767": 0,
      "between_1768": 0,
      "between_1769": 0,
      "between_1770": 0,
      "between_1771": 0,
      "between_1772": 0,
      "between_1773": 0,
      "between_1774": 0,
      "between_1775": 0,
      "between_1776": 0,
      "between_1777": 0,
      "betweenness": 0,
      "bridge": "false",
      "degree": 1,
      "degree_1746": 0,
      "degree_1747": 0,
      "degree_1748": 0,
      "degree_1749": 0,
      "degree_1750": 0,
      "degree_1751": 0,
      "degree_1752": 0,
      "degree_1753": 0,
      "degree_1754": 0,
      "degree_1755": 0,
      "degree_1756": 0,
      "degree_1757": 1,
      "degree_1758": 1,
      "degree_1759": 1,
      "degree_1760": 1,
      "degree_1761": 1,
      "degree_1762": 1,
      "degree_1763": 1,
      "degree_1764": 1,
      "degree_1765": 1,
      "degree_1766": 1,
      "degree_1767": 1,
      "degree_1768": 1,
      "degree_1769": 1,
      "degree_1770": 1,
      "degree_1771": 1,
      "degree_1772": 1,
      "degree_1773": 1,
      "degree_1774": 1,
      "degree_1775": 1,
      "degree_1776": 1,
      "degree_1777": 1,
      "end": 1777,
      "gender": "male",
      "id": 79,
      "modularity": 0,
      "name": "Christian  Neuman",
      "race": "white",
      "start": 1757
    },
    {
      "between_1746": 0,
      "between_1747": 0,
      "between_1748": 0,
      "between_1749": 0,
      "between_1750": 0,
      "between_1751": 0,
      "between_1752": 0,
      "between_1753": 0,
      "between_1754": 0,
      "between_1755": 0,
      "between_1756": 0,
      "between_1757": 0,
      "between_1758": 0,
      "between_1759": 0,
      "between_1760": 0,
      "between_1761": 0,
      "between_1762": 0,
      "between_1763": 0,
      "between_1764": 0,
      "between_1765": 0,
      "between_1766": 0,
      "between_1767": 0,
      "between_1768": 0,
      "between_1769": 0,
      "between_1770": 0,
      "between_1771": 0,
      "between_1772": 0,
      "between_1773": 0,
      "between_1774": 0,
      "between_1775": 0,
      "between_1776": 0,
      "between_1777": 0,
      "betweenness": 0,
      "bridge": "male_bridge",
      "degree": 2,
      "degree_1746": 0,
      "degree_1747": 0,
      "degree_1748": 1,
      "degree_1749": 1,
      "degree_1750": 2,
      "degree_1751": 2,
      "degree_1752": 2,
      "degree_1753": 2,
      "degree_1754": 2,
      "degree_1755": 2,
      "degree_1756": 2,
      "degree_1757": 2,
      "degree_1758": 2,
      "degree_1759": 2,
      "degree_1760": 2,
      "degree_1761": 2,
      "degree_1762": 2,
      "degree_1763": 2,
      "degree_1764": 2,
      "degree_1765": 2,
      "degree_1766": 2,
      "degree_1767": 2,
      "degree_1768": 2,
      "degree_1769": 1,
      "degree_1770": 1,
      "degree_1771": 0,
      "degree_1772": 0,
      "degree_1773": 0,
      "degree_1774": 0,
      "degree_1775": 0,
      "degree_1776": 0,
      "degree_1777": 0,
      "end": 1770,
      "gender": "male",
      "id": 22,
      "modularity": 2,
      "name": "Sebastian  Graff",
      "race": "white",
      "start": 1748
    }
  ]
}