id,name
0,Conrad  Kirschner
1,Anthoy  Erb
2,John  Graff
3,John Jacob Graff
4,John  Rausch
5,Magdalena  Rausch
6,Gabriel  Eisenberger
7,Eva  Eisenberg
8,Jacob  Leiby
9,Maria  Leiby
10,Henry  Mayer
11,Catharina  Adam
12,John  Kiehl
13,Lorentz  Bloss
14,Philip  Faust
15,Frederick Casimie Miller
16,Jacob  Wehry
17,Barbara  Wehry
18,Peter  Dunkelberger
19,Catharina  Dunkelberger
20,Jacob  Brandstetter
21,Mattheus  Alsbach
22,Sebastian  Graff
23,Phillipina  Faust
24,John  Schlieger
25,Anna Maria 119
26,Michael  Kelchner
27,Michael  Heninger
28,Reinhard  Alsbach
29,John Jacob Faust
30,Simon  Eisenberger
31,Wife Of Simon Eisenberger
32,Carl  Balmer
33,Anna Maria Bollender
34,George  Leiby
35,Andrew  Winters
36,Valentyn  Gerkhart
37,Anna Gertrude Baum
38,Jacob  Faust
39,Catharina  Leiby
40,Jacob  Graff
41,Emanuel  Berkhart
42,John Henry Mayer
43,Anna Christina Miller
44,Jacob  Gerhart
45,Elizabeth  Buss
46,John  Schedener
47,Christina  Schmidt
48,Frederick  Hauer
49,Nicholas  Warner
50,George  Kirschner
51,John  Schlinger
52,George William Rigel
53,Leonard  Koblinger
54,Jacob  Jeffry
55,Jacob  Bossert
56,John  Fraufelder
57,Philip  119
58,John Nicholas Roemer
59,John  Bron
60,John  Schermacher
61,Paulus  Rebliger
62,Maria Sara Buss
63,Michael  Mauser
64,Peter  Hag
65,John  Schmedener
66,Peter  Kartin
67,John Henry Bollender
68,Peter  Bill
69,Wife Of Peter Bill
70,Gabriel  Eisenberg
71,Henry  Kalbach
72,Ulrich  Wagener
73,Adam  Faust
74,Nicholas  Haff
75,Apollonia  Mayer
76,Philip  Leinhardt
77,Anna  Leinhardt
78,Conrad  Heninger
79,Christian  Neuman
80,John  Lescher
81,John  Dunckel
82,Rudolf  Bossert
83,Martin  Ebler
84,George  Bromer
85,Catharina  Bromer
86,Jacob  Dierich
87,Catharina  Dierich
88,Leonard  Seydel
89,Magdalena  Seydel
90,William  Bossler
91,Catharina  Bossler
92,John Adam Faust
93,Anna Louisa Faust
94,Michael  Lescher
95,Catharina  Lescher
96,George  Branner
97,Michael  Ley
98,Henry Adam Retter
99,Michael  Schmidt
100,John Michael Heninger
101,Henry  Back
102,Nicholas  Lien
103,Peter  Dunckel
104,Catharina  Dunckel
105,John  Reinhart
106,Magdalena  Reinhart
107,Jacob  Mayer
108,Elizabeth  Mayer
109,Maria Appolenia Mayer
110,Martin  Reple
111,Barbara  Reple
112,Jacob  Stein
113,Kiliaan  Dunckel
114,Maria Magdalene Dunckel
115,Jacob  Sidler
116,Catharina  Sidler
117,Henry  Christman
118,Anna  Christman
119,Martin  Ebly
120,Barbara  Ebly
121,Eva  Dunckel
122,William  Rigel
123,Adam  Closs
124,John  Blattner
125,John Nicholas Lien
126,Peter  Will
127,George  Rab
128,Dorothea  Rab
129,Jacob  Will
