id,name,gender
0,Conrad  Kirschner,male
1,Anthoy  Erb,unknown
2,John  Graff,male
3,John Jacob Graff,male
4,John  Rausch,male
5,Magdalena  Rausch,female
6,Gabriel  Eisenberger,male
7,Eva  Eisenberg,female
8,Jacob  Leiby,male
9,Maria  Leiby,female
10,Henry  Mayer,male
11,Catharina  Adam,female
12,John  Kiehl,male
13,Lorentz  Bloss,male
14,Philip  Faust,male
15,Frederick Casimie Miller,male
16,Jacob  Wehry,male
17,Barbara  Wehry,female
18,Peter  Dunkelberger,male
19,Catharina  Dunkelberger,female
20,Jacob  Brandstetter,male
21,Mattheus  Alsbach,unknown
22,Sebastian  Graff,male
23,Phillipina  Faust,unknown
24,John  Schlieger,male
25,Anna Maria 119,female
26,Michael  Kelchner,male
27,Michael  Heninger,male
28,Reinhard  Alsbach,male
29,John Jacob Faust,male
30,Simon  Eisenberger,male
31,Wife Of Simon Eisenberger,unknown
32,Carl  Balmer,male
33,Anna Maria Bollender,female
34,George  Leiby,male
35,Andrew  Winters,male
36,Valentyn  Gerkhart,male
37,Anna Gertrude Baum,female
38,Jacob  Faust,male
39,Catharina  Leiby,female
40,Jacob  Graff,male
41,Emanuel  Berkhart,male
42,John Henry Mayer,male
43,Anna Christina Miller,female
44,Jacob  Gerhart,male
45,Elizabeth  Buss,female
46,John  Schedener,male
47,Christina  Schmidt,female
48,Frederick  Hauer,male
49,Nicholas  Warner,male
50,George  Kirschner,male
51,John  Schlinger,male
52,George William Rigel,male
53,Leonard  Koblinger,male
54,Jacob  Jeffry,male
55,Jacob  Bossert,male
56,John  Fraufelder,male
57,Philip  119,male
58,John Nicholas Roemer,male
59,John  Bron,male
60,John  Schermacher,male
61,Paulus  Rebliger,male
62,Maria Sara Buss,female
63,Michael  Mauser,male
64,Peter  Hag,male
65,John  Schmedener,male
66,Peter  Kartin,male
67,John Henry Bollender,male
68,Peter  Bill,male
69,Wife Of Peter Bill,unknown
70,Gabriel  Eisenberg,male
71,Henry  Kalbach,male
72,Ulrich  Wagener,male
73,Adam  Faust,male
74,Nicholas  Haff,male
75,Apollonia  Mayer,female
76,Philip  Leinhardt,male
77,Anna  Leinhardt,female
78,Conrad  Heninger,male
79,Christian  Neuman,male
80,John  Lescher,male
81,John  Dunckel,male
82,Rudolf  Bossert,male
83,Martin  Ebler,male
84,George  Bromer,male
85,Catharina  Bromer,female
86,Jacob  Dierich,male
87,Catharina  Dierich,female
88,Leonard  Seydel,male
89,Magdalena  Seydel,female
90,William  Bossler,male
91,Catharina  Bossler,female
92,John Adam Faust,male
93,Anna Louisa Faust,female
94,Michael  Lescher,male
95,Catharina  Lescher,female
96,George  Branner,male
97,Michael  Ley,male
98,Henry Adam Retter,male
99,Michael  Schmidt,male
100,John Michael Heninger,male
101,Henry  Back,male
102,Nicholas  Lien,male
103,Peter  Dunckel,male
104,Catharina  Dunckel,female
105,John  Reinhart,male
106,Magdalena  Reinhart,female
107,Jacob  Mayer,male
108,Elizabeth  Mayer,female
109,Maria Appolenia Mayer,female
110,Martin  Reple,male
111,Barbara  Reple,female
112,Jacob  Stein,male
113,Kiliaan  Dunckel,unknown
114,Maria Magdalene Dunckel,female
115,Jacob  Sidler,male
116,Catharina  Sidler,female
117,Henry  Christman,male
118,Anna  Christman,female
119,Martin  Ebly,male
120,Barbara  Ebly,female
121,Eva  Dunckel,female
122,William  Rigel,male
123,Adam  Closs,male
124,John  Blattner,male
125,John Nicholas Lien,male
126,Peter  Will,male
127,George  Rab,male
128,Dorothea  Rab,female
129,Jacob  Will,male
